file_name,file_name.2,file_name.1,freq,if_univariate,size,length,trend,seasonal,stationary,transition,shifting,correlation
station_1001A.csv,,,,False,pcdcnet,70128,,,,,,
station_1002A.csv,,,,False,pcdcnet,70128,,,,,,
station_1003A.csv,,,,False,pcdcnet,70128,,,,,,
黔西南州册亨县巧马镇尾贤村平干组滑坡.csv,,,other,False,user,18640,,,,,,
黔西南州贞丰县小屯镇尾洒村下大山组滑坡.csv,,,other,False,user,966,,,,,,
黔西南州册亨县双江镇丁马村一二组1号滑坡.csv,,,other,False,user,1137,,,,,,
毕节市大方县黄泥乡龙塘村桥边组夹岩滑坡.csv,,,other,False,user,966,,,,,,
黔东南州丹寨县扬武镇龙塘村四组龙塘大寨滑坡.csv,,,other,False,user,14593,,,,,,
黔东南州剑河县磻溪镇谢寨村8组滑坡.csv,,,other,False,user,1403,,,,,,
黔西南州兴仁市下山镇民族村典母组滑坡.csv,,,other,False,user,966,,,,,,
黔西南州册亨县巧马镇巧马村平庆上、下组滑坡.csv,,,other,False,user,1549,,,,,,
黔南州独山县基长镇江寨村楼梯寨组楼梯寨滑坡.csv,,,other,False,user,1408,,,,,,
黔西南州普安县高棉乡地泗村舒家寨组舒家寨滑坡.csv,,,other,False,user,966,,,,,,
毕节市纳雍县董地乡联合村大坡上组大坡上滑坡.csv,,,other,False,user,1096,,,,,,
黔西南州贞丰县白层镇坡们村坡们组坡们滑坡.csv,,,other,False,user,18576,,,,,,
毕节市赫章县白果街道新田村上寨组滑坡.csv,,,other,False,user,8191,,,,,,
毕节市大方县黄泥塘镇背座村台等组滑坡.csv,,,other,False,user,558,,,,,,
黔西南州兴义市雄武乡盘江村丫路组滑坡.csv,,,other,False,user,18576,,,,,,
黔西南州册亨县巧马镇纳贤村尾令组滑坡.csv,,,other,False,user,18640,,,,,,
黔南州惠水县雅水镇播潭村小岩脚组小岩脚滑坡.csv,,,other,False,user,1358,,,,,,
六盘水市盘州市鸡场坪镇龙脖子村8组泥木嘎（待核销）滑坡.csv,,,other,False,user,1343,,,,,,
遵义市播州区鸭溪镇堰坎村共心组滑坡.csv,,,other,False,user,18576,,,,,,
贵阳市修文县六桶镇海马孔村下寨组锈水田滑坡.csv,,,other,False,user,18639,,,,,,
毕节市七星关区亮岩镇三里田村潘家寨组滑坡.csv,,,other,False,user,966,,,,,,
遵义市习水县大坡镇建筑村迎丰组赵长井滑坡.csv,,,other,False,user,966,,,,,,
遵义市习水县习酒镇坪头村柑子坪组柑子坪滑坡.csv,,,other,False,user,9288,,,,,,
黔东南州雷山县望丰乡五星村大寨组滑坡.csv,,,other,False,user,966,,,,,,
黔南州福泉市凤山镇竹王城村半坡组肖家湾滑坡.csv,,,other,False,user,18640,,,,,,
六盘水市盘州市羊场乡赶场村小化家庄组滑坡.csv,,,other,False,user,1369,,,,,,
六盘水市六枝特区牂牁镇扁朝村阿哈组滑坡.csv,,,other,False,user,1369,,,,,,
铜仁市石阡县泉都街道银丰村枫香林组滑坡.csv,,,other,False,user,1548,,,,,,
贵阳市开阳县南江乡毛家院村卢家湾组滑坡.csv,,,other,False,user,18639,,,,,,
贵阳市开阳县龙水乡和坪村侵阳坡组滑坡.csv,,,other,False,user,18639,,,,,,
遵义市道真县隆兴镇联兴村桐里元组桐里元滑坡.csv,,,other,False,user,16418,,,,,,
铜仁市江口县坝盘镇张屯村小潭组滑坡.csv,,,other,False,user,18577,,,,,,
遵义市习水县仙源镇大獐村大坪组大坪滑坡.csv,,,other,False,user,18576,,,,,,
黔东南州锦屏县偶里乡云照村一组滑坡.csv,,,other,False,user,14595,,,,,,
黔东南州镇远县羊场镇天池村高家湾组滑坡.csv,,,other,False,user,1401,,,,,,
遵义市仁怀市茅台镇卢荣坝村三合头组（已核销）滑坡.csv,,,other,False,user,966,,,,,,
黔西南州安龙县笃山镇云上村云上组滑坡.csv,,,other,False,user,966,,,,,,
黔东南州锦屏县三江镇卦治村三组龙瑞光屋后滑坡.csv,,,other,False,user,966,,,,,,
遵义市习水县土城镇青杠坡村黎明组岩湾滑坡.csv,,,other,False,user,1111,,,,,,
遵义市习水县大坡镇黄河坝村桂花组大石板滑坡.csv,,,other,False,user,18576,,,,,,
铜仁市石阡县坪地场乡凯余村漆树田组滑坡.csv,,,other,False,user,966,,,,,,
毕节市大方县果瓦乡五星村松明组滑坡.csv,,,other,False,user,16098,,,,,,
毕节市织金县牛场镇井沙村后冲组滑坡.csv,,,other,False,user,1234,,,,,,
毕节市纳雍县沙包镇包包寨村10.11.12组小田坝滑坡.csv,,,other,False,user,1234,,,,,,
毕节市纳雍县骔岭镇河坝社区箐门口组1号滑坡.csv,,,other,False,user,1338,,,,,,
铜仁市德江县复兴镇土井村大池组滑坡.csv,,,other,False,user,966,,,,,,
遵义市习水县二里镇井坝村小岗组小岗滑坡.csv,,,other,False,user,18576,,,,,,
黔西南州贞丰县小屯镇集贤村上半坡组上半坡滑坡.csv,,,other,True,user,1548,,,,,,
毕节市大方县果瓦乡庆阳村同心组滑坡.csv,,,other,False,user,966,,,,,,
铜仁市万山区谢桥街道瓦屋坪村六必冲组滑坡.csv,,,other,False,user,18577,,,,,,
黔东南州台江县老屯乡皆洼村1、2组滑坡.csv,,,other,False,user,966,,,,,,
黔西南州望谟县乐元镇弄寒村里乐组1滑坡.csv,,,other,False,user,966,,,,,,
黔东南州丹寨县南皋乡大寨村五组滑坡.csv,,,other,True,user,14593,,,,,,
黔东南州丹寨县南皋乡乌皋村三组滑坡.csv,,,other,False,user,1400,,,,,,
毕节市纳雍县百兴镇坐窝底村中寨组、箐脚组中寨、箐脚滑坡.csv,,,other,False,user,16048,,,,,,
遵义市绥阳县太白镇富裕村中新组滑坡.csv,,,other,True,user,1337,,,,,,
安顺市普定县猴场乡大地村大地组滑坡.csv,,,other,False,user,966,,,,,,
黔西南州普安县楼下镇偏坡村炼山组炼山滑坡.csv,,,other,False,user,1355,,,,,,
黔东南州雷山县望丰乡望丰村望丰堡组望丰小学滑坡.csv,,,other,False,user,1162,,,,,,
毕节市织金县白泥镇白泥村兴发组滑坡.csv,,,other,False,user,16095,,,,,,
黔东南州黄平县新州镇良田村老虎坳组滑坡.csv,,,other,False,user,966,,,,,,
遵义市习水县二郎镇二郎村街道组慈竹堂滑坡.csv,,,other,False,user,16507,,,,,,
遵义市习水县官店镇三星村复兴组坟林杠滑坡.csv,,,other,False,user,1338,,,,,,
遵义市习水县大坡镇小罗村柿坪组滑坡.csv,,,other,False,user,18576,,,,,,
毕节市大方县小屯乡滑石村园丰组滑坡.csv,,,other,False,user,563,,,,,,
铜仁市石阡县聚凤乡高原村茶园组滑坡.csv,,,other,False,user,18577,,,,,,
毕节市威宁县东风镇元木村二组咪发块滑坡.csv,,,other,False,user,18576,,,,,,
黔东南州台江县革一镇排生村1、2、3、4 组排生小学（旧）滑坡.csv,,,other,False,user,966,,,,,,
六盘水市盘州市柏果镇迭脉居委会1-4组滑坡.csv,,,other,False,user,1369,,,,,,
毕节市织金县绮陌街道中营村桦槁林组滑坡.csv,,,other,False,user,966,,,,,,
遵义市汇川区山盆镇太坪村青杠湾组（0815风险斜坡）滑坡.csv,,,other,False,user,954,,,,,,
铜仁市万山区黄道乡锁溪村中黄茶组桐木山滑坡.csv,,,other,False,user,18574,,,,,,
黔南州长顺县长寨街道牛坡村牛坡组滑坡.csv,,,other,False,user,1376,,,,,,
铜仁市思南县青杠坡镇陇水村罗家坡组罗家坡滑坡.csv,,,other,False,user,966,,,,,,
黔西南州普安县白沙乡铁厂村上、下铁厂组上、下铁厂滑坡.csv,,,other,False,user,966,,,,,,
黔西南州贞丰县挽澜镇店子村红稗坝组滑坡.csv,,,other,False,user,18576,,,,,,
黔西南州兴义市捧乍镇小寨村项家沟组寨子后山滑坡.csv,,,other,False,user,18576,,,,,,
毕节市威宁县金钟镇明新村水塘组石街上河边滑坡.csv,,,other,False,user,18575,,,,,,
贵阳市清镇市新店镇方家寨村石灰窑组滑坡.csv,,,other,False,user,966,,,,,,
铜仁市松桃县平头镇平大村二组滑坡.csv,,,other,True,user,1210,,,,,,
黔东南州台江县排羊乡九摆村1、2组滑坡.csv,,,other,True,user,1401,,,,,,
六盘水市六枝特区岩脚镇联合村郭家中寨组郭家中寨滑坡.csv,,,other,False,user,20850,,,,,,
毕节市大方县双山镇法书村五组滑坡.csv,,,other,False,user,18576,,,,,,
遵义市仁怀市茅坝镇黎民村曹家沟组曹家沟1号点滑坡.csv,,,other,False,user,1217,,,,,,
黔东南州雷山县丹江镇脚猛村二、九、十组滑坡.csv,,,other,False,user,14592,,,,,,
遵义市习水县永安镇楠木村岩下组岩下滑坡.csv,,,other,False,user,966,,,,,,
黔西南州兴义市白碗窑镇普哈村黑箐脚组黑箐脚滑坡.csv,,,other,False,user,18576,,,,,,
黔西南州晴隆县沙子镇沙子村二组王汉庄滑坡.csv,,,other,False,user,1354,,,,,,
六盘水市六枝特区月亮河彝族布依族苗族乡补雨村沙坝四组滑坡.csv,,,other,False,user,1358,,,,,,
黔东南州雷山县大塘镇小河村小河沟组滑坡.csv,,,other,False,user,966,,,,,,
铜仁市德江县长堡镇绿化村新房子下组滑坡.csv,,,other,False,user,966,,,,,,
黔东南州榕江县平江镇怀来村故郎组滑坡.csv,,,other,False,user,1400,,,,,,
六盘水市盘州市丹霞镇赵官屯村18组杨家湾滑坡.csv,,,other,False,user,18576,,,,,,
遵义市绥阳县温泉镇温泉村闷塘窝组滑坡.csv,,,other,False,user,1367,,,,,,
六盘水市盘州市竹海镇石门村1组汤家寨滑坡.csv,,,other,False,user,20633,,,,,,
遵义市习水县醒民镇自力村十、十一组中埂上滑坡.csv,,,other,False,user,18576,,,,,,
黔南州贵定县昌明镇良田村毛栗树组滑坡.csv,,,other,False,user,18576,,,,,,
黔东南州丹寨县扬武镇龙塘村二组干立滑坡.csv,,,other,False,user,14593,,,,,,
贵阳市修文县六桶镇关寨村老白头组滑坡.csv,,,other,False,user,18639,,,,,,
黔南州三都县都江镇来术村四组滑坡.csv,,,other,False,user,14593,,,,,,
毕节市黔西市素朴镇古胜村平井五组新寨厂滑坡.csv,,,other,False,user,1420,,,,,,
黔东南州剑河县柳川镇南埃村3、4组干拿滑坡.csv,,,other,False,user,966,,,,,,
铜仁市玉屏县朱家场镇柴冲村韦子组韦子滑坡.csv,,,other,True,user,697,,,,,,
毕节市威宁县金钟镇独乍村中心组李家包包滑坡.csv,,,other,False,user,18576,,,,,,
遵义市习水县习酒镇新园村杠中岩组杠中岩滑坡.csv,,,other,False,user,18576,,,,,,
六盘水市水城区花戛乡花水村猛丈组滑坡.csv,,,other,False,user,18576,,,,,,
毕节市黔西市新仁乡田坝村水塘组滑坡.csv,,,other,False,user,1212,,,,,,
六盘水市钟山区大河镇裕民村八组燕子岩隧道滑坡.csv,,,other,False,user,20716,,,,,,
毕节市黔西市中坪镇建设社区杨家寨组杨家寨滑坡.csv,,,other,False,user,8048,,,,,,
黔东南州丹寨县扬武镇争光村二组马颈拗滑坡.csv,,,other,False,user,14593,,,,,,
遵义市习水县官店镇民建村前进组大土坪滑坡.csv,,,other,False,user,14442,,,,,,
铜仁市松桃县盘石镇响水洞村一二组桃树湾滑坡.csv,,,other,False,user,18577,,,,,,
黔南州福泉市牛场镇水源村杨家屯组杨家屯滑坡.csv,,,other,False,user,966,,,,,,
黔东南州雷山县大塘镇桃江村田坝寨组滑坡.csv,,,other,False,user,1403,,,,,,
黔西南州兴义市仓更镇下寨村未理湾组滑坡.csv,,,other,False,user,18576,,,,,,
六盘水市盘州市柏果镇团结村4组滑坡.csv,,,other,True,user,18576,,,,,,
铜仁市思南县香坝镇南坝村小沟组小沟滑坡.csv,,,other,False,user,966,,,,,,
六盘水市盘州市鸡场坪镇白龙洞村2组余家沟滑坡.csv,,,other,False,user,20777,,,,,,
黔东南州丹寨县扬武镇宰沙村一组杨明彪（待撤销与DZ87合并）滑坡.csv,,,other,False,user,14592,,,,,,
六盘水市盘州市英武镇上午取村5组周志美家背后滑坡.csv,,,other,False,user,1340,,,,,,
黔东南州台江县台拱街道小红寨村2组滑坡.csv,,,other,False,user,1401,,,,,,
遵义市习水县三岔河镇天水池村农庄组田坎上滑坡.csv,,,other,False,user,16418,,,,,,
毕节市黔西市林泉镇清塘村七组林角湾子滑坡.csv,,,other,False,user,966,,,,,,
铜仁市印江县沙子坡镇凉水村当门沟组滑坡.csv,,,other,False,user,1210,,,,,,
黔西南州普安县盘水街道大榜村张家下寨组张家下寨滑坡.csv,,,other,False,user,1171,,,,,,
黔南州瓮安县永和镇垛丁村大院子组滑坡.csv,,,other,False,user,18576,,,,,,
黔南州福泉市凤山镇竹王城村龙洞组猫耳寨滑坡.csv,,,other,False,user,18640,,,,,,
黔西南州贞丰县白层镇这内村喜鹅小寨组滑坡.csv,,,other,False,user,966,,,,,,
铜仁市万山区敖寨乡两河口村枧溪组滑坡.csv,,,other,False,user,1212,,,,,,
黔东南州天柱县白市镇民建村家祠二组潘家屋背滑坡.csv,,,other,False,user,14595,,,,,,
黔东南州黄平县翁坪乡永旺村白沙井组滑坡.csv,,,other,False,user,966,,,,,,
黔东南州台江县方召镇黄毛村5组滑坡.csv,,,other,False,user,14595,,,,,,
毕节市黔西市中坪镇证明村风青龙组滑坡.csv,,,other,False,user,7850,,,,,,
毕节市纳雍县姑开乡姑开社区官寨组滑坡.csv,,,other,False,user,966,,,,,,
遵义市桐梓县高桥镇兴隆村石桥沟组岩底下滑坡.csv,,,other,False,user,18576,,,,,,
六盘水市盘州市鸡场坪镇大梨树村7、8组滑坡.csv,,,other,False,user,1358,,,,,,
毕节市威宁县海拉镇花果村半箐组刘家沟滑坡.csv,,,other,False,user,18576,,,,,,
铜仁市石阡县中坝街道太坪村小长坡组滑坡.csv,,,other,True,user,18576,,,,,,
黔西南州普安县新店镇花月村干巴田组干巴田滑坡.csv,,,other,False,user,966,,,,,,
毕节市纳雍县骔岭镇骔岭社区岭岗组、小寨组滑坡.csv,,,other,False,user,1234,,,,,,
黔东南州镇远县大地乡河坝村石堆窝组滑坡.csv,,,other,False,user,966,,,,,,
遵义市习水县土城镇九龙囤村一组大屋基滑坡.csv,,,other,False,user,18576,,,,,,
黔东南州天柱县高酿镇春花村三组滑坡.csv,,,other,False,user,1403,,,,,,
遵义市习水县马临街道尚华村三组集镇后山滑坡.csv,,,other,True,user,18576,,,,,,
遵义市习水县仙源镇大石村太平组太平滑坡.csv,,,other,False,user,18576,,,,,,
黔东南州凯里市舟溪镇舟溪村两岔组滑坡.csv,,,other,False,user,1400,,,,,,
毕节市七星关区生机镇耿官村大坡组大坡滑坡滑坡.csv,,,other,False,user,16096,,,,,,
六盘水市盘州市乌蒙镇糯迤安村沟头组(待核销)滑坡.csv,,,other,False,user,20742,,,,,,
毕节市织金县金凤街道田坝村箐脚组2号滑坡.csv,,,other,False,user,1403,,,,,,
贵阳市开阳县禾丰乡典寨村杨方寨组滑坡.csv,,,other,False,user,18640,,,,,,
遵义市习水县双龙乡杨寺岩村杨寺岩组滑坡.csv,,,other,False,user,1270,,,,,,
黔南州福泉市凤山镇竹王城村棉花土组响水河滑坡.csv,,,other,True,user,1548,,,,,,
毕节市黔西市谷里镇小街村桥边组滑坡.csv,,,other,False,user,1210,,,,,,
毕节市织金县三甲街道大街村后冲组滑坡.csv,,,other,False,user,1234,,,,,,
铜仁市沿河县沙子街道偏岩仟村柿子组滑坡.csv,,,other,False,user,966,,,,,,
遵义市道真县阳溪镇阳溪村大屋基组大屋基滑坡.csv,,,other,False,user,1339,,,,,,
遵义市桐梓县小水乡石场村石坝组新田.滑坡.csv,,,other,True,user,1339,,,,,,
六盘水市盘州市鸡场坪镇垤坞居委会7组半坡滑坡.csv,,,other,False,user,1729,,,,,,
六盘水市水城区都格镇黄泥村阿巩组滑坡.csv,,,other,False,user,20714,,,,,,
铜仁市思南县文家店镇青龙村朝阳寺组朝阳寺滑坡.csv,,,other,False,user,966,,,,,,
黔西南州贞丰县挽澜镇窑上村大石堡组大石堡滑坡.csv,,,other,False,user,1198,,,,,,
毕节市七星关区鸭池镇小寨村六组滑坡.csv,,,other,False,user,1234,,,,,,
遵义市习水县土城镇黔沿村三组高坎子滑坡.csv,,,other,False,user,18576,,,,,,
毕节市七星关区燕子口镇雄峰村廖家山组滑坡.csv,,,other,False,user,1234,,,,,,
贵阳市修文县大石乡大屯村一二三组滑坡.csv,,,other,False,user,18639,,,,,,
毕节市威宁县金钟镇寨营村龙口组龙口滑坡.csv,,,other,True,user,1400,,,,,,
毕节市七星关区层台镇幸福村雷家坡组滑坡.csv,,,other,False,user,1070,,,,,,
毕节市织金县熊家场镇干河村干河组陈家冲张家背后滑坡.csv,,,other,False,user,566,,,,,,
遵义市汇川区山盆镇新华村镇湾组滑坡.csv,,,other,False,user,2404,,,,,,
六盘水市水城区勺米镇梭沙村蒋家寨组滑坡.csv,,,other,False,user,18576,,,,,,
铜仁市松桃县甘龙镇友杠村水井湾组滑坡.csv,,,other,False,user,1211,,,,,,
黔西南州晴隆县碧痕镇新庄村新寨组新寨滑坡.csv,,,other,False,user,966,,,,,,
六盘水市水城区新街乡新街村大坪子组滑坡.csv,,,other,False,user,1349,,,,,,
安顺市平坝区十字乡摆捞村黄泥田组滑坡.csv,,,other,False,user,14337,,,,,,
黔东南州剑河县柳川镇革东村一、二组滑坡.csv,,,other,False,user,18620,,,,,,
遵义市播州区泮水镇中坪村大树子组滑坡.csv,,,other,False,user,18575,,,,,,
黔东南州天柱县竹林镇南头村七组凸云头滑坡.csv,,,other,False,user,966,,,,,,
毕节市七星关区杨家湾镇照壁村四组杨家院子滑坡.csv,,,other,False,user,18576,,,,,,
遵义市余庆县白泥镇哨溪村高寨组滑坡.csv,,,other,False,user,18640,,,,,,
六盘水市钟山区大湾镇腊寨村八组高家岩脚滑坡.csv,,,other,False,user,20834,,,,,,
遵义市习水县大坡镇黄河坝村田坝组月亮丘滑坡.csv,,,other,False,user,1346,,,,,,
遵义市湄潭县湄江街道观音村前进组枫香湾滑坡.csv,,,other,False,user,955,,,,,,
黔西南州册亨县丫他镇八窝村打沙组滑坡.csv,,,other,False,user,18640,,,,,,
遵义市仁怀市茅台镇大同村大屋基村民组滑坡.csv,,,other,False,user,1339,,,,,,
黔西南州贞丰县龙兴街道平坝村岩脚组滑坡.csv,,,other,False,user,1548,,,,,,
黔南州贵定县盘江镇长江村甲苏宝中寨组甲苏宝中寨滑坡.csv,,,other,False,user,18640,,,,,,
六盘水市盘州市双凤镇鄢家庄村15.16组（核桃岩）滑坡.csv,,,other,False,user,966,,,,,,
黔东南州凯里市凯棠镇养小村一组滑坡.csv,,,other,False,user,1403,,,,,,
铜仁市德江县复兴镇楠木村大龙洞组消河水滑坡.csv,,,other,False,user,966,,,,,,
黔东南州镇远县报京乡屯上村下组滑坡.csv,,,other,False,user,1401,,,,,,
铜仁市思南县三道水土家族苗族乡永兴村梅子坡组梅子坡滑坡.csv,,,other,False,user,1210,,,,,,
六盘水市水城区玉舍镇玉舍居委会营松组铜厂滑坡.csv,,,other,False,user,9288,,,,,,
铜仁市思南县合朋溪镇王家沟村卡子门组卡子门滑坡.csv,,,other,False,user,1210,,,,,,
毕节市七星关区燕子口镇雄峰村瓦房组长地头滑坡.csv,,,other,False,user,1234,,,,,,
铜仁市思南县思林土家族苗族乡合联村张家岩组张家岩滑坡.csv,,,other,False,user,966,,,,,,
铜仁市思南县文家店镇红旗村香炉田组香炉田滑坡.csv,,,other,False,user,18576,,,,,,
黔东南州丹寨县排调镇羊告村四组羊先寨滑坡.csv,,,other,False,user,14595,,,,,,
铜仁市思南县关中坝街道团山村林家寨组林家寨滑坡.csv,,,other,False,user,18574,,,,,,
遵义市仁怀市美酒河镇娄子坳村陈家沟组滑坡.csv,,,other,False,user,18576,,,,,,
黔西南州晴隆县鸡场镇杨柳村杨柳下组杨柳老寨滑坡.csv,,,other,False,user,18640,,,,,,
毕节市纳雍县骔岭镇小屯社区麻窝组滑坡.csv,,,other,False,user,1428,,,,,,
铜仁市沿河县夹石镇旧乡村五组滑坡.csv,,,other,False,user,966,,,,,,
黔东南州丹寨县南皋乡石桥村石桥组南皋至石桥公路滑坡.csv,,,other,False,user,18576,,,,,,
黔西南州兴仁市潘家庄镇鸡场坪村韦家寨组滑坡.csv,,,other,False,user,966,,,,,,
贵阳市开阳县龙水乡花山村矮子寨组滑坡.csv,,,other,False,user,18541,,,,,,
遵义市绥阳县旺草镇小河口村元山组滑坡.csv,,,other,False,user,1367,,,,,,
遵义市习水县仙源镇小獐村天成组天成滑坡.csv,,,other,False,user,18576,,,,,,
遵义市正安县碧峰镇青定村新屋坪组大洞沟滑坡.csv,,,other,False,user,18640,,,,,,
遵义市仁怀市茅台镇元木岩村元木岩组滑坡.csv,,,other,False,user,1338,,,,,,
铜仁市印江县峨岭街道同心村天窝组滑坡.csv,,,other,False,user,1189,,,,,,
黔西南州晴隆县碧痕镇新庄村兴中组水碓河滑坡.csv,,,other,False,user,18640,,,,,,
黔西南州贞丰县鲁贡镇林桃村3组林桃滑坡.csv,,,other,False,user,1402,,,,,,
毕节市黔西市素朴镇索风村大坪二三组高家岩脚滑坡.csv,,,other,False,user,20834,,,,,,
遵义市习水县土城镇团结社区铁炉沟组铁炉沟滑坡.csv,,,other,False,user,18576,,,,,,
黔东南州黄平县新州镇中心村一组滑坡.csv,,,other,False,user,18640,,,,,,
黔南州瓮安县建中镇高坪村老寨子组滑坡.csv,,,other,False,user,17467,,,,,,
黔东南州黄平县野洞河镇茶山村大院组滑坡.csv,,,other,False,user,966,,,,,,
安顺市紫云县四大寨乡纳容村塘边组塘边滑坡.csv,,,other,False,user,18639,,,,,,
毕节市大方县对江镇大山村金家沟组王家寨滑坡.csv,,,other,False,user,18576,,,,,,
遵义市务川县泥高镇高炉村柏果组滑坡.csv,,,other,False,user,1548,,,,,,
遵义市汇川区山盆镇剑坝村三组滑坡.csv,,,other,False,user,8085,,,,,,
黔西南州兴仁市潘家庄镇粑铺村金竹林组滑坡.csv,,,other,False,user,966,,,,,,
遵义市赤水市长期镇红卫村二组绿草坝（待核销）滑坡.csv,,,other,False,user,18576,,,,,,
六盘水市水城区米箩镇草果村偏坡组滑坡.csv,,,other,False,user,18576,,,,,,
黔西南州兴义市乌沙镇普梯村革居组革居滑坡.csv,,,other,False,user,18576,,,,,,
遵义市仁怀市茅坝镇飞龙村碾厂湾组滑坡.csv,,,other,False,user,7850,,,,,,
毕节市威宁县金钟镇文昌村新田组龙头山滑坡.csv,,,other,False,user,1416,,,,,,
六盘水市六枝特区龙河镇红旗村茶坡组滑坡.csv,,,other,False,user,1369,,,,,,
毕节市织金县以那镇林家寨村周家寨组滑坡.csv,,,other,False,user,18576,,,,,,
六盘水市水城区顺场乡法德村中心、富荣组滑坡.csv,,,other,False,user,9290,,,,,,
毕节市织金县金凤街道鱼塘村烂坝组滑坡.csv,,,other,False,user,966,,,,,,
黔西南州兴仁市新龙场镇民裕村方寨组滑坡.csv,,,other,False,user,18576,,,,,,
六盘水市水城区蟠龙镇院坝村金龙七组花地坡滑坡.csv,,,other,False,user,1369,,,,,,
遵义市红花岗区三渡镇罗庄村大水井组滑坡.csv,,,other,False,user,1210,,,,,,
六盘水市水城区猴场乡打把村十四组、十五组滑坡.csv,,,other,False,user,1343,,,,,,
铜仁市碧江区坝黄镇白果村半坡组滑坡.csv,,,other,False,user,1210,,,,,,
黔东南州岑巩县平庄镇观音冲村观音冲组观音冲滑坡.csv,,,other,False,user,966,,,,,,
遵义市道真县隆兴镇三龙村金竹湾组金竹湾滑坡.csv,,,other,False,user,16422,,,,,,
铜仁市思南县三道水土家族苗族乡三河社区孟家湾组孟家湾滑坡.csv,,,other,False,user,1210,,,,,,
黔西南州册亨县八渡镇伟东村伟林组滑坡.csv,,,other,False,user,18640,,,,,,
遵义市习水县回龙镇九龙村青杠林组青杠林滑坡.csv,,,other,False,user,18576,,,,,,
六盘水市水城区发耳镇新光村老屋基组滑坡.csv,,,other,False,user,1361,,,,,,
黔东南州黄平县谷陇镇鱼良村1、2、3、4组滑坡.csv,,,other,False,user,966,,,,,,
六盘水市钟山区金盆乡麻窝村岔河组米嘎寨滑坡.csv,,,other,False,user,1338,,,,,,
黔东南州镇远县涌溪乡芽溪村田坝三组滑坡.csv,,,other,False,user,966,,,,,,
遵义市余庆县关兴镇狮山村高碑组（新）滑坡.csv,,,other,False,user,16416,,,,,,
六盘水市盘州市柏果镇烂泥沟村3组滑坡.csv,,,other,False,user,1360,,,,,,
遵义市习水县三岔河镇天水池村天水池组大土头滑坡.csv,,,other,False,user,16418,,,,,,
黔东南州剑河县南寨镇绕号村大寨组滑坡.csv,,,other,False,user,1401,,,,,,
黔东南州从江县西山镇卡翁村卡架寨滑坡.csv,,,other,False,user,18576,,,,,,
六盘水市水城区阿戛镇阿戛居委会营脚组滑坡.csv,,,other,False,user,966,,,,,,
黔东南州榕江县兴华乡摆贝村寨头组滑坡.csv,,,other,False,user,7924,,,,,,
黔南州贵定县金南街道胜利村仰巫组滑坡.csv,,,other,False,user,705,,,,,,
黔西南州晴隆县中营镇新民村新民组新民滑坡.csv,,,other,False,user,966,,,,,,
黔东南州黎平县水口镇东郎村二组东郎小学滑坡.csv,,,other,False,user,966,,,,,,
遵义市新蒲新区三渡镇水洋村芭蕉塘组滑坡.csv,,,other,False,user,1367,,,,,,
遵义市习水县仙源镇大石村岔口组小堡滑坡.csv,,,other,False,user,1343,,,,,,
六盘水市水城区勺米镇梭沙村岩上组滑坡.csv,,,other,False,user,18576,,,,,,
毕节市大方县鼎新乡黑泥村偏坡组小岩口滑坡.csv,,,other,True,user,18576,,,,,,
黔东南州黄平县翁坪乡王家牌村潘家4组滑坡.csv,,,other,False,user,14595,,,,,,
安顺市普定县猫洞乡双坝村地坝组双坝滑坡.csv,,,other,False,user,18576,,,,,,
黔西南州晴隆县安谷乡四合村打坝河组打坝河滑坡.csv,,,other,False,user,1333,,,,,,
铜仁市万山区敖寨乡两河口村廖家组2#滑坡.csv,,,other,False,user,1212,,,,,,
毕节市七星关区燕子口镇雄峰村丫口组滑坡.csv,,,other,False,user,1234,,,,,,
毕节市威宁县金钟镇新营村炭山组刘家花墙滑坡.csv,,,other,False,user,18576,,,,,,
遵义市习水县坭坝乡飞龙山村一组方家河滑坡.csv,,,other,False,user,1111,,,,,,
黔东南州从江县加鸠镇加翁村七组滑坡.csv,,,other,False,user,1401,,,,,,
铜仁市玉屏县皂角坪街道铁家溪村苦李坳组滑坡.csv,,,other,False,user,966,,,,,,
遵义市习水县民化镇长春村火石土组坟湾滑坡.csv,,,other,False,user,1344,,,,,,
黔东南州雷山县方祥乡格头村格头组滑坡.csv,,,other,False,user,966,,,,,,
遵义市正安县桴焉镇五汇村大沟组茅草房滑坡.csv,,,other,False,user,18576,,,,,,
遵义市习水县坭坝乡大河沟村一组新瓦房滑坡.csv,,,other,False,user,1432,,,,,,
黔西南州望谟县边饶镇喜座村纳沙组滑坡.csv,,,other,False,user,1376,,,,,,
铜仁市玉屏县新店镇大湾村团田组滑坡.csv,,,other,False,user,1212,,,,,,
黔西南州普安县盘水街道高兴村吴家岩组吴家岩滑坡.csv,,,other,False,user,18576,,,,,,
遵义市绥阳县小关乡青杠林村沟以头组滑坡.csv,,,other,True,user,4786,,,,,,
遵义市赤水市长期镇长期村小河组滑坡.csv,,,other,False,user,966,,,,,,
黔南州瓮安县猴场镇石板坪村烧炭坪组烧炭坪滑坡.csv,,,other,False,user,18640,,,,,,
六盘水市盘州市刘官街道瞿家庄村6.7.8组（箐脚）滑坡.csv,,,other,False,user,966,,,,,,
毕节市纳雍县百兴镇老街社区小箐口组小箐口滑坡.csv,,,other,False,user,18576,,,,,,
铜仁市思南县塘头镇白鱼村宋家岭组宋家岭滑坡.csv,,,other,False,user,1210,,,,,,
毕节市纳雍县水东镇松树坝村大田组煤厂坡滑坡.csv,,,other,False,user,16096,,,,,,
安顺市紫云县白石岩乡白石岩村新院组滑坡.csv,,,other,False,user,18640,,,,,,
遵义市仁怀市九仓镇仁和村桥上组岩脚滑坡.csv,,,other,False,user,946,,,,,,
铜仁市思南县天桥乡梧桐村罗家沟组罗家沟滑坡.csv,,,other,False,user,1210,,,,,,
黔西南州册亨县八渡镇乃言村伟江组滑坡.csv,,,other,False,user,1376,,,,,,
黔西南州兴义市泥凼镇石山村龙滩组滑坡.csv,,,other,False,user,966,,,,,,
六盘水市盘州市两河街道吴官村17组张官冲滑坡.csv,,,other,False,user,1339,,,,,,
遵义市播州区乐山镇新华村下寨组滑坡.csv,,,other,False,user,8191,,,,,,
遵义市道真县隆兴镇三龙村香树坪组香树坪滑坡.csv,,,other,False,user,16418,,,,,,
黔东南州台江县南宫镇拥党村6组滑坡.csv,,,other,False,user,14595,,,,,,
黔西南州兴仁市新龙场镇冬瓜林村火麻冲组滑坡.csv,,,other,False,user,18576,,,,,,
黔南州贵定县新巴镇谷兵村德赫组滑坡.csv,,,other,False,user,18576,,,,,,
铜仁市印江县罗场乡青河村坪塘组坪塘滑坡.csv,,,other,False,user,18577,,,,,,
黔东南州凯里市舟溪镇青山村四组滑坡.csv,,,other,False,user,16095,,,,,,
铜仁市沿河县客田镇客田村马家组上寨滑坡.csv,,,other,False,user,18577,,,,,,
六盘水市盘州市柏果镇深沟村3、4组大黄沙坡滑坡.csv,,,other,False,user,18576,,,,,,
黔西南州晴隆县茶马镇董箐村一、二、三组滑坡.csv,,,other,False,user,18632,,,,,,
六盘水市六枝特区落别乡马头村二组滑坡.csv,,,other,False,user,18640,,,,,,
毕节市黔西市观音洞镇新合村七、八组滑坡.csv,,,other,False,user,16096,,,,,,
贵阳市开阳县禾丰乡马头村马头寨组滑坡.csv,,,other,False,user,18640,,,,,,
毕节市织金县熊家场镇屯口村河边组滑坡.csv,,,other,False,user,16096,,,,,,
遵义市赤水市长沙镇笃睦村一组松树坝滑坡.csv,,,other,False,user,16422,,,,,,
铜仁市碧江区坝黄镇竹田村岩门组黄家地滑坡.csv,,,other,False,user,1548,,,,,,
铜仁市万山区下溪乡瓦田村麦禾溪组滑坡.csv,,,other,False,user,966,,,,,,
铜仁市思南县兴隆乡马中岭村上马中岭组许家滑坡.csv,,,other,False,user,966,,,,,,
黔东南州黎平县德化乡什里村四组村口滑坡.csv,,,other,False,user,966,,,,,,
黔东南州施秉县牛大场镇柳塘村翁塘组翁塘滑坡.csv,,,other,False,user,966,,,,,,
黔西南州普安县龙吟镇北盘江村河阳组河阳滑坡.csv,,,other,False,user,1355,,,,,,
六盘水市六枝特区月亮河彝族布依族苗族乡大坝村纳埂组滑坡.csv,,,other,False,user,1346,,,,,,
毕节市大方县八堡乡荆竹村新民组滑坡.csv,,,other,False,user,966,,,,,,
黔南州长顺县鼓扬镇三台村打王组滑坡.csv,,,other,False,user,18640,,,,,,
六盘水市盘州市亦资街道石家庄村15组打峰岩滑坡.csv,,,other,False,user,966,,,,,,
毕节市威宁县金钟镇树林村火石组三岔沟滑坡.csv,,,other,False,user,1407,,,,,,
黔东南州凯里市凯棠镇白水村六组滑坡.csv,,,other,False,user,1400,,,,,,
黔东南州锦屏县铜鼓镇水冲村马台组滑坡.csv,,,other,False,user,1401,,,,,,
黔南州福泉市凤山镇竹王城村月亮坡组牛路滑坡.csv,,,other,False,user,18639,,,,,,
毕节市七星关区海子街镇二道河村吴家湾滑坡.csv,,,other,False,user,966,,,,,,
六盘水市水城区阿戛镇阿戛居委会小寨组滑坡.csv,,,other,False,user,18579,,,,,,
六盘水市盘州市胜境街道坡上村1、2、4组滑坡.csv,,,other,False,user,18576,,,,,,
毕节市七星关区燕子口镇雄峰村庙岭组滑坡.csv,,,other,False,user,1234,,,,,,
铜仁市德江县堰塘乡苏庄村老田沟组枫香树滑坡.csv,,,other,False,user,1212,,,,,,
六盘水市盘州市亦资街道西铺村1.2.3组上西铺滑坡.csv,,,other,False,user,1362,,,,,,
黔南州平塘县平舟镇拉全村鲁豪组滑坡.csv,,,other,False,user,966,,,,,,
黔东南州凯里市凯棠镇白水村十二组滑坡.csv,,,other,False,user,1400,,,,,,
铜仁市沿河县中界镇高井村任家组皂角树滑坡.csv,,,other,False,user,18577,,,,,,
黔西南州兴义市洛万乡洛万村新发若组吴乾志等8户房屋后滑坡.csv,,,other,False,user,18576,,,,,,
黔西南州兴仁市百德镇沟边村下麻山组滑坡.csv,,,other,False,user,1342,,,,,,
黔东南州凯里市龙场镇黄腊村中寨组滑坡.csv,,,other,False,user,1400,,,,,,
六盘水市盘州市双凤镇鄢家庄村13.14组周家湾子(待核销)滑坡.csv,,,other,False,user,1343,,,,,,
遵义市道真县上坝乡双河村柏杨坪组柏杨坪滑坡.csv,,,other,False,user,16418,,,,,,
黔东南州镇远县羊场镇天池村交椅山组滑坡.csv,,,other,False,user,1401,,,,,,
毕节市纳雍县水东镇姑箐社区箐脚组姑箐滑坡.csv,,,other,False,user,18576,,,,,,
六盘水市盘州市红果街道纸厂村十一网格打牛厂滑坡.csv,,,other,False,user,1344,,,,,,
黔东南州台江县排羊乡南刀下村 2组滑坡.csv,,,other,True,user,1401,,,,,,
遵义市赤水市葫市镇高竹村二组杉树榜滑坡.csv,,,other,True,user,18576,,,,,,
黔南州都匀市广惠街道村盘山街组滑坡.csv,,,other,False,user,1475,,,,,,
黔西南州晴隆县花贡镇新寨村王家河组滑坡.csv,,,other,False,user,966,,,,,,
六盘水市盘州市石桥镇鱼塘村十组滑坡.csv,,,other,False,user,1342,,,,,,
六盘水市水城区果布戛乡枫香村下寨组待核销滑坡.csv,,,other,False,user,966,,,,,,
黔南州长顺县广顺镇洞口村总寨组滑坡.csv,,,other,False,user,1409,,,,,,
铜仁市印江县天堂镇大院村大竹林组大竹林滑坡.csv,,,other,False,user,1548,,,,,,
遵义市习水县土城镇团结村半边街组新建街滑坡.csv,,,other,False,user,18576,,,,,,
遵义市道真县隆兴镇杉木村三合头组滑坡.csv,,,other,True,user,16418,,,,,,
毕节市威宁县斗古镇松坪村石元组金家松树林滑坡.csv,,,other,False,user,966,,,,,,
铜仁市沿河县谯家镇铅厂坝村场上一组河对门滑坡.csv,,,other,False,user,18577,,,,,,
铜仁市石阡县大沙坝乡鲁家寨村大树湾组滑坡.csv,,,other,False,user,1212,,,,,,
铜仁市石阡县花桥镇坪坡村坪寨组滑坡.csv,,,other,False,user,18640,,,,,,
黔东南州雷山县西江镇白碧村大寨脚组滑坡.csv,,,other,False,user,18576,,,,,,
黔东南州镇远县报京乡报京村六上组滑坡.csv,,,other,False,user,1401,,,,,,
贵阳市开阳县花梨镇花梨村花山组滑坡.csv,,,other,False,user,18541,,,,,,
铜仁市思南县凉水井镇茶山村仙山岩组仙山岩滑坡.csv,,,other,False,user,1166,,,,,,
黔东南州从江县谷坪乡银潭村8组滑坡.csv,,,other,False,user,562,,,,,,
黔东南州镇远县舞阳镇文德村春山沟组滑坡.csv,,,other,False,user,966,,,,,,
黔西南州晴隆县中营镇龙向村下寨组下寨滑坡.csv,,,other,False,user,18640,,,,,,
黔西南州望谟县乐元镇弄寒村林怀组滑坡.csv,,,other,False,user,1376,,,,,,
黔西南州晴隆县茶马镇青山村十组哈古滑坡.csv,,,other,False,user,18640,,,,,,
六盘水市六枝特区月亮河彝族布依族苗族乡滥坝村滥坝寨组滑坡.csv,,,other,False,user,10430,,,,,,
遵义市习水县永安镇永和村柏香林组五家佬滑坡.csv,,,other,False,user,16418,,,,,,
黔东南州丹寨县扬武镇龙塘村一组湾寨（已治理待核销）滑坡.csv,,,other,False,user,14593,,,,,,
六盘水市六枝特区月亮河彝族布依族苗族乡花德村黑羊箐组滑坡.csv,,,other,False,user,1341,,,,,,
毕节市威宁县新发乡华沙村长湾组垮山包包滑坡.csv,,,other,False,user,18575,,,,,,
黔西南州望谟县打易镇边王村打王组滑坡.csv,,,other,False,user,1376,,,,,,
毕节市大方县大山乡光华村堰塘组石厂垭口滑坡.csv,,,other,False,user,18576,,,,,,
黔东南州施秉县白垛乡半河村营上组公路旁滑坡.csv,,,other,False,user,1408,,,,,,
黔东南州雷山县丹江镇东门村2组雷山一中东侧滑坡.csv,,,other,False,user,14590,,,,,,
遵义市习水县九龙街道马皇坝村黄坭组桑梅土滑坡.csv,,,other,False,user,18639,,,,,,
贵阳市花溪区金筑街道竹林村丫河寨组滑坡.csv,,,other,False,user,18640,,,,,,
毕节市七星关区生机镇耿官社区坪子上组滑坡.csv,,,other,False,user,16096,,,,,,
毕节市织金县纳雍乡联盟村小箐脚组滑坡.csv,,,other,False,user,16096,,,,,,
黔西南州普安县地瓜镇地瓜社区坳上组滑坡.csv,,,other,False,user,966,,,,,,
铜仁市德江县沙溪乡覃坝村下寨组陈家沟滑坡.csv,,,other,False,user,18577,,,,,,
铜仁市沿河县塘坝镇榨子村木皮庄组滑坡.csv,,,other,False,user,18577,,,,,,
黔东南州丹寨县扬武镇宰沙村一组蔡金国（待撤销与DZ87合并）滑坡.csv,,,other,False,user,14592,,,,,,
安顺市镇宁县募役镇新发村方家坡组方家坡滑坡.csv,,,other,False,user,966,,,,,,
铜仁市印江县天堂镇百户村老龙岩组老龙岩滑坡.csv,,,other,False,user,1210,,,,,,
遵义市正安县和溪镇桑坝村木家湾组香树林滑坡.csv,,,other,False,user,18576,,,,,,
遵义市湄潭县新南镇石印村马渡组茶园滑坡.csv,,,other,False,user,18577,,,,,,
贵阳市开阳县龙水乡和平村罗家湾组滑坡.csv,,,other,False,user,966,,,,,,
遵义市习水县土城镇长坝村二组瓦房滑坡.csv,,,other,False,user,17219,,,,,,
遵义市习水县土城镇群峰村二组朝阳湾滑坡.csv,,,other,True,user,16098,,,,,,
贵阳市开阳县永温镇安大村大田坎组滑坡.csv,,,other,False,user,18577,,,,,,
铜仁市万山区鱼塘乡新龙村凉井组凉井滑坡.csv,,,other,False,user,18577,,,,,,
黔西南州兴义市乌沙镇窑上村老鹰岩组老鹰岩滑坡.csv,,,other,False,user,18576,,,,,,
遵义市凤冈县凤岭街道办青滩村芦林沟组滑坡.csv,,,other,False,user,4786,,,,,,
遵义市凤冈县花坪街道办关口村大龙门组大龙门滑坡.csv,,,other,False,user,1406,,,,,,
黔西南州晴隆县大厂镇高岭村立山组立山2号滑坡.csv,,,other,False,user,966,,,,,,
"六盘水市盘州市鸡场坪镇黄泥包村1,2组丫口上滑坡.csv",,,other,False,user,1343,,,,,,
遵义市凤冈县凤岭街道办宏丰村黄家池组滑坡.csv,,,other,False,user,1548,,,,,,
贵阳市清镇市站街镇小河村老卡田组滑坡.csv,,,other,False,user,18639,,,,,,
六盘水市盘州市柏果镇烂泥沟村3组陆中德2号滑坡.csv,,,other,False,user,1360,,,,,,
贵阳市息烽县西山镇鹿窝村蒿枝湾组滑坡.csv,,,other,False,user,18639,,,,,,
六盘水市盘州市亦资街道申家屯村8组沙坝地滑坡.csv,,,other,False,user,1369,,,,,,
遵义市习水县双龙乡杨寺岩村金龙组金龙滑坡.csv,,,other,False,user,1270,,,,,,
遵义市习水县寨坝镇灵仙河村下坝组果豆田滑坡.csv,,,other,False,user,8212,,,,,,
黔东南州凯里市旁海镇旁海村联合组滑坡.csv,,,other,False,user,966,,,,,,
遵义市桐梓县夜郎镇凉水村三角坝组滑坡.csv,,,other,False,user,18576,,,,,,
黔西南州晴隆县紫马乡屯上村崩山组崩山滑坡.csv,,,other,False,user,17389,,,,,,
黔南州贵定县金南街道胜利村六组胜利滑坡.csv,,,other,False,user,18640,,,,,,
贵阳市开阳县高寨乡平寨村顶扒组滑坡.csv,,,other,False,user,18639,,,,,,
黔东南州三穗县款场乡三联村下白水溪组滑坡.csv,,,other,False,user,14593,,,,,,
黔东南州台江县南宫镇白帮村3组滑坡.csv,,,other,False,user,966,,,,,,
六盘水市六枝特区郎岱镇青菜塘村荷花池组（待核销）滑坡.csv,,,other,False,user,1736,,,,,,
遵义市桐梓县容光镇云丰村五组朱教岩滑坡.csv,,,other,False,user,953,,,,,,
黔西南州普安县兴中镇红岩村畔河组畔河滑坡.csv,,,other,False,user,18576,,,,,,
黔西南州晴隆县紫马乡屯上村毛山地一、二、三组毛山地滑坡.csv,,,other,False,user,18640,,,,,,
黔东南州镇远县都坪镇都坪村美力组滑坡.csv,,,other,True,user,1464,,,,,,
黔东南州黄平县谷陇镇鱼良村五组滑坡.csv,,,other,False,user,966,,,,,,
黔东南州天柱县邦洞街道三团村平溪四组滑坡.csv,,,other,False,user,14595,,,,,,
贵阳市开阳县龙水乡花山村毛尼组滑坡.csv,,,other,False,user,966,,,,,,
六盘水市六枝特区关寨镇下麻翁村山花坡组滑坡.csv,,,other,False,user,1342,,,,,,
铜仁市万山区大坪乡清塘村两岔溪组两岔溪滑坡.csv,,,other,False,user,1212,,,,,,
安顺市紫云县四大寨乡喜凯村周家山组(待核销)滑坡.csv,,,other,True,user,18639,,,,,,
遵义市汇川区毛石镇台上村新房子组大沙土组滑坡.csv,,,other,False,user,1210,,,,,,
贵阳市花溪区燕楼镇坝楼村七组坝楼7组滑坡.csv,,,other,False,user,538,,,,,,
遵义市习水县回龙镇和平村九柱组堡堡田滑坡.csv,,,other,False,user,18576,,,,,,
六盘水市水城区米箩镇倮么村瓦厂组滑坡.csv,,,other,False,user,966,,,,,,
黔西南州兴仁市回龙镇狮子村小子冲组沈明俊后方滑坡.csv,,,other,True,user,1210,,,,,,
六盘水市水城区阿戛镇仲河村牛场组滑坡.csv,,,other,False,user,1665,,,,,,
黔西南州册亨县岩架镇纳碰村新寨组滑坡.csv,,,other,False,user,1198,,,,,,
六盘水市六枝特区大用镇汨港村上木冲组滑坡.csv,,,other,False,user,10139,,,,,,
毕节市七星关区清水铺镇民族村田坝组滑坡.csv,,,other,False,user,966,,,,,,
毕节市威宁县金钟镇水营村大洼组大洼子滑坡.csv,,,other,False,user,18576,,,,,,
遵义市习水县土城镇红花村四组黄角榜滑坡.csv,,,other,False,user,1343,,,,,,
铜仁市石阡县泉都街道银丰村上寨组滑坡.csv,,,other,False,user,966,,,,,,
遵义市桐梓县松坎镇柏山村龙平组滑坡.csv,,,other,False,user,1338,,,,,,
遵义市道真县隆兴镇杉木村白腊林组白腊林滑坡.csv,,,other,False,user,16420,,,,,,
毕节市纳雍县猪场乡大冲村后寨组滑坡.csv,,,other,False,user,1234,,,,,,
毕节市黔西市中坪镇飞蛾社区长田组滑坡.csv,,,other,False,user,1352,,,,,,
遵义市务川县红丝乡先进村桥边组新街滑坡.csv,,,other,False,user,18576,,,,,,
六盘水市水城区顺场乡营盘村李家-瓦房-对门组滑坡.csv,,,other,False,user,18576,,,,,,
毕节市织金县实兴乡补鮓村大陆组滑坡.csv,,,other,False,user,1234,,,,,,
黔西南州册亨县秧坝镇伟帮村内社组滑坡.csv,,,other,True,user,571,,,,,,
遵义市道真县阳溪镇阳溪村沟对门、民主组沟对门滑坡.csv,,,other,False,user,1292,,,,,,
黔南州罗甸县边阳镇罗沙社区里博沟村里博沟组里博沟滑坡.csv,,,other,False,user,18639,,,,,,
安顺市普定县坪上镇板桥村坡背后组坡背后滑坡.csv,,,other,False,user,18640,,,,,,
毕节市大方县果瓦乡上寨村上寨组滑坡.csv,,,other,False,user,966,,,,,,
毕节市大方县黄泥塘镇背座村台等组王田坝滑坡.csv,,,other,False,user,1461,,,,,,
黔南州都匀市归兰乡阳立村二组阳光大寨滑坡.csv,,,other,False,user,18640,,,,,,
遵义市习水县二郎镇青峰村塘坝组塘坝滑坡.csv,,,other,False,user,16507,,,,,,
毕节市七星关区清水铺镇小垭村小垭口组滑坡.csv,,,other,False,user,18576,,,,,,
黔南州独山县玉水镇玉龙村小塘明滑坡.csv,,,other,False,user,1404,,,,,,
六盘水市水城区阿戛镇新划村大坪组滑坡.csv,,,other,False,user,18576,,,,,,
毕节市七星关区文阁乡安庆村光明组滑坡.csv,,,other,False,user,16098,,,,,,
黔东南州凯里市湾水镇曲江村小田寨组滑坡.csv,,,other,False,user,966,,,,,,
贵阳市开阳县花梨镇清江村大塘组滑坡.csv,,,other,False,user,1235,,,,,,
六盘水市盘州市大山镇嘎啦河村2组田家寨滑坡.csv,,,other,False,user,20501,,,,,,
毕节市赫章县辅处乡开嘎村下沟组石观音滑坡.csv,,,other,False,user,16097,,,,,,
铜仁市石阡县本庄镇水口村将军岩组滑坡.csv,,,other,False,user,1400,,,,,,
六盘水市六枝特区郎岱镇上寨村丫口田组（待核销）滑坡.csv,,,other,False,user,18576,,,,,,
六盘水市六枝特区关寨镇箐口村荆竹林组滑坡.csv,,,other,False,user,10412,,,,,,
遵义市习水县土城镇同心村一组马家湾滑坡.csv,,,other,False,user,18576,,,,,,
遵义市务川县浞水镇青茶村旺家组滑坡.csv,,,other,False,user,1548,,,,,,
黔西南州晴隆县安谷乡前进村坪寨组坪寨滑坡.csv,,,other,False,user,18640,,,,,,
铜仁市思南县思林土家族苗族乡金龙村桐子坪组桐子坪滑坡.csv,,,other,False,user,966,,,,,,
黔东南州黎平县雷洞瑶族水族乡德丰村一组滑坡.csv,,,other,False,user,966,,,,,,
黔南州福泉市马场坪街道黄丝村往南组鸡冠岭滑坡.csv,,,other,False,user,1474,,,,,,
遵义市正安县芙蓉江镇合作村羊马台组岩湾滑坡.csv,,,other,False,user,1339,,,,,,
安顺市关岭县断桥镇断桥村白腊田组白腊田滑坡.csv,,,other,False,user,18576,,,,,,
遵义市凤冈县凤岭街道办六里村大坡组滑坡.csv,,,other,True,user,4783,,,,,,
遵义市凤冈县蜂岩镇赵坪村和平小组滑坡.csv,,,other,False,user,18576,,,,,,
铜仁市万山区下溪乡瓦田村白果田组张家组下花牛坳滑坡.csv,,,other,False,user,1212,,,,,,
六盘水市水城区米箩镇俄戛村打铁组滑坡.csv,,,other,False,user,966,,,,,,
毕节市七星关区层台镇光辉村营脚组滑坡.csv,,,other,False,user,16157,,,,,,
遵义市习水县坭坝乡八字桥村十组道士坪滑坡.csv,,,other,False,user,16767,,,,,,
毕节市纳雍县左鸠戛乡先锋村场坝组（蒋代超房后）滑坡.csv,,,other,False,user,1234,,,,,,
遵义市习水县官店镇官店村院子组丫口滑坡.csv,,,other,False,user,18576,,,,,,
黔西南州册亨县岩架镇洛达村下岩者组滑坡.csv,,,other,False,user,1376,,,,,,
黔西南州册亨县双江镇八望村西绿组滑坡.csv,,,other,False,user,18640,,,,,,
黔西南州普安县青山镇博上村高林组高林滑坡.csv,,,other,False,user,18576,,,,,,
黔东南州雷山县丹江镇虎阳村2、3组干皎隧道滑坡.csv,,,other,False,user,14595,,,,,,
贵阳市息烽县鹿窝镇老窝村马安桥组许家门口滑坡.csv,,,other,False,user,18639,,,,,,
六盘水市水城区鸡场镇箐头村周家坡组蒋家包包滑坡.csv,,,other,False,user,1346,,,,,,
铜仁市德江县长丰乡出水村下王组院子滑坡.csv,,,other,False,user,18576,,,,,,
黔东南州黎平县平寨乡平途村一组滑坡.csv,,,other,False,user,14593,,,,,,
毕节市纳雍县寨乐镇革新村马大冲组马大冲滑坡.csv,,,other,False,user,1234,,,,,,
毕节市七星关区田坎乡白沙河村田坎组滑坡.csv,,,other,False,user,16096,,,,,,
毕节市黔西市中坪镇新厂村邰家坡组滑坡.csv,,,other,False,user,2330,,,,,,
黔东南州从江县东朗镇东朗村5、6组滑坡.csv,,,other,False,user,562,,,,,,
毕节市赫章县威奢乡渔塘村柏枝组2滑坡.csv,,,other,False,user,16146,,,,,,
贵阳市息烽县鹿窝镇西安村尧上组滑坡.csv,,,other,False,user,18639,,,,,,
铜仁市松桃县冷水溪镇双龙村牛场坡组滑坡.csv,,,other,False,user,1210,,,,,,
遵义市赤水市官渡镇金宝村龙宝寺组猫儿洞滑坡.csv,,,other,False,user,18576,,,,,,
六盘水市钟山区保华镇双桥居委会十四组陈家岩脚滑坡.csv,,,other,False,user,966,,,,,,
黔东南州丹寨县兴仁镇排佐村乌寿下寨滑坡.csv,,,other,False,user,7298,,,,,,
黔西南州兴仁市波阳镇鹧益村冬瓜林组滑坡.csv,,,other,False,user,966,,,,,,
毕节市赫章县哲庄镇团结村院子组滑坡.csv,,,other,False,user,18576,,,,,,
遵义市习水县醒民镇群星村六组雨安滑坡.csv,,,other,False,user,18576,,,,,,
黔东南州从江县加鸠镇加能村2组王老拉家东侧滑坡.csv,,,other,False,user,14595,,,,,,
遵义市习水县程寨镇罗禹洞村冷水田组石板板滑坡.csv,,,other,False,user,18576,,,,,,
遵义市道真县忠信镇水石脚村梅石坝组梅石坝滑坡.csv,,,other,False,user,1548,,,,,,
毕节市威宁县金钟镇院箐村坡上组张家坡滑坡.csv,,,other,False,user,1461,,,,,,
黔东南州黄平县重安镇望坝村咬寨大寨组滑坡.csv,,,other,False,user,966,,,,,,
六盘水市水城区顺场乡营盘村马脚组滑坡.csv,,,other,False,user,1367,,,,,,
毕节市七星关区小吉场镇南丰村南告田组滑坡.csv,,,other,False,user,563,,,,,,
毕节市威宁县麻乍镇得营村四组岩头上滑坡.csv,,,other,False,user,1408,,,,,,
毕节市黔西市林泉镇卫星村沙子坡组滑坡.csv,,,other,False,user,1421,,,,,,
铜仁市思南县枫芸土家族苗族乡白岩村坟塘岭组坟塘岭滑坡.csv,,,other,False,user,1166,,,,,,
黔南州长顺县敦操乡敦荣村格秧组滑坡.csv,,,other,False,user,1360,,,,,,
六盘水市盘州市乌蒙镇大坪村8组梁子上（待核销）滑坡.csv,,,other,False,user,1369,,,,,,
遵义市汇川区松林镇丁台村花园组大沙土滑坡.csv,,,other,False,user,16417,,,,,,
铜仁市思南县香坝镇南坝村樊家组樊家滑坡.csv,,,other,False,user,1210,,,,,,
遵义市赤水市官渡镇玉皇村角上组六角咀滑坡.csv,,,other,False,user,17180,,,,,,
六盘水市钟山区木果镇杨家寨村三组滑坡.csv,,,other,False,user,20727,,,,,,
铜仁市玉屏县皂角坪街道铁家溪村垟院组滑坡.csv,,,other,False,user,966,,,,,,
黔西南州册亨县双江镇坝麦村纳腾组滑坡.csv,,,other,False,user,18640,,,,,,
六盘水市盘州市羊场乡小河村屠家坪地组滑坡.csv,,,other,False,user,1369,,,,,,
六盘水市六枝特区关寨镇毛稗田村沙子坡组（待核销）滑坡.csv,,,other,False,user,20826,,,,,,
遵义市桐梓县容光镇云丰村六组洪关沟滑坡.csv,,,other,False,user,18576,,,,,,
六盘水市水城区化乐镇凤凰村毛家寨组滑坡.csv,,,other,False,user,966,,,,,,
毕节市金沙县清池镇坳上村大坪组花地坡滑坡.csv,,,other,False,user,1235,,,,,,
铜仁市思南县瓮溪镇富家寨村后山河组后山河滑坡.csv,,,other,False,user,1210,,,,,,
黔东南州麻江县贤昌镇高枧村新桥组待核销滑坡.csv,,,other,False,user,14593,,,,,,
遵义市湄潭县石莲镇黄莲坝村白石组白石滑坡.csv,,,other,False,user,16424,,,,,,
毕节市大方县六龙镇大梁子村群院组滑坡.csv,,,other,False,user,18576,,,,,,
黔东南州镇远县羊场镇龙洞村向家坡组台上滑坡.csv,,,other,False,user,18639,,,,,,
遵义市赤水市长沙镇长沙村朝圆坝组石坝咀滑坡.csv,,,other,False,user,966,,,,,,
毕节市七星关区生机镇谢家村银丰组（待撤销）滑坡.csv,,,other,False,user,18576,,,,,,
黔东南州凯里市开怀街道养薅寨村十四组滑坡.csv,,,other,False,user,1403,,,,,,
黔东南州黎平县德化乡平养村三组滑坡.csv,,,other,False,user,14595,,,,,,
毕节市大方县长石镇水塘村华山组滑坡.csv,,,other,False,user,16098,,,,,,
黔南州贵定县沿山镇和平村潘家庄组潘家坡滑坡.csv,,,other,False,user,1409,,,,,,
安顺市普定县马场镇半厢村对门寨组滑坡.csv,,,other,False,user,18624,,,,,,
贵阳市乌当区东风镇龙井村高雁组滑坡.csv,,,other,False,user,966,,,,,,
黔东南州黄平县野洞河镇白仓村小阳组滑坡.csv,,,other,False,user,20714,,,,,,
贵阳市开阳县米坪乡新南村河边组滑坡.csv,,,other,False,user,18639,,,,,,
黔西南州晴隆县鸡场镇紫塘村紫塘组紫塘滑坡.csv,,,other,False,user,1549,,,,,,
黔西南州晴隆县中营镇中营村水井、榜子组水井滑坡.csv,,,other,False,user,17430,,,,,,
黔南州惠水县王佑镇场坝村总朋组蛮乃滑坡.csv,,,other,False,user,1312,,,,,,
铜仁市松桃县瓦溪乡小沟村上寨组滑坡.csv,,,other,False,user,966,,,,,,
遵义市习水县大坡镇黄河坝村桂花组高粱土高位滑坡.csv,,,other,False,user,16507,,,,,,
六盘水市水城区米箩镇铜厂村火么多组滑坡.csv,,,other,False,user,966,,,,,,
黔东南州榕江县平阳乡归备村1.2组归备大寨滑坡.csv,,,other,False,user,18640,,,,,,
铜仁市思南县宽坪乡胜利村坨里组坨里滑坡.csv,,,other,False,user,966,,,,,,
铜仁市松桃县长兴堡镇白竹村3.4组白竹溪滑坡.csv,,,other,False,user,1211,,,,,,
铜仁市沿河县夹石镇三孔村十组何家沟滑坡.csv,,,other,False,user,18577,,,,,,
黔东南州榕江县平江镇巴鲁村1组乔果山滑坡.csv,,,other,False,user,14595,,,,,,
黔东南州三穗县八弓镇贵坪村广老组滑坡.csv,,,other,False,user,14593,,,,,,
黔东南州岑巩县平庄镇观音村大岭坪组大岭坪滑坡.csv,,,other,False,user,966,,,,,,
贵阳市开阳县金中镇茶园村茶园坡组滑坡.csv,,,other,False,user,18640,,,,,,
铜仁市思南县关中坝街道蒿枝坝村大湾组大湾滑坡.csv,,,other,False,user,1210,,,,,,
毕节市织金县实兴乡补鮓村补鲊小学-滑坡.csv,,,other,False,user,1442,,,,,,
遵义市道真县忠信镇石笋村谢家山组谢家山滑坡.csv,,,other,False,user,16406,,,,,,
遵义市绥阳县小关乡青杠林村啄家林组滑坡.csv,,,other,False,user,1342,,,,,,
遵义市余庆县关兴镇狮山村高碑组高碑滑坡.csv,,,other,False,user,16416,,,,,,
黔南州罗甸县罗悃镇罗苏社区沿河村纳岩组纳岩滑坡.csv,,,other,False,user,1407,,,,,,
毕节市大方县果瓦乡五星村新联组石堰沟滑坡.csv,,,other,False,user,18576,,,,,,
黔东南州雷山县大塘镇小河村新寨组滑坡.csv,,,other,False,user,966,,,,,,
铜仁市德江县潮砥镇腾溪村瓦厂沟组滑坡.csv,,,other,False,user,18577,,,,,,
黔东南州天柱县蓝田镇布坪村甲二组滑坡.csv,,,other,False,user,14595,,,,,,
黔南州罗甸县红水河镇罗妥村中妥组滑坡.csv,,,other,False,user,18639,,,,,,
毕节市七星关区鸭池镇小寨村五组滑坡.csv,,,other,False,user,1234,,,,,,
六盘水市盘州市柏果镇洒米田居委会1组洒米田滑坡.csv,,,other,False,user,966,,,,,,
毕节市织金县文腾街道大坡社区砂子坡组滑坡.csv,,,other,False,user,1234,,,,,,
贵阳市清镇市新店镇方家寨村二岩组滑坡.csv,,,other,False,user,1283,,,,,,
黔西南州册亨县岩架镇洛王村坝修组滑坡.csv,,,other,False,user,18640,,,,,,
遵义市习水县二里镇红工村木老塘组白岩滑坡.csv,,,other,False,user,18620,,,,,,
遵义市务川县浞水镇复兴村瓦房滑坡.csv,,,other,False,user,7193,,,,,,
黔南州罗甸县红水河镇罗妥村上妥组滑坡.csv,,,other,False,user,18639,,,,,,
黔南州罗甸县边阳镇达上村董纳组滑坡.csv,,,other,True,user,1362,,,,,,
遵义市绥阳县太白镇凤凰村小平组滑坡.csv,,,other,False,user,8209,,,,,,
遵义市习水县土城镇天星桥村七一组黄角湾-新朝房滑坡.csv,,,other,False,user,1548,,,,,,
黔西南州贞丰县沙坪镇板昌村1-2组板昌滑坡.csv,,,other,False,user,18576,,,,,,
黔东南州丹寨县龙泉镇杉木村五组望闹（新转）滑坡.csv,,,other,False,user,14595,,,,,,
黔西南州普安县南湖街道西陇村水打田组滑坡.csv,,,other,False,user,966,,,,,,
贵阳市花溪区马铃乡马铃村石头寨组石头寨滑坡.csv,,,other,False,user,18640,,,,,,
遵义市凤冈县进化镇大堰村芦林组舒家山滑坡.csv,,,other,False,user,4786,,,,,,
遵义市赤水市旺隆镇朝阳村青杆林组楠土滑坡.csv,,,other,False,user,1549,,,,,,
黔西南州兴仁市大山镇野场村野木红一组滑坡.csv,,,other,False,user,966,,,,,,
贵阳市开阳县花梨镇高坪村溪寨组滑坡.csv,,,other,False,user,18640,,,,,,
毕节市七星关区龙场营镇安顶村高家寨组滑坡.csv,,,other,False,user,1340,,,,,,
贵阳市息烽县鹿窝镇马屯村后河组滑坡.csv,,,other,False,user,18640,,,,,,
黔东南州锦屏县启蒙镇雄黄村十三组滑坡.csv,,,other,False,user,16096,,,,,,
遵义市道真县平模镇兴宝村大坝组滑坡.csv,,,other,False,user,18576,,,,,,
黔东南州从江县宰便镇分耶村8、9组滑坡.csv,,,other,True,user,14593,,,,,,
黔南州三都县都江镇坝街村下街组下街滑坡.csv,,,other,False,user,966,,,,,,
黔西南州册亨县秧坝镇大伟村巧夜组滑坡.csv,,,other,False,user,571,,,,,,
毕节市纳雍县沙包镇黄泥田村十四组十五组滑坡.csv,,,other,False,user,16096,,,,,,
毕节市百里杜鹃管理区大水彝族苗族布依族乡鞍山村小沟组滑坡.csv,,,other,False,user,16098,,,,,,
铜仁市石阡县本庄镇双山村上龙塘组滑坡.csv,,,other,True,user,1212,,,,,,
遵义市习水县仙源镇羊久村张家田组滑坡.csv,,,other,False,user,6665,,,,,,
黔东南州剑河县柳川镇乃寿村5组展鲁滑坡.csv,,,other,False,user,966,,,,,,
六盘水市六枝特区郎岱镇上寨村对门坡洒米陇组（待核销）滑坡.csv,,,other,False,user,18692,,,,,,
铜仁市印江县板溪镇王家寨村上寨组滑坡.csv,,,other,False,user,18487,,,,,,
遵义市仁怀市茅台镇罗村村黄角树组2号滑坡.csv,,,other,False,user,1338,,,,,,
铜仁市沿河县泉坝镇黄池村大湾组大水井滑坡.csv,,,other,False,user,966,,,,,,
黔东南州榕江县平永镇龙塘村怎更组滑坡.csv,,,other,True,user,1400,,,,,,
铜仁市玉屏县亚鱼乡瓮袍村架枧组滑坡.csv,,,other,False,user,966,,,,,,
六盘水市盘州市丹霞镇背阴箐村13组落水坑滑坡.csv,,,other,False,user,16423,,,,,,
六盘水市盘州市胜境街道小街村8组小铺子滑坡.csv,,,other,False,user,1338,,,,,,
铜仁市思南县三道水土家族苗族乡高坡村尖峰岭组尖峰岭滑坡.csv,,,other,False,user,966,,,,,,
六盘水市盘州市柏果镇联营居委会10组不知利滑坡.csv,,,other,False,user,20514,,,,,,
毕节市织金县三甲街道马家庄村沙冲组滑坡.csv,,,other,False,user,1444,,,,,,
毕节市赫章县财神镇中坝村高岩组滑坡.csv,,,other,False,user,966,,,,,,
遵义市仁怀市鲁班街道山水社区薛家岩组滑坡.csv,,,other,False,user,955,,,,,,
遵义市正安县小雅镇梨垭村构皮坡组长五间滑坡.csv,,,other,False,user,18576,,,,,,
六盘水市盘州市竹海镇卡舍村8组打牛厂滑坡.csv,,,other,True,user,10996,,,,,,
毕节市大方县黄泥塘镇背座村中坝组滑坡.csv,,,other,True,user,18576,,,,,,
黔南州罗甸县龙坪镇大关村大关组滑坡.csv,,,other,False,user,1406,,,,,,
毕节市七星关区清水铺镇红岩村清风组-4滑坡.csv,,,other,False,user,18576,,,,,,
黔东南州雷山县望丰乡乌局村1、3、5、7组滑坡.csv,,,other,False,user,966,,,,,,
遵义市习水县醒民镇群星村十一组司支良滑坡.csv,,,other,False,user,18576,,,,,,
毕节市大方县黄泥塘镇营新村八一组滑坡.csv,,,other,False,user,987,,,,,,
遵义市习水县土城镇水狮坝村杨柳庄组万星台滑坡.csv,,,other,False,user,1343,,,,,,
遵义市道真县隆兴镇联兴村生基坪组生基坪滑坡.csv,,,other,False,user,16418,,,,,,
六盘水市水城区顺场乡营盘村廖家寨组滑坡.csv,,,other,False,user,18576,,,,,,
遵义市凤冈县凤岭街道办两河口村两河口组苏家坡滑坡.csv,,,other,False,user,9288,,,,,,
黔西南州晴隆县紫马乡新阳村盐井坝组盐井坝滑坡.csv,,,other,False,user,18640,,,,,,
黔南州惠水县岗度镇白水河村鑫朋煤矿鑫朋煤矿滑坡.csv,,,other,False,user,966,,,,,,
黔西南州册亨县坡妹镇同心村那郎组滑坡.csv,,,other,False,user,18640,,,,,,
贵阳市息烽县西山镇团员村石头田组河沟滑坡.csv,,,other,False,user,18639,,,,,,
铜仁市思南县大坝场镇杨家寨村杨家寨组杨家寨滑坡.csv,,,other,False,user,966,,,,,,
黔东南州榕江县平江镇加会村3组棉花地滑坡.csv,,,other,False,user,14596,,,,,,
毕节市七星关区大河乡官房村官房组滑坡.csv,,,other,False,user,16096,,,,,,
毕节市威宁县黑石头镇院子村田边组组滑坡.csv,,,other,False,user,1234,,,,,,
毕节市黔西市中坪镇柏杨村瓦房组、下大坪组滑坡.csv,,,other,False,user,1420,,,,,,
毕节市纳雍县宣慰街道糯克村周家寨组周家寨滑坡.csv,,,other,False,user,1234,,,,,,
黔东南州丹寨县雅灰乡排寿村一组乌下沟滑坡（新转）滑坡.csv,,,other,False,user,7298,,,,,,
铜仁市印江县板溪镇凯塘村干寨组滑坡.csv,,,other,True,user,1400,,,,,,
毕节市纳雍县曙光镇小寨村糯窝土组滑坡.csv,,,other,False,user,18579,,,,,,
铜仁市德江县潮砥镇小溪村岩角组岩角滑坡.csv,,,other,False,user,1212,,,,,,
黔东南州天柱县邦洞街道鱼塘村上圭勺组滑坡.csv,,,other,False,user,1462,,,,,,
黔东南州岑巩县龙田镇胡家村苗角岱组苗角岱滑坡.csv,,,other,False,user,14595,,,,,,
毕节市七星关区燕子口镇海子村庆丰组庆丰滑坡.csv,,,other,False,user,966,,,,,,
毕节市金沙县清池镇阳波村杨柳组滑坡.csv,,,other,False,user,16096,,,,,,
铜仁市石阡县花桥镇白岩湾村坳田组滑坡.csv,,,other,False,user,1212,,,,,,
遵义市习水县回龙镇和平村小塘组向阳服务区北侧滑坡.csv,,,other,False,user,18576,,,,,,
黔东南州台江县萃文街道排朗村3、4组滑坡.csv,,,other,False,user,14595,,,,,,
黔南州福泉市龙昌镇龙井村赵院组赵院滑坡.csv,,,other,False,user,966,,,,,,
黔东南州凯里市大风洞镇碗寨村都堡组滑坡.csv,,,other,False,user,1403,,,,,,
六盘水市盘州市鸡场坪镇塘子边村21-22组岔沟头（待核销）滑坡.csv,,,other,False,user,1363,,,,,,
黔西南州册亨县纳福街道者孟村洛兰组滑坡.csv,,,other,False,user,18640,,,,,,
遵义市习水县坭坝乡八字桥村八组鱼塘滑坡.csv,,,other,False,user,16767,,,,,,
毕节市大方县果瓦乡茶园村田丰组滑坡.csv,,,other,False,user,563,,,,,,
六盘水市盘州市红果街道舍勒村1-6组双龙潭滑坡.csv,,,other,False,user,1344,,,,,,
遵义市湄潭县新南镇角口村大山组大土滑坡.csv,,,other,False,user,1210,,,,,,
铜仁市万山区敖寨乡两河口村瓦田组瓦田滑坡滑坡.csv,,,other,False,user,1212,,,,,,
铜仁市思南县关中坝街道映山村凉水清组凉水清滑坡.csv,,,other,False,user,18572,,,,,,
铜仁市沿河县塘坝镇四塘溪村先锋组滑坡.csv,,,other,False,user,18577,,,,,,
遵义市习水县程寨镇红旗村沙坝组堡堡上滑坡.csv,,,other,False,user,16381,,,,,,
遵义市凤冈县凤岭街道办两河口村前进组滑坡.csv,,,other,False,user,9288,,,,,,
黔东南州三穗县雪洞镇岩门村注溪组滑坡.csv,,,other,False,user,14593,,,,,,
黔东南州凯里市开怀街道棉席村7组滑坡.csv,,,other,False,user,1401,,,,,,
六盘水市六枝特区牂牁镇扁朝村平务组滑坡.csv,,,other,False,user,1369,,,,,,
毕节市赫章县德卓镇尖山村德乐组滑坡.csv,,,other,False,user,18576,,,,,,
贵阳市开阳县花梨镇清江村岩脚寨组滑坡.csv,,,other,False,user,966,,,,,,
六盘水市水城区发耳镇大寨居委村山坡组滑坡.csv,,,other,False,user,966,,,,,,
毕节市赫章县财神镇财神村沙子坡组滑坡.csv,,,other,False,user,1421,,,,,,
毕节市黔西市重新镇小坡村三组滑坡.csv,,,other,False,user,966,,,,,,
黔东南州岑巩县凯本镇平牙村罗家湾组罗家湾滑坡.csv,,,other,False,user,14595,,,,,,
黔东南州雷山县达地乡达地村大竹山组滑坡.csv,,,other,False,user,966,,,,,,
黔东南州黄平县谷陇镇鱼良村6组滑坡.csv,,,other,False,user,966,,,,,,
黔南州平塘县金盆街道苗二河村旧寨组滑坡.csv,,,other,False,user,966,,,,,,
毕节市七星关区鸭池镇八十村一组滑坡.csv,,,other,False,user,1234,,,,,,
黔西南州兴义市雄武乡盘江村大拖拉组大拖拉滑坡.csv,,,other,False,user,966,,,,,,
黔西南州普安县茶源街道细寨村巴山组滑坡.csv,,,other,False,user,1354,,,,,,
黔东南州锦屏县大同乡秀洞村七组秀洞小学对面滑坡.csv,,,other,False,user,14593,,,,,,
黔东南州镇远县都坪镇天印村烂泥沟组滑坡.csv,,,other,False,user,18639,,,,,,
黔西南州册亨县纳福街道秧庆村河边组秧庆公路滑坡.csv,,,other,True,user,18640,,,,,,
铜仁市松桃县石梁乡红石村举石塔组滑坡.csv,,,other,False,user,1211,,,,,,
黔东南州黎平县岩洞镇竹坪村3、4组寨母滑坡.csv,,,other,True,user,13887,,,,,,
黔东南州凯里市大风洞镇老君寨村小山组滑坡.csv,,,other,False,user,1401,,,,,,
铜仁市松桃县九江街道永和村雀咀组滑坡.csv,,,other,False,user,1548,,,,,,
黔南州罗甸县红水河镇罗暮社区保上村新寨组滑坡.csv,,,other,False,user,18640,,,,,,
黔东南州岑巩县凯本镇毛口村石毛组石毛滑坡.csv,,,other,False,user,14593,,,,,,
安顺市紫云县猴场镇黎明村大坪组滑坡.csv,,,other,False,user,18576,,,,,,
铜仁市松桃县永安乡地茶村隘门坡组滑坡.csv,,,other,False,user,1548,,,,,,
黔东南州锦屏县铜鼓镇花桥村七组王树发屋后滑坡.csv,,,other,False,user,18577,,,,,,
遵义市仁怀市茅台镇尧村盖塘沟组滑坡.csv,,,other,True,user,1339,,,,,,
遵义市凤冈县王寨镇王寨社区龙塘小组滑坡.csv,,,other,True,user,1400,,,,,,
黔东南州凯里市舟溪镇情郎村小寨组滑坡.csv,,,other,False,user,1400,,,,,,
安顺市普定县猫洞乡中岩村革坝榜组滑坡.csv,,,other,False,user,18639,,,,,,
遵义市习水县官店镇里师村中心组中心组后山滑坡.csv,,,other,False,user,18576,,,,,,
遵义市余庆县白泥镇魁龙村官庄组滑坡.csv,,,other,False,user,16506,,,,,,
铜仁市思南县合朋溪镇盐湖村半坡组半坡滑坡.csv,,,other,False,user,966,,,,,,
黔东南州丹寨县兴仁镇白头村三组高坡自然寨（井边）滑坡.csv,,,other,False,user,13300,,,,,,
遵义市习水县土城镇红花村五组田榜上滑坡.csv,,,other,False,user,1343,,,,,,
毕节市七星关区清水铺镇红岩村岔河组滑坡.csv,,,other,False,user,18576,,,,,,
贵阳市修文县洒坪镇青杠林村广洞组滑坡.csv,,,other,False,user,18576,,,,,,
黔南州福泉市龙昌镇龙井村黑龙门组黑龙门滑坡.csv,,,other,False,user,965,,,,,,
黔西南州晴隆县茶马镇大田村大坪地组滑坡.csv,,,other,False,user,966,,,,,,
安顺市普定县猫洞乡吉祥村孟驮组滑坡.csv,,,other,False,user,18576,,,,,,
铜仁市万山区大坪乡清塘村盐井组大院子滑坡.csv,,,other,False,user,1212,,,,,,
六盘水市六枝特区大用镇汨港村下木冲组滑坡.csv,,,other,False,user,18576,,,,,,
黔西南州晴隆县鸡场镇徐家湾村龙摆尾组龙摆尾滑坡.csv,,,other,False,user,18640,,,,,,
遵义市道真县玉溪镇大路村河心组棋子庄河心滑坡.csv,,,other,False,user,18576,,,,,,
黔西南州望谟县打易镇绞朋村绞洋组滑坡.csv,,,other,False,user,1355,,,,,,
六盘水市水城区米箩镇米箩村官寨组滑坡.csv,,,other,False,user,1367,,,,,,
贵阳市开阳县南龙乡中桥村毛狗渡组滑坡.csv,,,other,False,user,18639,,,,,,
黔西南州兴义市捧乍镇老厂村花坟组滑坡.csv,,,other,False,user,966,,,,,,
遵义市习水县同民镇长虹居村一组任家屋基滑坡.csv,,,other,False,user,16111,,,,,,
毕节市七星关区碧海街道西冲社区营脚组大地滑坡.csv,,,other,False,user,981,,,,,,
黔东南州丹寨县兴仁镇乌佐村一组龙民付（也旧）滑坡.csv,,,other,False,user,966,,,,,,
黔西南州册亨县弼佑镇落江村二组滑坡.csv,,,other,False,user,966,,,,,,
遵义市务川县涪洋镇双河村楠木滑坡.csv,,,other,False,user,18577,,,,,,
铜仁市松桃县太平营街道芭蕉村中寨组滑坡.csv,,,other,False,user,18577,,,,,,
六盘水市盘州市保基乡雨那洼村雨那洼组滑坡.csv,,,other,False,user,966,,,,,,
遵义市习水县双龙乡兴中村大坪组新田头滑坡.csv,,,other,False,user,16160,,,,,,
黔西南州贞丰县挽澜镇纳坎村田坝组田坝滑坡.csv,,,other,False,user,18576,,,,,,
黔东南州雷山县大塘镇交腊村一组滑坡.csv,,,other,False,user,14596,,,,,,
黔西南州册亨县者楼街道前进社区陵园路滑坡.csv,,,other,False,user,17467,,,,,,
黔南州福泉市马场坪街道安谷村月亮田组狗场坝滑坡.csv,,,other,False,user,966,,,,,,
贵阳市开阳县冯三镇毛力村棉龙沟组滑坡.csv,,,other,False,user,18639,,,,,,
黔东南州丹寨县兴仁镇乌地村四、五组大寨南面大砂（新增）滑坡.csv,,,other,False,user,966,,,,,,
铜仁市德江县泉口镇先瓦村台子上组台子上滑坡.csv,,,other,False,user,966,,,,,,
毕节市威宁县金钟镇文昌村新昌组陈家大院子滑坡.csv,,,other,False,user,18575,,,,,,
铜仁市德江县煎茶镇和平村冷溪组滑坡.csv,,,other,False,user,966,,,,,,
贵阳市花溪区金筑街道竹林村竹林村组竹林村丫河寨上段滑坡.csv,,,other,False,user,18640,,,,,,
黔西南州册亨县巧马镇尾贤村尾贤组滑坡.csv,,,other,False,user,18640,,,,,,
六盘水市水城区阿戛镇仲河村元林、包包组滑坡.csv,,,other,False,user,18576,,,,,,
安顺市平坝区十字乡五一村半坡龙坑组滑坡.csv,,,other,False,user,18640,,,,,,
铜仁市思南县枫芸土家族苗族乡长岭村吴家湾组吴家湾滑坡.csv,,,other,False,user,1210,,,,,,
黔东南州天柱县白市镇民建村家祠组陈晚梅地基滑坡.csv,,,other,False,user,14506,,,,,,
黔东南州雷山县大塘镇咱刀村干党南组滑坡.csv,,,other,False,user,966,,,,,,
黔东南州榕江县忠诚镇高王村二组滑坡.csv,,,other,False,user,17467,,,,,,
遵义市汇川区高坪街道双江居村洞口组滑坡.csv,,,other,False,user,966,,,,,,
毕节市纳雍县骔岭镇祠堂边社区山脚组滑坡.csv,,,other,False,user,18576,,,,,,
黔东南州锦屏县河口乡瑶光村五组大寨脚滑坡.csv,,,other,False,user,1400,,,,,,
安顺市紫云县四大寨乡茅草村尅哨组尅哨滑坡.csv,,,other,True,user,1210,,,,,,
黔南州贵定县新巴镇新华村高寨组滑坡.csv,,,other,False,user,1355,,,,,,
六盘水市水城区都格镇黄泥村赵家寨组滑坡.csv,,,other,False,user,966,,,,,,
黔南州福泉市马场坪街道三堡村大路坪组洋花冲滑坡.csv,,,other,False,user,966,,,,,,
毕节市七星关区亮岩镇飞轮村大田组-1滑坡.csv,,,other,False,user,16096,,,,,,
六盘水市六枝特区月亮河彝族布依族苗族乡新春村龙井组滑坡.csv,,,other,False,user,1548,,,,,,
贵阳市清镇市流长乡兴隆村田坝组滑坡.csv,,,other,False,user,18640,,,,,,
黔东南州雷山县西江镇小龙村6.8组滑坡.csv,,,other,False,user,18640,,,,,,
遵义市务川县丹砂街道官学社区青竹丫滑坡.csv,,,other,False,user,955,,,,,,
毕节市纳雍县维新镇水落冲村邓家营组滑坡.csv,,,other,False,user,16146,,,,,,
黔东南州从江县丙妹镇丙梅一村2、3组奥粤冲滑坡.csv,,,other,False,user,960,,,,,,
黔东南州凯里市万潮镇新庄村红星组滑坡.csv,,,other,False,user,1401,,,,,,
黔南州都匀市沙包堡街道德化村四组马坡滑坡.csv,,,other,False,user,1423,,,,,,
黔东南州从江县往洞镇会里村1、2组（待核销）滑坡.csv,,,other,False,user,14595,,,,,,
铜仁市思南县兴隆土家族苗族乡关坪村赵家河组赵家河滑坡.csv,,,other,False,user,966,,,,,,
六盘水市盘州市新民镇打克村5组洞底下（待核销）滑坡.csv,,,other,True,user,3528,,,,,,
毕节市纳雍县乐治镇化启村武家岩脚组武家岩脚滑坡.csv,,,other,False,user,1229,,,,,,
毕节市七星关区层台镇付家沟村孔家寨组滑坡.csv,,,other,False,user,1414,,,,,,
毕节市纳雍县左鸠戛乡先锋村场坝组场坝滑坡.csv,,,other,False,user,1234,,,,,,
安顺市普定县坪上镇糯东村白水组滑坡.csv,,,other,False,user,18576,,,,,,
毕节市黔西市中坪镇建设社区董家冲组烂窖坝滑坡.csv,,,other,False,user,1461,,,,,,
遵义市务川县砚山镇石朝村院子组大湾滑坡.csv,,,other,False,user,955,,,,,,
毕节市赫章县松林坡乡半边街村刘家寨组滑坡.csv,,,other,False,user,966,,,,,,
安顺市紫云县格凸河镇银山村沟边组(已治理)倒马坎滑坡.csv,,,other,False,user,18639,,,,,,
铜仁市思南县关中坝街道大溪口村蔡家坝组蔡家坝滑坡.csv,,,other,False,user,966,,,,,,
铜仁市沿河县黄土镇简家村吴家沟组滑坡.csv,,,other,False,user,18577,,,,,,
黔西南州册亨县双江镇八望村八望组滑坡.csv,,,other,False,user,565,,,,,,
安顺市平坝区乐平镇乐平村4组滑坡.csv,,,other,False,user,14595,,,,,,
安顺市平坝区乐平镇乐平村煤坡6组滑坡.csv,,,other,True,user,1343,,,,,,
铜仁市印江县杉树镇冉家村屋基组滑坡.csv,,,other,False,user,18577,,,,,,
贵阳市清镇市犁倭镇河溪村公鸡寨组滑坡.csv,,,other,False,user,966,,,,,,
铜仁市印江县紫薇镇河坎村焦园组焦园滑坡.csv,,,other,False,user,18577,,,,,,
黔东南州丹寨县兴仁镇白头村四组大冲滑坡.csv,,,other,False,user,13300,,,,,,
黔东南州台江县台拱街道东街村1组台江县第二中学滑坡.csv,,,other,False,user,14593,,,,,,
黔东南州雷山县郎德镇下郎德村南桶组滑坡.csv,,,other,False,user,966,,,,,,
毕节市纳雍县羊场乡弋落村易家寨组易家寨滑坡.csv,,,other,False,user,20742,,,,,,
遵义市务川县红丝乡先进村场上组刘家沟滑坡.csv,,,other,True,user,18576,,,,,,
黔南州罗甸县红水河镇红河村下宜组滑坡.csv,,,other,False,user,18639,,,,,,
毕节市纳雍县锅圈岩乡新发村一组新发村滑坡.csv,,,other,False,user,18576,,,,,,
六盘水市盘州市羊场乡张家寨村张家寨组滑坡.csv,,,other,False,user,20742,,,,,,
铜仁市思南县合朋溪镇大石窖村长刀溪组长刀溪滑坡.csv,,,other,False,user,1210,,,,,,
安顺市关岭县花江镇大坪村文秀组文秀滑坡.csv,,,other,False,user,966,,,,,,
黔东南州雷山县大塘镇独南村也仰组滑坡.csv,,,other,False,user,1400,,,,,,
遵义市习水县寨坝镇习源村习源组上瓦房滑坡.csv,,,other,False,user,8212,,,,,,
黔西南州贞丰县鲁贡镇鲁贡村四组鲁贡滑坡.csv,,,other,False,user,18576,,,,,,
遵义市习水县习酒镇大湾村大堰老组大堰老滑坡.csv,,,other,False,user,1343,,,,,,
遵义市习水县大坡镇典礼坝村龙门组张家沟滑坡.csv,,,other,False,user,16128,,,,,,
黔东南州天柱县竹林镇花里村三组李才荣、李才河屋基滑坡.csv,,,other,False,user,966,,,,,,
贵阳市息烽县鹿窝镇鹿龙村邓阳寨组邓阳寨滑坡.csv,,,other,False,user,1318,,,,,,
黔西南州普安县九峰街道云庄村高坡组滑坡.csv,,,other,False,user,1366,,,,,,
黔南州荔波县朝阳镇山江村董更组新滑坡.csv,,,other,False,user,18577,,,,,,
六盘水市盘州市淤泥乡淤泥村1.2组滑坡.csv,,,other,False,user,1332,,,,,,
黔西南州普安县龙吟镇高阳村红岩组滑坡.csv,,,other,True,user,1354,,,,,,
黔东南州凯里市旁海镇旧寨村7组滑坡.csv,,,other,False,user,1401,,,,,,
遵义市习水县九龙街道黄木坪村鸭坝组滑坡.csv,,,other,False,user,1548,,,,,,
毕节市威宁县金钟镇文昌村龙营组谢家包包滑坡.csv,,,other,False,user,18576,,,,,,
六盘水市盘州市翰林街道办华屯村2、3、4、5组周家坡滑坡.csv,,,other,False,user,966,,,,,,
六盘水市水城区鸡场镇上营村田边组滑坡.csv,,,other,False,user,966,,,,,,
遵义市习水县土城镇长坝村一组兰家坡滑坡.csv,,,other,False,user,16381,,,,,,
遵义市习水县醒民镇醒民村五组岩脚滑坡.csv,,,other,False,user,18576,,,,,,
黔南州福泉市陆坪镇翁羊村鲊底组鲊底滑坡.csv,,,other,False,user,18576,,,,,,
黔南州贵定县宝山街道农庄村大栗树组滑坡.csv,,,other,False,user,18640,,,,,,
毕节市黔西市中建乡普盖村黄泥井组黄泥井滑坡.csv,,,other,False,user,966,,,,,,
黔东南州黄平县重安镇马场村分水岭组滑坡.csv,,,other,False,user,18576,,,,,,
铜仁市思南县胡家湾苗族土家族乡新峰村雷家沟组雷家沟滑坡.csv,,,other,False,user,1210,,,,,,
六盘水市盘州市柏果镇团结村2组刺业滑坡.csv,,,other,True,user,18576,,,,,,
毕节市纳雍县百兴镇大龙井村张家寨组张家寨滑坡.csv,,,other,False,user,16098,,,,,,
遵义市播州区泮水镇喻河村双龙井组滑坡.csv,,,other,False,user,1212,,,,,,
黔东南州镇远县羊坪镇石宝塘村金洞组滑坡.csv,,,other,False,user,966,,,,,,
六盘水市盘州市民主镇下糯寨村一、二组老寨子（待核销）滑坡.csv,,,other,False,user,1343,,,,,,
毕节市纳雍县勺窝镇联新社区六营三组六营滑坡.csv,,,other,False,user,1234,,,,,,
毕节市织金县官寨乡红岩村联合组滑坡.csv,,,other,False,user,18576,,,,,,
贵阳市观山湖区金华镇傲凡冲社区滑坡.csv,,,other,False,user,966,,,,,,
黔南州福泉市凤山镇竹王城村龙洞组上寨滑坡.csv,,,other,False,user,18639,,,,,,
铜仁市江口县坝盘镇竹山村桃树湾组滑坡.csv,,,other,False,user,18577,,,,,,
遵义市绥阳县坪乐镇顺河村吴家堡组滑坡.csv,,,other,False,user,18577,,,,,,
遵义市习水县桃林镇兴隆村新坪组新坪组滑坡.csv,,,other,False,user,1340,,,,,,
黔西南州贞丰县鲁贡镇暗老村里顺组里顺滑坡.csv,,,other,False,user,18576,,,,,,
遵义市习水县九龙街道大坝村坭井组泥井（待撤销）滑坡.csv,,,other,False,user,1210,,,,,,
六盘水市水城区阿戛镇箐口村发地组滑坡.csv,,,other,False,user,18576,,,,,,
黔东南州施秉县甘溪乡江凯村院子组滑坡.csv,,,other,False,user,966,,,,,,
黔西南州贞丰县沙坪镇里怀村纳怀组纳怀滑坡.csv,,,other,False,user,1364,,,,,,
毕节市威宁县新发乡得多村岩脚组岩脚坪子滑坡.csv,,,other,False,user,18640,,,,,,
遵义市习水县同民镇红旗村三组香炉寺滑坡.csv,,,other,False,user,18576,,,,,,
遵义市务川县分水镇三星村沙坝组滑坡.csv,,,other,False,user,9288,,,,,,
毕节市大方县黄泥塘镇背座村柏杨组（柏杨沟）滑坡.csv,,,other,False,user,1461,,,,,,
铜仁市沿河县和平街道大坪村楠木坪组滑坡.csv,,,other,False,user,18577,,,,,,
遵义市凤冈县龙泉街道办明阳社区蝗虫岩组滑坡.csv,,,other,False,user,1548,,,,,,
黔南州罗甸县龙坪镇云干社区八木村简桑组滑坡.csv,,,other,True,user,1362,,,,,,
铜仁市思南县大河坝镇泥溪村竹林组竹林滑坡.csv,,,other,False,user,1548,,,,,,
遵义市习水县二郎镇分水村生基坪组山顶上滑坡.csv,,,other,False,user,1548,,,,,,
黔西南州兴义市鲁布格镇中寨村大山组滑坡.csv,,,other,False,user,966,,,,,,
黔东南州岑巩县客楼镇鞍山村瓦窑桥组玉门坳页岩矿滑坡.csv,,,other,False,user,966,,,,,,
铜仁市万山区鱼塘乡新龙村大湾组1#滑坡.csv,,,other,False,user,1212,,,,,,
毕节市纳雍县水东镇水东社区小集镇规划区组周边滑坡.csv,,,other,False,user,18684,,,,,,
铜仁市思南县凉水井镇方家坪村庙湾组芭蕉园滑坡.csv,,,other,False,user,18576,,,,,,
黔东南州从江县停洞镇污昔村1组摆昔寨滑坡.csv,,,other,False,user,1401,,,,,,
贵阳市清镇市新店镇三合村徐家田组滑坡.csv,,,other,False,user,18640,,,,,,
铜仁市松桃县牛郎镇贵阳溪村飞蛾洞组滑坡.csv,,,other,False,user,1211,,,,,,
遵义市桐梓县燎原镇大关村大关组大坡顶滑坡.csv,,,other,False,user,18576,,,,,,
黔东南州黄平县野洞河镇龙井村高榜田组滑坡.csv,,,other,False,user,966,,,,,,
毕节市七星关区燕子口镇庆祝村瓦厂组滑坡.csv,,,other,False,user,966,,,,,,
黔西南州兴仁市大山镇老里旗村际山林组滑坡.csv,,,other,False,user,966,,,,,,
黔东南州从江县加鸠镇摆少村1、3组别学寨滑坡.csv,,,other,False,user,1217,,,,,,
黔西南州晴隆县安谷乡前进村塘边组塘边滑坡.csv,,,other,False,user,18640,,,,,,
六盘水市六枝特区新华镇双屯村大渡口组大渡口滑坡.csv,,,other,False,user,20836,,,,,,
毕节市赫章县辅处乡开嘎村河边组大窝窝滑坡.csv,,,other,False,user,18576,,,,,,
铜仁市德江县共和镇三联村大坪上组大坪上滑坡.csv,,,other,False,user,966,,,,,,
黔东南州剑河县柳川镇返排村二组、三组、五组滑坡.csv,,,other,False,user,966,,,,,,
黔东南州镇远县羊场镇天池村陈家湾组滑坡.csv,,,other,False,user,1401,,,,,,
遵义市红花岗区永乐镇群乐村尚窝沟组滑坡.csv,,,other,False,user,8212,,,,,,
毕节市七星关区大屯乡大河村田坝组滑坡.csv,,,other,False,user,16096,,,,,,
毕节市织金县三甲街道大街村偏坡组1号滑坡.csv,,,other,False,user,1412,,,,,,
毕节市织金县鸡场乡倮脚村中寨组滑坡.csv,,,other,True,user,2330,,,,,,
铜仁市思南县香坝镇冷溪村柏树坡组柏树坡滑坡.csv,,,other,False,user,1210,,,,,,
遵义市习水县习酒镇大湾村中心组滑坡.csv,,,other,False,user,1343,,,,,,
铜仁市石阡县大沙坝乡埃山村小埃山组滑坡.csv,,,other,False,user,966,,,,,,
黔南州贵定县盘江镇清定桥村清定桥组滑坡.csv,,,other,False,user,18640,,,,,,
六盘水市水城区红桥街道红山社区田坝组滑坡.csv,,,other,False,user,1367,,,,,,
黔东南州锦屏县启蒙镇中华村便形组滑坡.csv,,,other,False,user,14595,,,,,,
六盘水市水城区阿戛镇新划村陶家湾组滑坡.csv,,,other,False,user,1570,,,,,,
毕节市纳雍县张家湾镇河尾村河尾组滑坡.csv,,,other,False,user,1457,,,,,,
黔东南州镇远县蕉溪镇鱼塘村鱼塘组滑坡.csv,,,other,False,user,1462,,,,,,
六盘水市水城区鸡场镇箐头村卯家坡组滑坡.csv,,,other,False,user,1346,,,,,,
遵义市习水县三岔河镇顺江村农田组石壕子滑坡.csv,,,other,False,user,18576,,,,,,
铜仁市玉屏县新店镇朝阳村印家溪组灯草坪滑坡.csv,,,other,False,user,18576,,,,,,
铜仁市德江县长丰乡大田村堡上组堡上滑坡.csv,,,other,False,user,966,,,,,,
毕节市赫章县哲庄镇阿穴村东坡组滑坡.csv,,,other,False,user,18576,,,,,,
毕节市威宁县金钟镇新营村碳山组管家大坪子滑坡.csv,,,other,False,user,18575,,,,,,
铜仁市思南县邵家桥镇关上村龚家坳组龚家坳滑坡.csv,,,other,False,user,1210,,,,,,
黔西南州册亨县巧马镇纳贤村者岩组滑坡.csv,,,other,False,user,18640,,,,,,
黔东南州凯里市下司镇花桥村下庄组滑坡.csv,,,other,False,user,1400,,,,,,
铜仁市松桃县冷水溪镇木材溪村包家寨组滑坡.csv,,,other,False,user,18577,,,,,,
黔东南州天柱县邦洞街道革溪村四组滑坡.csv,,,other,False,user,966,,,,,,
毕节市威宁县么站镇田上村石门坎组树林梁子滑坡.csv,,,other,False,user,1407,,,,,,
毕节市大方县兴隆乡果木村李家沟组滑坡.csv,,,other,False,user,546,,,,,,
黔西南州册亨县双江镇秧饶村伟细组滑坡.csv,,,other,True,user,1199,,,,,,
遵义市习水县大坡镇建筑村河扁组葡村滑坡.csv,,,other,False,user,1344,,,,,,
铜仁市印江县木黄镇桅杆村坪上组坪上滑坡.csv,,,other,False,user,1210,,,,,,
黔东南州凯里市旁海镇清杠村三组滑坡.csv,,,other,False,user,1401,,,,,,
黔东南州黄平县重安镇干庄村青杠组滑坡.csv,,,other,False,user,1401,,,,,,
黔南州龙里县醒狮镇高吏目村高寨组滑坡.csv,,,other,False,user,18640,,,,,,
遵义市正安县格林镇源泉村红关组大田滑坡.csv,,,other,False,user,1406,,,,,,
黔南州福泉市凤山镇金凤村小平山组野猫洞滑坡.csv,,,other,False,user,18640,,,,,,
安顺市关岭县沙营镇路支村田坝组路支田坝滑坡.csv,,,other,False,user,966,,,,,,
黔南州贵定县昌明镇高坡村茶山光坡1号滑坡.csv,,,other,False,user,18576,,,,,,
黔西南州兴仁市屯脚镇双龙村烂浩田组滑坡.csv,,,other,True,user,18640,,,,,,
黔东南州锦屏县平略镇岑梧村三组滑坡.csv,,,other,False,user,14595,,,,,,
毕节市纳雍县雍熙街道银丰社区银丰组滑坡.csv,,,other,False,user,1234,,,,,,
铜仁市石阡县花桥镇鸭头坡村白果树坎上滑坡.csv,,,other,False,user,18577,,,,,,
毕节市七星关区清水铺镇南沟村湾子组滑坡.csv,,,other,False,user,966,,,,,,
遵义市正安县和溪镇米粮村街上组长沟滑坡.csv,,,other,True,user,1210,,,,,,
遵义市赤水市长期镇红卫村三组木岩坝（待核销）滑坡.csv,,,other,False,user,18576,,,,,,
遵义市道真县洛龙镇五一村大坡组大坡滑坡.csv,,,other,False,user,18640,,,,,,
黔东南州天柱县邦洞街道大僚村角龙组滑坡.csv,,,other,False,user,1400,,,,,,
遵义市桐梓县夜郎镇凉水村阳关塘组田坎上滑坡.csv,,,other,False,user,18576,,,,,,
铜仁市沿河县塘坝镇花桥村王坝朝组滑坡.csv,,,other,False,user,18577,,,,,,
六盘水市盘州市石桥镇鱼塘村1组迤勒滑坡.csv,,,other,False,user,1342,,,,,,
黔南州罗甸县边阳镇交砚社区石兴村牛寨组牛寨滑坡.csv,,,other,False,user,1376,,,,,,
六盘水市盘州市翰林街道小关村1.2组金竹坪滑坡.csv,,,other,False,user,20335,,,,,,
黔东南州台江县施洞镇岑孝村1组滑坡.csv,,,other,False,user,1217,,,,,,
黔西南州普安县茶源街道茶场社区丫口田组滑坡.csv,,,other,False,user,1364,,,,,,
毕节市织金县板桥镇跃进村杨家寨、大田、联合组滑坡.csv,,,other,False,user,966,,,,,,
黔东南州锦屏县河口乡美蒙村溪边组滑坡.csv,,,other,False,user,14595,,,,,,
黔西南州册亨县冗渡镇岜么村者中组哪岜滑坡.csv,,,other,True,user,1348,,,,,,
铜仁市思南县胡家湾苗族土家族乡江丰村后坝组后坝滑坡.csv,,,other,False,user,18577,,,,,,
铜仁市松桃县甘龙镇木树村马劲坳组学堂堡滑坡.csv,,,other,False,user,1541,,,,,,
毕节市纳雍县维新镇马家包村学校边组学校边滑坡.csv,,,other,False,user,9285,,,,,,
六盘水市水城区玉舍镇木柯村红发组营盘脚滑坡.csv,,,other,False,user,1367,,,,,,
六盘水市盘州市盘关镇沿塘村7、12组混居脑子上滑坡.csv,,,other,False,user,18576,,,,,,
铜仁市印江县新寨镇陈家村陈家组陈家滑坡.csv,,,other,False,user,1210,,,,,,
黔西南州兴仁市回龙镇坪寨村永寨组待核销滑坡.csv,,,other,False,user,18639,,,,,,
黔西南州贞丰县龙场镇三河村杉树田组杉树田滑坡.csv,,,other,False,user,18576,,,,,,
黔东南州镇远县都坪镇拱桥村滚仁溪组滚仁溪滑坡.csv,,,other,False,user,966,,,,,,
遵义市赤水市官渡镇玉皇村长欠组高台上滑坡.csv,,,other,False,user,1548,,,,,,
黔东南州镇远县舞阳镇岔河村芭蕉湾组滑坡.csv,,,other,False,user,14593,,,,,,
铜仁市碧江区坝黄镇长坪村柳家组滑坡.csv,,,other,False,user,966,,,,,,
贵阳市息烽县温泉镇兴隆村干沟组滑坡.csv,,,other,False,user,23403,,,,,,
铜仁市思南县大河坝镇柏岩村小溪组小溪滑坡.csv,,,other,False,user,1210,,,,,,
铜仁市松桃县甘龙镇平会村老屋基组滑坡.csv,,,other,False,user,1210,,,,,,
黔南州福泉市道坪镇谷龙村构皮根组构皮根滑坡.csv,,,other,False,user,18640,,,,,,
铜仁市思南县兴隆土家族苗族乡跃进村半坡组半坡滑坡.csv,,,other,False,user,18577,,,,,,
遵义市赤水市葫市镇高桥村六组大兴田滑坡.csv,,,other,False,user,966,,,,,,
毕节市纳雍县新房乡大河坝村大垮坡组大垮坡滑坡.csv,,,other,False,user,16096,,,,,,
黔东南州凯里市湾水镇湾水村平东组滑坡.csv,,,other,False,user,966,,,,,,
毕节市织金县三塘镇落处村大梨树组滑坡.csv,,,other,False,user,966,,,,,,
黔东南州镇远县青溪镇甘溪村禾梨坳组滑坡.csv,,,other,False,user,966,,,,,,
黔东南州凯里市舟溪镇苗岭村茶林寨组滑坡.csv,,,other,False,user,1401,,,,,,
黔西南州晴隆县莲城街道文丰社区八组双山滑坡.csv,,,other,False,user,1198,,,,,,
遵义市务川县泥高镇竹园村中心三组滑坡.csv,,,other,False,user,1337,,,,,,
黔西南州册亨县丫他镇洛省村洛省组滑坡.csv,,,other,False,user,18640,,,,,,
铜仁市德江县共和镇胜利村对门组对门滑坡.csv,,,other,False,user,966,,,,,,
遵义市道真县三江镇群乐村街上组火石坝滑坡.csv,,,other,False,user,16418,,,,,,
黔东南州凯里市万潮镇香炉山村岩脚组滑坡.csv,,,other,False,user,1401,,,,,,
黔西南州兴仁市东湖街道新房子村烂潭一组滑坡.csv,,,other,False,user,966,,,,,,
贵阳市开阳县云开街道石头村马岔河组滑坡.csv,,,other,False,user,18640,,,,,,
遵义市余庆县花山乡花山村塘坎组塘坎滑坡.csv,,,other,False,user,1368,,,,,,
黔东南州从江县东朗镇九德村1组滑坡.csv,,,other,False,user,14595,,,,,,
遵义市习水县同民镇茶垭村三组三星台滑坡.csv,,,other,False,user,18576,,,,,,
黔东南州天柱县江东镇五星村东方组滑坡.csv,,,other,False,user,18576,,,,,,
六盘水市盘州市淤泥乡下苏座村1.2.3组滑坡.csv,,,other,False,user,1369,,,,,,
黔东南州台江县老屯乡岑邦村2组滑坡.csv,,,other,False,user,966,,,,,,
六盘水市水城区勺米镇坡脚村坡脚组坡脚滑坡.csv,,,other,False,user,1343,,,,,,
遵义市务川县镇南镇同心村石园组滑坡.csv,,,other,False,user,1338,,,,,,
黔东南州榕江县寨蒿镇大堡村高簸组滑坡.csv,,,other,False,user,966,,,,,,
黔东南州从江县刚边乡高麻村1—13组滑坡.csv,,,other,False,user,14593,,,,,,
黔西南州册亨县丫他镇田坎村三组滑坡.csv,,,other,False,user,18640,,,,,,
铜仁市思南县双塘街道四联村岩脚组岩脚滑坡.csv,,,other,False,user,1166,,,,,,
黔西南州贞丰县白层镇这硐村平赖组滑坡.csv,,,other,False,user,18576,,,,,,
毕节市纳雍县骔岭镇腰岩村腰岩组半坡上高位滑坡.csv,,,other,False,user,966,,,,,,
黔东南州三穗县款场乡款场村岑化组滑坡.csv,,,other,False,user,14593,,,,,,
毕节市纳雍县沙包镇天星村二屯坡组二屯坡组滑坡.csv,,,other,False,user,1421,,,,,,
黔东南州黎平县九潮镇九潮村九组井母滑坡.csv,,,other,False,user,966,,,,,,
毕节市纳雍县百兴镇刘家寨村河落冲组河落冲滑坡.csv,,,other,False,user,18576,,,,,,
安顺市紫云县火花镇洗鸭河村坝雨组(正在搬迁)滑坡.csv,,,other,False,user,966,,,,,,
黔南州独山县麻尾镇董岭村尧勤组白岩滑坡.csv,,,other,False,user,16508,,,,,,
黔西南州普安县楼下镇楼下村松林六组松林六滑坡.csv,,,other,True,user,1333,,,,,,
遵义市务川县柏村镇龙台村集中组滑坡.csv,,,other,False,user,1338,,,,,,
毕节市金沙县清池镇大坝村大坝组梅家寨子滑坡.csv,,,other,False,user,1462,,,,,,
六盘水市盘州市石桥镇雅达村7组李家寨滑坡.csv,,,other,False,user,1376,,,,,,
遵义市正安县新州镇龙岗村漆树溪组漆树溪滑坡.csv,,,other,False,user,18576,,,,,,
黔东南州丹寨县雅灰乡排寿村一组滑坡.csv,,,other,False,user,7298,,,,,,
贵阳市云岩区黔灵镇雅关村对门寨组（重复）滑坡.csv,,,other,False,user,18640,,,,,,
遵义市播州区泮水镇联盟村楠木坝组滑坡.csv,,,other,False,user,966,,,,,,
黔东南州三穗县桐林镇新场村八组滑坡.csv,,,other,False,user,966,,,,,,
黔东南州凯里市舟溪镇新光村五组滑坡.csv,,,other,False,user,1400,,,,,,
铜仁市石阡县汤山街道北塔村龙井组滑坡.csv,,,other,False,user,966,,,,,,
六盘水市水城区鸡场镇旗帜村小岩脚组滑坡.csv,,,other,False,user,1358,,,,,,
黔南州瓮安县银盏镇渔河社区河脚组河脚滑坡.csv,,,other,False,user,18640,,,,,,
毕节市黔西市观音洞镇石林村四、五组滑坡.csv,,,other,False,user,16097,,,,,,
铜仁市石阡县河坝镇翁坪村高坎子组滑坡.csv,,,other,False,user,1212,,,,,,
黔东南州凯里市炉山镇百官村白蜡冲组滑坡.csv,,,other,False,user,966,,,,,,
六盘水市水城区米箩镇倮么村柏秧组滑坡.csv,,,other,False,user,20787,,,,,,
黔南州贵定县昌明镇桐荡村桐木冲组桐木冲滑坡.csv,,,other,False,user,1348,,,,,,
黔东南州丹寨县兴仁镇卓佐村三组瓦窑边滑坡.csv,,,other,False,user,14595,,,,,,
黔东南州镇远县舞阳镇岔河村胡家坡组滑坡.csv,,,other,False,user,966,,,,,,
遵义市习水县大坡镇黄河坝村富民组毛脚坪滑坡.csv,,,other,False,user,18576,,,,,,
黔东南州凯里市湾水镇湾水村上、下羊排组滑坡.csv,,,other,False,user,1400,,,,,,
黔东南州黄平县谷陇镇凤山村腊望4组滑坡.csv,,,other,False,user,1400,,,,,,
遵义市习水县回龙镇和平村坪上组坪上滑坡.csv,,,other,False,user,18576,,,,,,
遵义市仁怀市茅台镇双龙村关岩沟组滑坡.csv,,,other,False,user,7850,,,,,,
六盘水市盘州市英武镇沙姑村1.2.3组滑坡.csv,,,other,False,user,18576,,,,,,
六盘水市盘州市英武镇鲁木村5组牛角山（待核销）滑坡.csv,,,other,False,user,20741,,,,,,
毕节市威宁县黑土河镇落开村三组大火地滑坡.csv,,,other,False,user,1376,,,,,,
毕节市纳雍县曙光镇箐脚村大半坡组滑坡.csv,,,other,False,user,18576,,,,,,
贵阳市开阳县龙水乡花山村三百拢组滑坡.csv,,,other,False,user,18639,,,,,,
遵义市道真县三桥镇塘村村倒角组倒角滑坡.csv,,,other,False,user,9288,,,,,,
遵义市桐梓县新站镇农里村向阳组滑坡.csv,,,other,False,user,1338,,,,,,
黔东南州黎平县坝寨乡青龙村路边组滑坡.csv,,,other,False,user,18640,,,,,,
黔南州都匀市墨冲镇罗马村交寨边组交边寨滑坡.csv,,,other,False,user,18640,,,,,,
黔西南州贞丰县白层镇猫坡村猫坡组猫坡滑坡.csv,,,other,False,user,18576,,,,,,
黔东南州雷山县大塘镇高岩村高岩组滑坡.csv,,,other,False,user,1354,,,,,,
铜仁市松桃县孟溪镇桃子坪村黄家湾组滑坡.csv,,,other,False,user,1548,,,,,,
安顺市普定县化处镇硐口村火把沟组滑坡.csv,,,other,True,user,1316,,,,,,
黔西南州兴义市洛万乡平寨村小寨组滑坡.csv,,,other,True,user,1355,,,,,,
黔南州三都县凤羽街道中纳村六组交易滑坡.csv,,,other,True,user,1376,,,,,,
遵义市赤水市官渡镇仙鹤村仓子坝组石格闹（待核销）滑坡.csv,,,other,False,user,1800,,,,,,
遵义市绥阳县黄杨镇清溪村官庄组滑坡.csv,,,other,False,user,16506,,,,,,
遵义市桐梓县燎原镇黎思村岗上组岩窝滑坡.csv,,,other,False,user,18576,,,,,,
黔西南州贞丰县白层镇坡烂村下许料组下许料滑坡.csv,,,other,False,user,1376,,,,,,
遵义市桐梓县高桥镇龙爪村岩底下组蚂蝗箐滑坡.csv,,,other,False,user,1557,,,,,,
遵义市赤水市宝源乡宝源村二组大榜上滑坡.csv,,,other,True,user,1339,,,,,,
黔东南州黄平县平溪镇农丰村老场坎组滑坡.csv,,,other,False,user,1401,,,,,,
黔西南州普安县江西坡镇下山村杨家冲组杨家冲滑坡.csv,,,other,False,user,966,,,,,,
黔东南州丹寨县龙泉镇乌尧村一组下寨滑坡.csv,,,other,False,user,14593,,,,,,
毕节市七星关区层台镇付家沟村上坝组滑坡.csv,,,other,False,user,966,,,,,,
铜仁市沿河县夹石镇敖家村敖家组滑坡.csv,,,other,False,user,18577,,,,,,
铜仁市石阡县汤山街道金庄村铺子坳组滑坡.csv,,,other,False,user,18577,,,,,,
铜仁市印江县峨岭街道普同村燕子阡组滑坡.csv,,,other,False,user,1210,,,,,,
六盘水市六枝特区月亮河彝族布依族苗族乡洛阳村下杨柳冲组滑坡.csv,,,other,False,user,10371,,,,,,
黔东南州台江县南宫镇交包村7组滑坡.csv,,,other,False,user,14595,,,,,,
黔东南州锦屏县大同乡秀洞村五组寨上滑坡.csv,,,other,False,user,14593,,,,,,
铜仁市沿河县思渠镇渡江村毛渡组滑坡.csv,,,other,False,user,966,,,,,,
黔南州三都县都江镇月亮村盖赖 4、5、6、9 组盖赖滑坡.csv,,,other,False,user,1328,,,,,,
毕节市纳雍县水东镇簸落村大坪组青山口滑坡.csv,,,other,False,user,18576,,,,,,
贵阳市清镇市新店镇三合村韩家寨组滑坡.csv,,,other,False,user,18640,,,,,,
黔西南州望谟县乐元镇里好村里举组滑坡.csv,,,other,False,user,1375,,,,,,
黔东南州丹寨县排调镇高峰村六组加配下寨滑坡.csv,,,other,False,user,1205,,,,,,
黔东南州凯里市开怀街道党果村小高山组滑坡.csv,,,other,False,user,13299,,,,,,
毕节市七星关区清水铺镇民族村官仓组-2滑坡.csv,,,other,False,user,1376,,,,,,
贵阳市息烽县小寨坝红岩村老赶山组滑坡.csv,,,other,False,user,18640,,,,,,
黔西南州册亨县八渡镇八渡村坝伦组滑坡.csv,,,other,False,user,966,,,,,,
六盘水市钟山区木果镇新丰村六组王家坝滑坡.csv,,,other,False,user,20826,,,,,,
毕节市大方县对江镇金星村金星组滑坡.csv,,,other,False,user,18639,,,,,,
铜仁市思南县关中坝街道长江村下层组下层滑坡.csv,,,other,False,user,18577,,,,,,
铜仁市思南县关中坝街道映山村牛鼻水组牛鼻水滑坡.csv,,,other,False,user,18573,,,,,,
毕节市威宁县金钟镇狮子村鱼塘组宋家地滑坡.csv,,,other,False,user,1210,,,,,,
黔东南州施秉县甘溪乡江凯村大寨组2号滑坡.csv,,,other,False,user,966,,,,,,
毕节市纳雍县张家湾镇补仲村半坡组1号滑坡.csv,,,other,False,user,20789,,,,,,
黔南州贵定县昌明镇马踏村盐井组滑坡.csv,,,other,False,user,10763,,,,,,
遵义市湄潭县石莲镇新华村新民组麻窝滑坡.csv,,,other,False,user,966,,,,,,
黔东南州丹寨县兴仁镇排佐村乌寿中寨滑坡.csv,,,other,False,user,7298,,,,,,
遵义市凤冈县凤岭街道办宏丰村小沟组滑坡.csv,,,other,False,user,1548,,,,,,
六盘水市水城区比德镇比德村龙井组滑坡.csv,,,other,False,user,1548,,,,,,
毕节市黔西市五里乡桐山村四组滑坡.csv,,,other,False,user,16095,,,,,,
遵义市习水县程寨镇罗汉寺村坝上组桃子湾滑坡.csv,,,other,False,user,16381,,,,,,
六盘水市钟山区大河镇裕民村四组五一楼滑坡.csv,,,other,False,user,20787,,,,,,
遵义市正安县新州镇活石坝村楼房沟组滑坡.csv,,,other,True,user,1339,,,,,,
铜仁市思南县大河坝镇桃子桠村张湾组张湾滑坡.csv,,,other,False,user,1069,,,,,,
黔西南州普安县盘水街道大榜村白秧坪组白秧坪滑坡.csv,,,other,False,user,966,,,,,,
遵义市习水县回龙镇向阳村板栗树组板栗树滑坡.csv,,,other,False,user,1343,,,,,,
黔东南州岑巩县羊桥乡蓑衣村南三组南山组滑坡.csv,,,other,False,user,1403,,,,,,
铜仁市思南县胡家湾苗族土家族乡大坝头村大坝头组大坝头滑坡.csv,,,other,False,user,1210,,,,,,
黔东南州雷山县丹江镇陶尧村四组果梅滑坡.csv,,,other,False,user,14593,,,,,,
黔东南州从江县往洞镇吾架村3组滑坡.csv,,,other,True,user,14595,,,,,,
毕节市纳雍县水东镇沙坝村丫口田组滑坡.csv,,,other,False,user,1364,,,,,,
贵阳市开阳县金中镇大水村沙场组沙场滑坡.csv,,,other,True,user,18639,,,,,,
遵义市桐梓县楚米镇元田村阳正湾组滑坡.csv,,,other,False,user,18576,,,,,,
遵义市汇川区山盆镇打鼓村王家坪组（1606组风险斜坡）滑坡.csv,,,other,False,user,1548,,,,,,
铜仁市思南县天桥土家族苗族乡鞍山村马鞍山组马鞍山滑坡.csv,,,other,False,user,17467,,,,,,
铜仁市印江县新寨镇旦坡村大青坳组大青坳滑坡.csv,,,other,False,user,966,,,,,,
黔南州福泉市金山街道城郊村田坎组小寨滑坡.csv,,,other,False,user,1355,,,,,,
六盘水市六枝特区月亮河彝族布依族苗族乡滥坝村三组（大岭岗）滑坡.csv,,,other,False,user,1456,,,,,,
铜仁市沿河县谯家镇高田村白岩组滑坡.csv,,,other,False,user,1548,,,,,,
毕节市大方县马场镇新丰村14组滑坡.csv,,,other,False,user,1234,,,,,,
遵义市汇川区山盆镇李梓村牛栏组滑坡.csv,,,other,True,user,401,,,,,,
六盘水市六枝特区新窑镇新河村水再田组滑坡.csv,,,other,False,user,20873,,,,,,
毕节市赫章县德卓镇胜营村石龙组石龙滑坡.csv,,,other,False,user,1418,,,,,,
毕节市七星关区层台镇幸福村刘家寨组滑坡.csv,,,other,False,user,1414,,,,,,
黔西南州贞丰县沙坪镇尾俄村里弄一组里弄滑坡.csv,,,other,False,user,18608,,,,,,
六盘水市盘州市鸡场坪镇垤坞村一组滑坡.csv,,,other,False,user,20741,,,,,,
安顺市关岭县岗乌镇纳磨村小白岩组小白岩滑坡.csv,,,other,False,user,966,,,,,,
黔西南州安龙县德卧镇扁占村伟核一组滑坡.csv,,,other,False,user,966,,,,,,
毕节市纳雍县维新镇盐井村湾子组湾子滑坡.csv,,,other,False,user,18576,,,,,,
遵义市汇川区山盆镇雨台村下红联组（翁家湾滑坡）组滑坡.csv,,,other,False,user,1548,,,,,,
黔东南州镇远县金堡镇秀地村中寨组滑坡.csv,,,other,True,user,2330,,,,,,
黔西南州兴义市乌沙镇乌沙村小河边组待核销滑坡.csv,,,other,False,user,1548,,,,,,
铜仁市印江县新寨镇撕栗坪村核桃坪组核桃坪滑坡.csv,,,other,True,user,1210,,,,,,
铜仁市沿河县沙子街道塘山村盖上组滑坡.csv,,,other,False,user,1212,,,,,,
黔东南州雷山县丹江镇羊排村6、7组滑坡.csv,,,other,False,user,14595,,,,,,
遵义市赤水市官渡镇渔湾村金台上组水地榜滑坡.csv,,,other,False,user,16422,,,,,,
贵阳市开阳县南江乡龙广村杨家湾组2#滑坡.csv,,,other,False,user,18640,,,,,,
遵义市习水县习酒镇大湾村把狮坳组滑坡.csv,,,other,False,user,1343,,,,,,
黔西南州兴仁市下山镇大坝村大箐组滑坡.csv,,,other,False,user,16169,,,,,,
黔西南州晴隆县安谷乡前进村胜利四组水鸭滑坡.csv,,,other,True,user,18640,,,,,,
黔南州长顺县鼓扬镇格道村大地组滑坡.csv,,,other,False,user,9320,,,,,,
黔东南州锦屏县启蒙镇地茶村四组地茶小寨滑坡.csv,,,other,False,user,14595,,,,,,
黔东南州丹寨县龙泉镇塘中村二组上三家(调整为风险斜坡）滑坡.csv,,,other,False,user,18639,,,,,,
六盘水市盘州市柏果镇比中村10组包包寨滑坡.csv,,,other,False,user,704,,,,,,
贵阳市开阳县花梨镇花梨村山高坟组滑坡.csv,,,other,False,user,18541,,,,,,
安顺市紫云县坝羊镇大坡村岩脚寨组岩脚寨滑坡.csv,,,other,False,user,16420,,,,,,
黔东南州台江县排羊乡屯上村1、2组滑坡.csv,,,other,True,user,1401,,,,,,
黔东南州雷山县丹江镇东门村3、4、5组金鼎龙酒店背后滑坡.csv,,,other,False,user,966,,,,,,
遵义市习水县程寨镇红旗村田榜组猫猫孔滑坡.csv,,,other,False,user,16418,,,,,,
黔西南州兴义市白碗窑镇大水井村长坡岭组滑坡.csv,,,other,False,user,18576,,,,,,
遵义市正安县班竹镇新模村白果塘组学校门口滑坡.csv,,,other,False,user,18576,,,,,,
黔东南州雷山县西江镇开觉村上寨组滑坡.csv,,,other,False,user,966,,,,,,
毕节市威宁县金钟镇文昌村新田组新田冲子滑坡.csv,,,other,False,user,1416,,,,,,
铜仁市德江县长堡镇三角村上白果组上白果滑坡.csv,,,other,False,user,1210,,,,,,
六盘水市水城区顺场乡营盘村马口组顺场街上滑坡.csv,,,other,False,user,1367,,,,,,
铜仁市思南县凉水井镇胡家庄村猛溪沟组猛溪沟滑坡.csv,,,other,False,user,966,,,,,,
遵义市仁怀市茅台镇玉屏村灯盏驼组滑坡.csv,,,other,False,user,1339,,,,,,
黔西南州贞丰县白层镇福怀村福亚组滑坡.csv,,,other,False,user,1198,,,,,,
铜仁市思南县青杠坡镇龙家寨村映山红组映山红滑坡.csv,,,other,False,user,1210,,,,,,
六盘水市盘州市鸡场坪镇塘子边村19-20组牛上坡滑坡.csv,,,other,False,user,966,,,,,,
毕节市七星关区大屯乡烙烘村转山组杨家坡滑坡.csv,,,other,False,user,18576,,,,,,
黔东南州三穗县款场乡兴隆村括溪组滑坡.csv,,,other,False,user,18640,,,,,,
贵阳市开阳县龙水乡龙溪村大湾组滑坡.csv,,,other,False,user,1212,,,,,,
铜仁市印江县朗溪镇坪阳村水塘组水塘滑坡.csv,,,other,False,user,18577,,,,,,
黔东南州台江县台拱街道西街村7、8组滑坡.csv,,,other,False,user,14593,,,,,,
黔东南州台江县萃文街道朗等村1、2、3、4组民族高中滑坡.csv,,,other,False,user,14595,,,,,,
毕节市大方县黄泥塘镇营新村丫口组滑坡.csv,,,other,False,user,987,,,,,,
遵义市绥阳县黄杨镇洗马池村大堡组滑坡.csv,,,other,False,user,966,,,,,,
黔东南州凯里市大风洞镇大寨村沙田组滑坡.csv,,,other,False,user,1403,,,,,,
黔南州长顺县摆所镇摆所社区一组偏坡院滑坡.csv,,,other,False,user,1474,,,,,,
六盘水市盘州市双凤镇松林村6组滑坡.csv,,,other,True,user,1333,,,,,,
贵阳市修文县六桶镇海马孔村白石组滑坡.csv,,,other,False,user,18639,,,,,,
黔东南州三穗县八弓镇良士村良士组滑坡.csv,,,other,False,user,6568,,,,,,
六盘水市水城区鸡场镇坪地村发那组滑坡.csv,,,other,False,user,18576,,,,,,
黔西南州晴隆县莲城街道江兴村合兴三、四组合兴滑坡.csv,,,other,True,user,1368,,,,,,
铜仁市德江县荆角乡角口村下东门组滑坡.csv,,,other,True,user,1212,,,,,,
贵阳市乌当区下坝镇岩山村枧槽坝组滑坡.csv,,,other,False,user,1557,,,,,,
黔东南州镇远县江古镇大岭村麻栗山组滑坡.csv,,,other,False,user,966,,,,,,
六盘水市盘州市羊场乡何家寨村大水井组滑坡.csv,,,other,False,user,966,,,,,,
黔西南州册亨县双江镇坝纳村巧然组滑坡.csv,,,other,False,user,18638,,,,,,
毕节市威宁县金钟镇院箐村公路组东门院子滑坡.csv,,,other,True,user,18576,,,,,,
遵义市播州区播南街道青山社区青山组滑坡.csv,,,other,False,user,1400,,,,,,
遵义市汇川区山盆镇新华村庙岗组新田组滑坡.csv,,,other,True,user,4803,,,,,,
铜仁市思南县凉水井镇关口村王家岩组王家岩滑坡.csv,,,other,False,user,1210,,,,,,
毕节市大方县兴隆乡果木村群兴组滑坡.csv,,,other,False,user,966,,,,,,
黔东南州镇远县舞阳镇界牌村桃花山组滑坡.csv,,,other,False,user,18541,,,,,,
毕节市纳雍县维新镇水落冲村杜家寨组滑坡.csv,,,other,False,user,16146,,,,,,
黔东南州凯里市舟溪镇曼洞村水井坎滑坡.csv,,,other,False,user,1338,,,,,,
黔东南州施秉县牛大场镇山口村下新屯组2号滑坡.csv,,,other,False,user,20836,,,,,,
黔东南州凯里市凯棠镇火香村八组滑坡.csv,,,other,False,user,1400,,,,,,
遵义市正安县碧峰镇羊坎村杨家嘴组董家坡滑坡.csv,,,other,False,user,16418,,,,,,
铜仁市思南县三道水土家族苗族乡高坡村高坡组柳家寨滑坡.csv,,,other,False,user,966,,,,,,
毕节市纳雍县厍东关乡梅花村龙井组龙井滑坡.csv,,,other,False,user,966,,,,,,
贵阳市清镇市新店镇三合村龙井组滑坡.csv,,,other,False,user,1548,,,,,,
遵义市习水县桃林镇丰河村创兴组定家坪滑坡.csv,,,other,False,user,18576,,,,,,
毕节市黔西市中坪镇黄泥坡村仓堡田组仓堡田滑坡.csv,,,other,False,user,17180,,,,,,
铜仁市松桃县孟溪镇铜钱山村滑石板组滑坡.csv,,,other,False,user,18577,,,,,,
黔东南州雷山县望丰乡乌的村11.14.15组小乌的滑坡.csv,,,other,False,user,14593,,,,,,
安顺市普定县鸡场坡镇红岩村大竹林组（待核销）滑坡.csv,,,other,False,user,1545,,,,,,
铜仁市江口县德旺乡坝梅村小烂塘组滑坡.csv,,,other,False,user,18577,,,,,,
铜仁市印江县木黄镇岑阳村一二组滑坡.csv,,,other,False,user,18577,,,,,,
铜仁市思南县凉水井镇冉家坳村毛井洞组毛井洞滑坡.csv,,,other,False,user,1210,,,,,,
六盘水市盘州市英武镇沙姑村20组滑坡.csv,,,other,False,user,20718,,,,,,
毕节市七星关区梨树镇车坝村二组滑坡.csv,,,other,False,user,1548,,,,,,
遵义市务川县浞水镇花园村寨子组和园子滑坡.csv,,,other,False,user,955,,,,,,
铜仁市沿河县沙子街道井坝村官坟组滑坡.csv,,,other,False,user,966,,,,,,
铜仁市松桃县盘信镇三宝营村三组青杠坪滑坡.csv,,,other,False,user,1401,,,,,,
铜仁市德江县荆角乡角口村下赵家组滑坡.csv,,,other,False,user,966,,,,,,
黔东南州丹寨县排调镇排调村新街组滑坡.csv,,,other,True,user,14593,,,,,,
铜仁市江口县桃映镇妙石村铁厂组滑坡.csv,,,other,False,user,18577,,,,,,
黔西南州普安县南湖街道打坝村打坝小组滑坡.csv,,,other,True,user,1333,,,,,,
黔西南州安龙县海子镇箐口村箐口组滑坡.csv,,,other,False,user,966,,,,,,
六盘水市钟山区金盆乡天生桥村九组新村滑坡.csv,,,other,False,user,1548,,,,,,
铜仁市松桃县盘信镇茶园村2、3组斩龙坳滑坡.csv,,,other,False,user,1211,,,,,,
贵阳市修文县久长街道兴隆村上寨五组滑坡.csv,,,other,True,user,18639,,,,,,
毕节市织金县黑土镇木利村下坝组滑坡.csv,,,other,False,user,1210,,,,,,
铜仁市玉屏县皂角坪街道皂角坪村大树边组大湾滑坡.csv,,,other,True,user,1212,,,,,,
黔西南州普安县盘水街道河边村茶林组茶林滑坡.csv,,,other,False,user,966,,,,,,
遵义市凤冈县花坪街道办关口村火石堡组坡底下滑坡.csv,,,other,True,user,4782,,,,,,
遵义市汇川区山盆镇丛坝村和平组（1116组风险斜坡）滑坡.csv,,,other,False,user,1400,,,,,,
毕节市纳雍县阳长镇花坡村七组大土头滑坡.csv,,,other,False,user,1234,,,,,,
六盘水市水城区发耳镇双井村罗家田组滑坡.csv,,,other,False,user,966,,,,,,
贵阳市息烽县西山镇胜利村砂土组1号滑坡.csv,,,other,False,user,18639,,,,,,
六盘水市钟山区金盆乡天生桥村二组小树林滑坡.csv,,,other,False,user,1338,,,,,,
遵义市仁怀市茅台镇尧村村代顶组滑坡.csv,,,other,True,user,1339,,,,,,
遵义市道真县旧城镇永城村干家田组杨堡坪滑坡.csv,,,other,False,user,966,,,,,,
遵义市红花岗区永乐镇高粱村尚家寨组滑坡.csv,,,other,False,user,8212,,,,,,
黔西南州普安县罗汉镇老山田村丫口上组丫口滑坡.csv,,,other,False,user,18576,,,,,,
黔东南州从江县贯洞镇八洛村1、2、3、4组滑坡.csv,,,other,False,user,1217,,,,,,
黔西南州望谟县蔗香镇乐康村二组滑坡.csv,,,other,False,user,18576,,,,,,
黔东南州雷山县丹江镇干皎村二、三组滑坡.csv,,,other,False,user,966,,,,,,
黔东南州镇远县尚寨乡丰收村苗屯组滑坡.csv,,,other,False,user,966,,,,,,
黔东南州丹寨县南皋乡四方山村五组中寨滑坡.csv,,,other,False,user,14593,,,,,,
遵义市桐梓县羊磴镇双龙村道角组林平滑坡.csv,,,other,False,user,18576,,,,,,
黔东南州锦屏县固本乡南河村江口组墓王坡滑坡.csv,,,other,False,user,1168,,,,,,
铜仁市德江县沙溪乡龙坝村唐家溪组滑坡.csv,,,other,False,user,966,,,,,,
黔东南州麻江县宣威镇瓮袍村黄土寨组营坡脚滑坡.csv,,,other,False,user,1401,,,,,,
黔东南州榕江县平永镇田坝村六组滑坡.csv,,,other,False,user,966,,,,,,
毕节市纳雍县水东镇金子村丫口田组丫口田滑坡.csv,,,other,False,user,18576,,,,,,
铜仁市万山区大坪乡清塘村砚瓦溪组砚瓦溪滑坡.csv,,,other,False,user,1212,,,,,,
黔东南州凯里市舟溪镇大营盘村下寨组滑坡.csv,,,other,False,user,1400,,,,,,
毕节市金沙县马路乡木落村湾子组滑坡.csv,,,other,False,user,1461,,,,,,
毕节市大方县理化乡长春村金州组观众土（二、四、五小组）滑坡.csv,,,other,False,user,18575,,,,,,
铜仁市沿河县板场镇洋溪村七组滑坡.csv,,,other,False,user,966,,,,,,
黔东南州镇远县羊场镇龙洞村翁康组滑坡.csv,,,other,False,user,966,,,,,,
铜仁市松桃县冷水溪镇陶家沟村沙土组滑坡.csv,,,other,False,user,20427,,,,,,
黔东南州丹寨县兴仁镇乌哩村四、五组下寨滑坡.csv,,,other,False,user,14593,,,,,,
黔东南州镇远县舞阳镇西秀村小菜园组滑坡.csv,,,other,False,user,317,,,,,,
黔东南州丹寨县扬武镇争光村三组黄泥田（新转）滑坡.csv,,,other,True,user,14337,,,,,,
黔东南州丹寨县排调镇巫起村三组老屋基滑坡.csv,,,other,False,user,14595,,,,,,
黔西南州册亨县八渡镇八渡村坝舍组纳贺滑坡.csv,,,other,False,user,18640,,,,,,
黔东南州天柱县邦洞街道大河边村什会组什会滑坡.csv,,,other,False,user,14595,,,,,,
铜仁市松桃县平头镇岑字村竹塘组竹塘滑坡.csv,,,other,False,user,1211,,,,,,
黔西南州兴仁市百德镇小川村小乐上组滑坡.csv,,,other,False,user,18576,,,,,,
铜仁市印江县板溪镇柏果村椿树湾组椿树湾滑坡.csv,,,other,False,user,1210,,,,,,
黔西南州贞丰县鲁容乡里秀村新寨组新寨滑坡.csv,,,other,False,user,1376,,,,,,
毕节市黔西市观音洞镇熊洞村3组滑坡.csv,,,other,False,user,16098,,,,,,
铜仁市沿河县和平街道大溪村大溪组大田坎滑坡.csv,,,other,False,user,18577,,,,,,
黔西南州册亨县岩架镇纳碰村下洛卡组滑坡.csv,,,other,False,user,1198,,,,,,
毕节市纳雍县勺窝镇糯珠谷村代家寨组代家寨滑坡.csv,,,other,False,user,18576,,,,,,
遵义市道真县旧城镇旧城村中井湾组中井湾滑坡.csv,,,other,False,user,1338,,,,,,
黔南州罗甸县凤亭乡国光村六组上里王滑坡.csv,,,other,False,user,18640,,,,,,
六盘水市盘州市石桥镇鲁底村1组顾家寨滑坡.csv,,,other,False,user,1343,,,,,,
贵阳市息烽县小寨坝关岭村大沟组滑坡.csv,,,other,True,user,18640,,,,,,
遵义市仁怀市茅台镇向阳村双沟组滑坡.csv,,,other,False,user,7850,,,,,,
黔南州罗甸县逢亭镇纳上村一、二组滑坡.csv,,,other,True,user,1362,,,,,,
贵阳市开阳县花梨镇花梨村白岩组滑坡.csv,,,other,False,user,18541,,,,,,
铜仁市石阡县花桥镇万佛村苏麻坳组滑坡.csv,,,other,False,user,1342,,,,,,
六盘水市盘州市鸡场坪镇迤坝村4组岩子脚滑坡.csv,,,other,False,user,1359,,,,,,
毕节市赫章县威奢乡渔塘村柏枝组滑坡.csv,,,other,False,user,1548,,,,,,
黔南州福泉市道坪镇谷龙村黄土坎组黄土坎滑坡.csv,,,other,False,user,966,,,,,,
黔西南州兴义市马岭街道龙井村九组滑坡.csv,,,other,False,user,1548,,,,,,
黔西南州兴仁市回龙镇狮子村小紫冲组滑坡.csv,,,other,True,user,1210,,,,,,
黔南州福泉市凤山镇金凤村灯田一组坳颈田滑坡.csv,,,other,False,user,18640,,,,,,
遵义市习水县双龙乡大坝村石梨组庆头滑坡.csv,,,other,False,user,16416,,,,,,
遵义市赤水市两河口镇大荣村二组庆榜上（待核销）滑坡.csv,,,other,True,user,1339,,,,,,
铜仁市思南县三道水土家族苗族乡过天村叶家湾组叶家湾滑坡.csv,,,other,False,user,966,,,,,,
黔西南州兴仁市回龙镇杨家湾村水头上组滑坡.csv,,,other,False,user,16418,,,,,,
黔东南州从江县西山镇平寨村1组（待核销）滑坡.csv,,,other,False,user,14595,,,,,,
黔东南州丹寨县龙泉镇杉木村二组上杉木滑坡.csv,,,other,False,user,1462,,,,,,
遵义市赤水市石堡乡大滩村一组穆氏祠滑坡.csv,,,other,False,user,1198,,,,,,
六盘水市水城区猴场乡打把村十六组滑坡.csv,,,other,False,user,1343,,,,,,
六盘水市水城区猴场乡黄果树村4组杨家岭滑坡.csv,,,other,False,user,1354,,,,,,
六盘水市盘州市大山镇司寨村1--7组大寨滑坡.csv,,,other,False,user,1394,,,,,,
六盘水市钟山区木果镇蒿枝村九组滑坡.csv,,,other,False,user,20801,,,,,,
黔东南州丹寨县扬武镇龙塘村三组干包对岸滑坡.csv,,,other,False,user,14593,,,,,,
黔东南州凯里市碧波镇白秧坪村棉花山组滑坡.csv,,,other,False,user,14596,,,,,,
遵义市习水县回龙镇回龙村杠上组杠上滑坡.csv,,,other,False,user,18576,,,,,,
六盘水市盘州市盘关镇断江村9组杨家山滑坡.csv,,,other,False,user,20730,,,,,,
六盘水市水城区都格镇黄泥村河沟边组滑坡.csv,,,other,False,user,1349,,,,,,
遵义市桐梓县新站镇关仓村大坪组滑坡.csv,,,other,False,user,1406,,,,,,
黔东南州天柱县远口镇元田村吴家湾组滑坡.csv,,,other,False,user,7298,,,,,,
毕节市织金县八步街道利民村下寨组2号滑坡.csv,,,other,False,user,1401,,,,,,
毕节市纳雍县骔岭镇小屯社区过元元组滑坡.csv,,,other,False,user,966,,,,,,
黔西南州册亨县纳福街道者孟村坝考组滑坡.csv,,,other,False,user,18640,,,,,,
遵义市赤水市长期镇红卫村三组杜家嘴滑坡.csv,,,other,False,user,18576,,,,,,
黔西南州望谟县乐元镇由么村由么二组滑坡.csv,,,other,False,user,18576,,,,,,
六盘水市水城区比德镇水库村石厂苏家寨组滑坡.csv,,,other,False,user,966,,,,,,
铜仁市德江县合兴镇中寨村黄家湾组黄家湾滑坡.csv,,,other,False,user,8166,,,,,,
毕节市纳雍县沙包镇黄泥田村九组九组滑坡.csv,,,other,False,user,14337,,,,,,
毕节市七星关区层台镇层台社区下街组滑坡.csv,,,other,False,user,966,,,,,,
毕节市赫章县古达乡三爱村中心组滑坡.csv,,,other,False,user,966,,,,,,
安顺市紫云县板当镇兴联村新龙院组滑坡.csv,,,other,False,user,18576,,,,,,
铜仁市印江县新寨镇撕栗坪村姜家组滑坡.csv,,,other,False,user,1210,,,,,,
黔东南州锦屏县启蒙镇便晃村六、七、八组归宿滑坡.csv,,,other,False,user,14595,,,,,,
黔西南州贞丰县挽澜镇纳坎村楠龙杖组滑坡.csv,,,other,False,user,18576,,,,,,
贵阳市乌当区百宜镇罗广村小翁林组滑坡.csv,,,other,False,user,966,,,,,,
铜仁市印江县朗溪镇打铁坳村夏家岩组夏家岩滑坡.csv,,,other,False,user,18577,,,,,,
铜仁市万山区谢桥街道石竹村保家楼组滑坡.csv,,,other,False,user,18577,,,,,,
黔东南州凯里市开怀街道养朵村1组顾胜住房滑坡.csv,,,other,False,user,1403,,,,,,
黔西南州册亨县秧坝镇伟帮村上伟帮组滑坡.csv,,,other,True,user,571,,,,,,
黔西南州贞丰县挽澜镇拥跃村纳绕组滑坡.csv,,,other,False,user,18576,,,,,,
黔东南州镇远县舞阳镇岔河村鲍家溪组滑坡.csv,,,other,False,user,14593,,,,,,
黔西南州望谟县油迈乡平卜村巧降1组巧降1滑坡.csv,,,other,True,user,1376,,,,,,
铜仁市万山区下溪乡兴隆村白果树组滑坡.csv,,,other,True,user,9288,,,,,,
遵义市凤冈县王寨镇官塘村胡家堡组滑坡.csv,,,other,False,user,966,,,,,,
铜仁市思南县枫芸土家族苗族乡尖山村老寨组老寨滑坡.csv,,,other,False,user,1401,,,,,,
铜仁市德江县荆角乡角口村高井溪组滑坡.csv,,,other,False,user,18577,,,,,,
黔西南州兴仁市新龙场镇冬瓜村茨坪寨组田坝头滑坡.csv,,,other,False,user,18576,,,,,,
黔东南州从江县丙妹镇青平社区气象局西南侧狮岭路滑坡.csv,,,other,False,user,978,,,,,,
黔西南州册亨县坡妹镇茶园村坡堕组滑坡.csv,,,other,False,user,1376,,,,,,
黔西南州册亨县者楼街道高峰村新建组老寨子滑坡.csv,,,other,False,user,17467,,,,,,
遵义市汇川区山盆镇太坪村三组（团田滑坡）滑坡.csv,,,other,False,user,16417,,,,,,
黔西南州册亨县岩架镇洛王村外么组老寨子滑坡.csv,,,other,False,user,1348,,,,,,
黔东南州从江县丙妹镇归林村12组弄搞寨滑坡.csv,,,other,False,user,1400,,,,,,
黔西南州册亨县坡妹镇走马村纳明湾组滑坡.csv,,,other,False,user,18640,,,,,,
黔东南州锦屏县河口乡岩湾村一组岩湾小学外坎滑坡.csv,,,other,False,user,7298,,,,,,
黔西南州兴仁市下山镇民族村尔田组滑坡.csv,,,other,False,user,966,,,,,,
铜仁市万山区黄道乡白屋场村桐油湾组滑坡.csv,,,other,False,user,966,,,,,,
铜仁市石阡县河坝镇美星村新寨组花滩滑坡.csv,,,other,False,user,1347,,,,,,
黔西南州望谟县打易镇毛坪村打架坪组（待核销）滑坡.csv,,,other,False,user,18576,,,,,,
黔东南州锦屏县三江镇平金村四组红星桥头滑坡.csv,,,other,False,user,966,,,,,,
毕节市大方县八堡乡水洞村上组滑坡.csv,,,other,False,user,571,,,,,,
六盘水市六枝特区新窑镇联合村龙窝寨组滑坡.csv,,,other,False,user,966,,,,,,
黔南州福泉市金山街道城郊村白泥坡组华丰砖厂（待核销）滑坡.csv,,,other,False,user,966,,,,,,
黔西南州望谟县新屯街道唐家坪村屋基组滑坡.csv,,,other,False,user,18577,,,,,,
遵义市湄潭县黄家坝街道沙坝村花院墙组滑坡.csv,,,other,False,user,18577,,,,,,
遵义市习水县大坡镇建筑村海渝组河嘴上滑坡.csv,,,other,False,user,16381,,,,,,
遵义市道真县平模镇平模村韩村组窑滚坡滑坡.csv,,,other,True,user,16406,,,,,,
遵义市道真县旧城镇场坝村大木湾组大木湾滑坡.csv,,,other,False,user,966,,,,,,
毕节市纳雍县阳长镇海子村王家丫口组王家丫口滑坡.csv,,,other,False,user,1234,,,,,,
毕节市七星关区梨树镇小屯沟村六组滑坡.csv,,,other,False,user,16098,,,,,,
黔西南州晴隆县沙子镇联盟村八、九组恒寨滑坡.csv,,,other,False,user,18576,,,,,,
毕节市纳雍县居仁街道桃园社区大山林组大山林滑坡.csv,,,other,False,user,966,,,,,,
黔东南州岑巩县思旸镇坪坝村冲岩溪组冲岩溪滑坡.csv,,,other,False,user,1401,,,,,,
六盘水市水城区勺米镇范家村二营组玉马线垮塌点滑坡.csv,,,other,False,user,9288,,,,,,
六盘水市水城区米箩镇草果村俄落组滑坡.csv,,,other,False,user,20812,,,,,,
毕节市纳雍县勺窝镇勺窝村杨家寨组滑坡.csv,,,other,False,user,8048,,,,,,
黔南州三都县都江镇高新村排外组排外滑坡.csv,,,other,False,user,18640,,,,,,
六盘水市六枝特区关寨镇箐口村下寨一、二组滑坡.csv,,,other,False,user,18581,,,,,,
毕节市大方县达溪镇聚河村以联组滑坡.csv,,,other,False,user,18576,,,,,,
铜仁市德江县长堡镇长堡社区何家寨组滑坡.csv,,,other,False,user,1210,,,,,,
毕节市纳雍县宣慰街道糯克村大园组大园滑坡.csv,,,other,False,user,966,,,,,,
黔东南州凯里市大风洞镇都力村翁塘组滑坡.csv,,,other,True,user,1464,,,,,,
黔西南州贞丰县白层镇那朗村和平大寨组和平滑坡.csv,,,other,False,user,966,,,,,,
遵义市汇川区高坪街道大桥村黄泥组滑坡.csv,,,other,False,user,1548,,,,,,
六盘水市盘州市石桥镇红岩村2组树林头滑坡.csv,,,other,False,user,1338,,,,,,
黔西南州兴仁市新龙场镇联庄村斑鸠洼组滑坡.csv,,,other,False,user,1548,,,,,,
黔西南州册亨县坡妹镇者王村沙坝组滑坡.csv,,,other,False,user,1376,,,,,,
六盘水市水城区都格镇黄泥村谢家寨组滑坡.csv,,,other,False,user,18576,,,,,,
铜仁市印江县刀坝镇席联村中寨组滑坡.csv,,,other,False,user,1210,,,,,,
毕节市纳雍县水东镇水东社区黑石头组滑坡.csv,,,other,False,user,18684,,,,,,
贵阳市清镇市暗流镇沙田村二亩田组滑坡.csv,,,other,False,user,18640,,,,,,
毕节市赫章县可乐乡农场村乐水组滑坡.csv,,,other,False,user,16147,,,,,,
黔南州福泉市凤山镇竹王城村大石板组大石板滑坡.csv,,,other,False,user,966,,,,,,
遵义市习水县坭坝乡飞龙山村十组青杠湾滑坡.csv,,,other,False,user,1111,,,,,,
六盘水市水城区阿戛镇松绿村半坡组滑坡.csv,,,other,False,user,966,,,,,,
黔西南州贞丰县小屯镇仁朝村分水岭组分水岭滑坡.csv,,,other,False,user,18576,,,,,,
铜仁市石阡县泉都街道银丰村水沟组滑坡.csv,,,other,False,user,1548,,,,,,
贵阳市花溪区麦坪镇大坡村五组老王冲滑坡.csv,,,other,True,user,1369,,,,,,
遵义市道真县隆兴镇前进村柏香林组柏香林滑坡.csv,,,other,False,user,16418,,,,,,
毕节市纳雍县玉龙坝镇新山村三组新山滑坡.csv,,,other,False,user,1548,,,,,,
铜仁市印江县龙津街道石灰溪村石灰溪组石灰溪滑坡.csv,,,other,False,user,1210,,,,,,
六盘水市六枝特区中寨苗族彝族布依族乡移山村三组滑坡.csv,,,other,False,user,20727,,,,,,
毕节市大方县羊场镇陇公村山脚组滑坡.csv,,,other,False,user,18576,,,,,,
黔西南州兴义市捧乍镇老厂村二龙口组滑坡.csv,,,other,False,user,966,,,,,,
安顺市关岭县岗乌镇谷目村小寨组岗乌小寨滑坡.csv,,,other,False,user,966,,,,,,
黔东南州丹寨县排调镇岔河村四组新寨滑坡.csv,,,other,True,user,14593,,,,,,
毕节市纳雍县张家湾镇补仲村半坡组2号滑坡.csv,,,other,False,user,20789,,,,,,
黔东南州丹寨县排调镇岔河村七组南情下寨滑坡.csv,,,other,True,user,14593,,,,,,
黔东南州镇远县羊场镇天池村赵家湾组滑坡.csv,,,other,False,user,1401,,,,,,
遵义市余庆县大乌江镇关塘村和坪组刘家屋基滑坡.csv,,,other,False,user,18577,,,,,,
黔东南州榕江县八开镇都江村平寨组滑坡.csv,,,other,False,user,974,,,,,,
六盘水市盘州市鸡场坪镇龙脖子居委会10组滑坡.csv,,,other,False,user,1369,,,,,,
毕节市织金县茶店乡团结村移民组滑坡.csv,,,other,False,user,966,,,,,,
六盘水市水城区蟠龙镇二道岩村庆祝一组滑坡.csv,,,other,False,user,1346,,,,,,
黔西南州晴隆县中营镇老坪村义勇组义勇滑坡.csv,,,other,False,user,18640,,,,,,
毕节市七星关区层台镇层台社区小沟组滑坡.csv,,,other,False,user,966,,,,,,
黔西南州兴义市猪场坪镇毛草湾村道角组周家院沟滑坡.csv,,,other,False,user,18576,,,,,,
铜仁市思南县邵家桥镇坪丰村大坪组滑坡.csv,,,other,False,user,565,,,,,,
黔南州贵定县云雾镇摆城村草坡组滑坡.csv,,,other,True,user,18576,,,,,,
贵阳市修文县六桶镇海马孔村丰收组栽家湾滑坡.csv,,,other,False,user,18639,,,,,,
黔西南州望谟县石屯镇冉道村一二组（待核销）滑坡.csv,,,other,False,user,1408,,,,,,
六盘水市六枝特区牛场苗族彝族乡黔中村下官寨组（待核销）滑坡.csv,,,other,False,user,1044,,,,,,
黔东南州从江县谷坪乡银潭村1组至四寨河公路1Km处滑坡.csv,,,other,False,user,966,,,,,,
贵阳市开阳县花梨镇翁昭村雷公田组滑坡.csv,,,other,False,user,18639,,,,,,
六盘水市钟山区大湾镇山根脚村陇嘎六、七组滑坡.csv,,,other,False,user,1702,,,,,,
遵义市湄潭县石莲镇黄莲坝村庙坝组上坝滑坡.csv,,,other,False,user,16424,,,,,,
遵义市习水县双龙乡兴中村兴中组村委滑坡.csv,,,other,False,user,16160,,,,,,
黔东南州从江县加鸠镇摆道村2、3组滑坡.csv,,,other,False,user,14595,,,,,,
黔东南州天柱县远口镇坡脚村五组吴礼春地基滑坡.csv,,,other,False,user,7298,,,,,,
黔南州福泉市凤山镇金凤村灯田二组半坡井滑坡.csv,,,other,False,user,18640,,,,,,
黔西南州贞丰县沙坪镇里怀村孔力组孔力滑坡.csv,,,other,False,user,18576,,,,,,
六盘水市盘州市柏果镇继光居委会4、5组滑坡.csv,,,other,False,user,1356,,,,,,
毕节市七星关区鸭池镇八十村四组滑坡.csv,,,other,False,user,16096,,,,,,
遵义市道真县玉溪镇池村村中村组柏香林湾滑坡.csv,,,other,False,user,16418,,,,,,
铜仁市思南县亭子坝镇冉家堰村邓家组灯架滑坡.csv,,,other,False,user,1210,,,,,,
黔西南州望谟县打易镇双坝村达那组滑坡.csv,,,other,False,user,18576,,,,,,
贵阳市开阳县金中镇中心村小寨组滑坡.csv,,,other,False,user,18640,,,,,,
毕节市纳雍县董地乡黎明村新发梁子组新发梁子滑坡.csv,,,other,False,user,966,,,,,,
黔东南州剑河县柳川镇乃寿村9组老寨阳岗滑坡.csv,,,other,False,user,14595,,,,,,
黔东南州施秉县甘溪乡江凯村大寨组1号滑坡.csv,,,other,False,user,966,,,,,,
铜仁市思南县枫芸土家族苗族乡龙塘村芭蕉坨组芭蕉坨滑坡.csv,,,other,False,user,18577,,,,,,
遵义市习水县二里镇观摩村张教组张教滑坡.csv,,,other,False,user,18576,,,,,,
遵义市习水县官店镇先锋村大土组沙坎滑坡.csv,,,other,False,user,14442,,,,,,
毕节市纳雍县雍熙街道银丰村箐脚组滑坡.csv,,,other,False,user,1234,,,,,,
遵义市汇川区沙湾镇混子村河坝组1滑坡.csv,,,other,True,user,1548,,,,,,
毕节市威宁县金钟镇水营村转坡组沈家冲子滑坡.csv,,,other,False,user,18576,,,,,,
黔东南州黄平县新州镇白保村新寨组滑坡.csv,,,other,False,user,966,,,,,,
毕节市七星关区大屯乡大河村沟头组猫猫沟半坡滑坡.csv,,,other,False,user,16096,,,,,,
黔东南州凯里市舟溪镇新光村下崩坡组滑坡.csv,,,other,False,user,1400,,,,,,
毕节市威宁县新发乡纸厂村纸厂组猫耳岩滑坡.csv,,,other,False,user,18576,,,,,,
黔东南州镇远县青溪镇甘溪村两个湾组滑坡.csv,,,other,False,user,966,,,,,,
六盘水市盘州市鸡场坪镇倮座村15组木谷滑坡.csv,,,other,False,user,1369,,,,,,
毕节市七星关区阴底乡高潮村十组滑坡.csv,,,other,False,user,966,,,,,,
黔西南州册亨县坡妹镇岩云村纳埂组滑坡.csv,,,other,False,user,1376,,,,,,
六盘水市水城区阿戛镇电光村潘家寨组、排松寨组滑坡.csv,,,other,False,user,966,,,,,,
六盘水市水城区化乐镇凤凰村水口组滑坡.csv,,,other,False,user,18576,,,,,,
毕节市金沙县马路乡金联村箐沟组滑坡.csv,,,other,False,user,16096,,,,,,
遵义市习水县醒民镇群星村五组滑坡.csv,,,other,False,user,18576,,,,,,
遵义市赤水市官渡镇五里村官仓坝组雷劈石（待核销）滑坡.csv,,,other,False,user,1800,,,,,,
黔东南州锦屏县启蒙镇流洞村岑果组滑坡.csv,,,other,True,user,1401,,,,,,
黔南州三都县都江镇河坝村一组排调滑坡.csv,,,other,False,user,18640,,,,,,
黔西南州册亨县秧坝镇顺汉村伟外组滑坡.csv,,,other,True,user,571,,,,,,
黔西南州贞丰县龙场镇龙山村磨子湾龙兴2组滑坡.csv,,,other,False,user,1376,,,,,,
黔西南州贞丰县小屯镇纳秧村田湾组田湾滑坡.csv,,,other,False,user,1548,,,,,,
黔南州福泉市马场坪街道小堡村前所组青杠坪滑坡.csv,,,other,False,user,18639,,,,,,
遵义市习水县双龙乡大坝村石梨组石梨瓦厂2号滑坡.csv,,,other,False,user,1344,,,,,,
黔东南州榕江县栽麻镇丰登村一组滑坡.csv,,,other,False,user,966,,,,,,
黔西南州册亨县丫他镇巴金村新位组滑坡.csv,,,other,False,user,1212,,,,,,
黔南州贵定县盘江镇长江村野梅岗组1号滑坡.csv,,,other,False,user,18640,,,,,,
黔西南州兴仁市新龙场镇联庄村九组老宅子滑坡.csv,,,other,False,user,18576,,,,,,
六盘水市水城区米箩镇铜厂村沙么克组滑坡.csv,,,other,False,user,966,,,,,,
毕节市黔西市金兰镇新益社区老寨子组滑坡.csv,,,other,False,user,17467,,,,,,
铜仁市沿河县塘坝镇四塘溪村大田坎组杨台山滑坡.csv,,,other,False,user,966,,,,,,
黔东南州凯里市龙场镇龙场村新寨组滑坡.csv,,,other,False,user,1410,,,,,,
黔西南州晴隆县茶马镇董箐村坳田组滑坡.csv,,,other,False,user,966,,,,,,
毕节市大方县星宿乡漆树村大石组滑坡.csv,,,other,False,user,18576,,,,,,
六盘水市六枝特区新窑镇联合村半坡组滑坡.csv,,,other,False,user,1738,,,,,,
铜仁市思南县合朋溪镇王家沟村王家沟组王家沟滑坡.csv,,,other,False,user,1210,,,,,,
六盘水市盘州市鸡场坪镇戈多村1-4组大寨头滑坡.csv,,,other,False,user,9288,,,,,,
黔西南州册亨县坡妹镇民族村纳良组滑坡.csv,,,other,False,user,966,,,,,,
遵义市习水县二郎镇沙坝村街上组街上滑坡.csv,,,other,False,user,18576,,,,,,
铜仁市思南县长坝镇三合场村肖家沟组肖家沟滑坡.csv,,,other,False,user,1210,,,,,,
六盘水市水城区都格镇都格村白沙坡组滑坡.csv,,,other,False,user,966,,,,,,
毕节市纳雍县化作乡化作村萝卜寨组滑坡.csv,,,other,False,user,966,,,,,,
毕节市七星关区清水铺镇红岩村湾子组-4滑坡.csv,,,other,False,user,966,,,,,,
铜仁市思南县大河坝镇泥溪村石板溪组石板溪滑坡.csv,,,other,False,user,18576,,,,,,
六盘水市水城区新街乡二台村王家丫口组滑坡.csv,,,other,False,user,1709,,,,,,
六盘水市钟山区保华镇阿勒河居委会加河一、二、三组白马儿滑坡.csv,,,other,False,user,20424,,,,,,
安顺市镇宁县良田镇柿寨村柿寨组柿寨村柿寨组滑坡.csv,,,other,False,user,966,,,,,,
毕节市赫章县哲庄镇环山村花果组滑坡.csv,,,other,False,user,966,,,,,,
黔东南州凯里市开怀街道党果村1组教学点滑坡.csv,,,other,False,user,966,,,,,,
黔东南州麻江县杏山街道杏山村慢坡组滑坡.csv,,,other,False,user,14593,,,,,,
遵义市习水县官店镇何村村丫口组黑笔尖滑坡.csv,,,other,False,user,18576,,,,,,
毕节市赫章县平山镇双塘村麻塘组2号滑坡.csv,,,other,True,user,1212,,,,,,
黔东南州镇远县舞阳镇甘溪村金山组滑坡.csv,,,other,False,user,1400,,,,,,
六盘水市水城区化乐镇凤凰村金竹组滑坡.csv,,,other,False,user,18576,,,,,,
黔东南州黎平县德凤街道汪家庄村四组滑坡.csv,,,other,False,user,966,,,,,,
黔西南州普安县南湖街道西陇村旧屋基组滑坡.csv,,,other,False,user,966,,,,,,
黔东南州丹寨县排调镇双尧村二组滑坡.csv,,,other,False,user,966,,,,,,
毕节市大方县黄泥塘镇魁书村大沟组滑坡.csv,,,other,False,user,966,,,,,,
贵阳市清镇市新店镇永和村天生组滑坡.csv,,,other,False,user,18640,,,,,,
遵义市习水县桑木镇森林村裕民组大坪子滑坡.csv,,,other,False,user,1344,,,,,,
铜仁市江口县坝盘镇张屯村头坝溪组滑坡.csv,,,other,False,user,966,,,,,,
遵义市习水县寨坝镇合兴村龚家榜组龚家榜滑坡.csv,,,other,False,user,17180,,,,,,
遵义市汇川区沙湾镇连阡村龙庄组滑坡.csv,,,other,False,user,1376,,,,,,
铜仁市松桃县石梁乡两岔河村下寨组滑坡.csv,,,other,True,user,1401,,,,,,
黔东南州丹寨县雅灰乡送陇村六组滑坡.csv,,,other,False,user,556,,,,,,
黔南州福泉市马场坪街道小堡村洋土坪组洋土坪滑坡.csv,,,other,False,user,966,,,,,,
黔南州罗甸县龙坪镇云干社区幸福村干房组滑坡.csv,,,other,False,user,1362,,,,,,
黔西南州晴隆县长流乡双龙村当家组滑坡.csv,,,other,False,user,1126,,,,,,
黔东南州剑河县磻溪镇团结村六组滑坡.csv,,,other,False,user,966,,,,,,
黔东南州从江县宰便镇宰便村3组东侧滑坡.csv,,,other,True,user,14593,,,,,,
黔东南州台江县排羊乡大塘村2组(白基山)滑坡.csv,,,other,False,user,966,,,,,,
黔东南州镇远县江古镇凤湾村雨家坡组滑坡.csv,,,other,False,user,20786,,,,,,
黔南州贵定县云雾镇摆城村半坡组滑坡.csv,,,other,False,user,966,,,,,,
毕节市大方县果瓦乡上寨村庄房组滑坡.csv,,,other,False,user,966,,,,,,
黔东南州丹寨县雅灰乡上丛村上丛组古便滑坡.csv,,,other,False,user,966,,,,,,
毕节市纳雍县新房乡瓦厂村刘家寨组滑坡.csv,,,other,False,user,966,,,,,,
黔东南州凯里市大风洞镇大寨村田坝组滑坡.csv,,,other,False,user,1403,,,,,,
毕节市七星关区青场镇海寨村梭沙组岔沟滑坡.csv,,,other,False,user,18576,,,,,,
黔南州都匀市墨冲镇拉海村栗木山栗木山滑坡.csv,,,other,False,user,1474,,,,,,
贵阳市开阳县龙水乡花山村中间寨组滑坡.csv,,,other,False,user,18541,,,,,,
遵义市汇川区山盆镇丛坝村大元组（小田湾滑坡）组滑坡.csv,,,other,False,user,8204,,,,,,
黔东南州天柱县远口镇中团村湾头组3滑坡.csv,,,other,False,user,7298,,,,,,
六盘水市水城区勺米镇范家寨村小屋基组小屋基滑坡.csv,,,other,False,user,1343,,,,,,
六盘水市水城区化乐镇赵家河村下中寨组滑坡.csv,,,other,False,user,1358,,,,,,
贵阳市开阳县金中镇岩脚村小屯坡组桃花园滑坡.csv,,,other,False,user,966,,,,,,
黔西南州普安县高棉乡喜打村旦家庄组旦家庄滑坡.csv,,,other,False,user,966,,,,,,
铜仁市沿河县土地坳镇丰岩村双木岩组滑坡.csv,,,other,False,user,966,,,,,,
黔东南州镇远县报京乡报友村白岩组滑坡.csv,,,other,False,user,966,,,,,,
安顺市紫云县板当镇青塘村茶家湾组滑坡.csv,,,other,False,user,18575,,,,,,
铜仁市万山区黄道乡锁溪村细溪组滑坡.csv,,,other,False,user,18574,,,,,,
黔东南州凯里市舟溪镇平中村10、15组滑坡.csv,,,other,False,user,1403,,,,,,
毕节市赫章县野马川镇新场村牌坊组滑坡.csv,,,other,True,user,18576,,,,,,
六盘水市水城区蟠龙镇营发村三、八、九组滑坡.csv,,,other,False,user,20487,,,,,,
毕节市七星关区清水铺镇民族村大山组红豆树滑坡.csv,,,other,False,user,966,,,,,,
贵阳市清镇市暗流镇长坎村尾巴田组滑坡.csv,,,other,False,user,18640,,,,,,
黔西南州贞丰县龙场镇龙山村田家湾组田家湾滑坡.csv,,,other,False,user,18576,,,,,,
毕节市七星关区生机镇庆坪村沙树坡组滑坡.csv,,,other,False,user,18576,,,,,,
黔东南州镇远县大地乡双坝村中地龙组滑坡.csv,,,other,False,user,966,,,,,,
黔东南州黄平县重安镇马场村梯子岩组滑坡.csv,,,other,False,user,18640,,,,,,
毕节市黔西市中坪镇大湾村大湾组大湾滑坡.csv,,,other,False,user,18577,,,,,,
贵阳市开阳县龙水乡和平村阳尔排组滑坡.csv,,,other,False,user,18639,,,,,,
遵义市桐梓县新站镇九龙村换香组滑坡.csv,,,other,False,user,1212,,,,,,
铜仁市江口县德旺乡杨柳村朝阳山组滑坡.csv,,,other,False,user,18576,,,,,,
铜仁市思南县思林土家族苗族乡金龙村寺岭组金龙小学滑坡.csv,,,other,False,user,966,,,,,,
黔西南州普安县盘水街道大榜村代家组代家滑坡.csv,,,other,False,user,1355,,,,,,
毕节市织金县化起镇中山村李家寨组滑坡.csv,,,other,False,user,18577,,,,,,
铜仁市印江县板溪镇联合村上、下干组滑坡.csv,,,other,False,user,1210,,,,,,
遵义市赤水市大同镇四洞村二组欢喜坡滑坡.csv,,,other,False,user,14593,,,,,,
黔南州贵定县盘江镇长江村小山组滑坡.csv,,,other,False,user,951,,,,,,
铜仁市德江县潮砥镇石板社区安家组滑坡.csv,,,other,False,user,1210,,,,,,
黔东南州锦屏县铜鼓镇火冲村高凳组滑坡.csv,,,other,False,user,1401,,,,,,
铜仁市印江县缠溪镇周家湾村岩上组新塘滑坡.csv,,,other,False,user,966,,,,,,
毕节市织金县熊家场镇干河村大田组周其忠家背后滑坡.csv,,,other,False,user,566,,,,,,
六盘水市盘州市鸡场坪镇垤坞居委会7组河边（待核销）滑坡.csv,,,other,False,user,1368,,,,,,
铜仁市思南县大河坝镇桃树桠村白杨林组白杨林滑坡.csv,,,other,False,user,966,,,,,,
铜仁市思南县思林土家族苗族乡赶场坝村三岔田组三岔田滑坡.csv,,,other,False,user,966,,,,,,
黔东南州镇远县尚寨乡律令村大寨组滑坡.csv,,,other,False,user,1403,,,,,,
铜仁市玉屏县新店镇丙溪村牛鼻嘴组牛鼻嘴滑坡.csv,,,other,False,user,18573,,,,,,
铜仁市沿河县塘坝镇石泉村沙坝组滑坡.csv,,,other,False,user,18577,,,,,,
六盘水市盘州市坪地乡发冲村七组高阳滑坡.csv,,,other,False,user,18576,,,,,,
六盘水市水城区新街乡新街村水沟脚组滑坡.csv,,,other,False,user,1348,,,,,,
黔东南州丹寨县排调镇岔河村一组滑坡.csv,,,other,True,user,14593,,,,,,
毕节市威宁县龙场镇克沟村铁厂组滑坡.csv,,,other,False,user,966,,,,,,
遵义市习水县习酒镇岩寨村龙合组滑坡.csv,,,other,False,user,16095,,,,,,
铜仁市松桃县大路镇田坝村大沟组滑坡.csv,,,other,False,user,1210,,,,,,
贵阳市清镇市卫城镇莲花寺村石板桥组滑坡.csv,,,other,False,user,18640,,,,,,
黔南州福泉市马场坪街道甘粑哨村干榜组坟山滑坡.csv,,,other,False,user,18640,,,,,,
毕节市纳雍县曙光镇大坪子村铜厂坡、凉水井、龙翻坡组滑坡.csv,,,other,False,user,1166,,,,,,
黔东南州镇远县蕉溪镇柳溪村岑上组湾沟组滑坡.csv,,,other,False,user,14593,,,,,,
毕节市织金县三甲街道陭结河村黄土坡组滑坡.csv,,,other,False,user,1234,,,,,,
黔东南州黄平县野洞河镇仁里村白家庄组久良冲滑坡.csv,,,other,False,user,966,,,,,,
黔东南州台江县萃文街道番省村该汪寨滑坡.csv,,,other,False,user,1403,,,,,,
铜仁市万山区黄道乡锁溪村中黄茶组中黄茶组滑坡.csv,,,other,False,user,18574,,,,,,
毕节市织金县实兴乡补鲊村伍相田组三棵树滑坡.csv,,,other,False,user,18576,,,,,,
遵义市道真县忠信镇石笋村大地湾组滑坡.csv,,,other,False,user,955,,,,,,
毕节市七星关区层台镇付家沟村关门山组滑坡.csv,,,other,False,user,966,,,,,,
铜仁市松桃县寨英镇半沟村马尿水组滑坡.csv,,,other,False,user,1548,,,,,,
毕节市黔西市重新镇碗厂沟村谢家半坡组谢家半坡滑坡.csv,,,other,False,user,18578,,,,,,
安顺市镇宁县江龙镇龙潭村纳马组纳马组滑坡.csv,,,other,False,user,18640,,,,,,
遵义市汇川区团泽镇木杨村五凤十二组滑坡.csv,,,other,False,user,1369,,,,,,
遵义市习水县二里镇观摩村大河组环山水库滑坡.csv,,,other,False,user,1303,,,,,,
铜仁市沿河县洪渡镇洪渡村四方石组堡上滑坡.csv,,,other,False,user,18577,,,,,,
毕节市黔西市中坪镇良丰村下坝组大水井滑坡.csv,,,other,False,user,1433,,,,,,
贵阳市息烽县鹿窝镇马屯村水浇连组水浇连滑坡.csv,,,other,False,user,18640,,,,,,
铜仁市思南县关中坝街道三塘村大岩门组大岩门滑坡.csv,,,other,False,user,18520,,,,,,
黔南州罗甸县茂井镇丰井村三组老村委会滑坡.csv,,,other,False,user,1408,,,,,,
黔西南州贞丰县沙坪镇这年村塘兴寨组塘兴寨滑坡.csv,,,other,False,user,18576,,,,,,
"六盘水市盘州市红果街道中沙村3,5,6组茨门沟滑坡.csv",,,other,False,user,20715,,,,,,
遵义市仁怀市茅坝镇立岩村小寨组滑坡1滑坡.csv,,,other,True,user,1338,,,,,,
铜仁市松桃县牛郎镇开门村老屋场组滑坡.csv,,,other,False,user,1211,,,,,,
黔东南州台江县南宫镇拥党村4组滑坡.csv,,,other,False,user,14595,,,,,,
黔西南州兴仁市新龙场镇大洼村半坡组滑坡.csv,,,other,False,user,1549,,,,,,
黔东南州岑巩县注溪镇衙院村地米组地米滑坡.csv,,,other,False,user,20788,,,,,,
遵义市习水县桑木镇当坝村茶林组滑坡.csv,,,other,False,user,16418,,,,,,
黔东南州榕江县计划乡摆勒村5组滑坡.csv,,,other,False,user,966,,,,,,
黔东南州黄平县野洞河镇新华村青杠林组滑坡.csv,,,other,False,user,18576,,,,,,
毕节市威宁县金钟镇树林村岩脚组滑坡.csv,,,other,False,user,1407,,,,,,
黔东南州三穗县长吉镇大寨村老屋基九组滑坡.csv,,,other,False,user,18576,,,,,,
黔西南州晴隆县中营镇高原村新朝组新朝滑坡.csv,,,other,False,user,966,,,,,,
贵阳市开阳县高寨乡大冲村翁柱组滑坡.csv,,,other,False,user,966,,,,,,
黔西南州安龙县万峰湖镇永和居委会秧田湾组滑坡.csv,,,other,False,user,1548,,,,,,
六盘水市水城区比德镇大寨村水井组滑坡.csv,,,other,False,user,966,,,,,,
毕节市纳雍县羊场乡新联村猫儿兔组猫儿兔滑坡.csv,,,other,False,user,14747,,,,,,
黔南州长顺县广顺镇立木村洒金组滑坡.csv,,,other,False,user,966,,,,,,
六盘水市六枝特区龙河镇迎风村老蛇坡组滑坡.csv,,,other,False,user,1103,,,,,,
毕节市百里杜鹃管理区百纳乡龙竹村和平组王家寨滑坡.csv,,,other,False,user,966,,,,,,
遵义市务川县泥高镇竹园村中心一组、三组滑坡.csv,,,other,False,user,1337,,,,,,
毕节市纳雍县骔岭镇坪箐社区坡头组滑坡.csv,,,other,False,user,1338,,,,,,
六盘水市水城区蟠龙镇百车河村沙坡一组滑坡.csv,,,other,False,user,1369,,,,,,
遵义市习水县大坡镇田坝村农田组水井湾滑坡.csv,,,other,False,user,966,,,,,,
遵义市道真县阳溪镇四坪村双岔组双岔滑坡.csv,,,other,False,user,18577,,,,,,
黔南州贵定县昌明镇高坡村荷花组筷子坡滑坡.csv,,,other,False,user,18576,,,,,,
毕节市织金县三甲街道大街村偏坡组2号滑坡.csv,,,other,False,user,1412,,,,,,
铜仁市印江县中兴街道小河村安家坡组滑坡.csv,,,other,False,user,1210,,,,,,
铜仁市德江县共和镇茶坨村谢家塘组谢家塘滑坡.csv,,,other,False,user,966,,,,,,
黔西南州安龙县笃山镇纳黑村纳荣组滑坡.csv,,,other,False,user,1375,,,,,,
遵义市务川县泥高镇竹园村王家湾组滑坡.csv,,,other,False,user,1338,,,,,,
铜仁市松桃县妙隘乡滥田村陶家组滑坡.csv,,,other,False,user,1201,,,,,,
黔西南州晴隆县沙子镇兴合村五组半坡滑坡.csv,,,other,True,user,1368,,,,,,
六盘水市水城区发耳镇双井村白家寨组滑坡.csv,,,other,False,user,970,,,,,,
铜仁市印江县紫薇镇张家坝村陈家坡组陈家坡滑坡.csv,,,other,False,user,1210,,,,,,
贵阳市息烽县鹿窝镇三友村娅口组芦蒿塘滑坡.csv,,,other,True,user,1333,,,,,,
遵义市桐梓县坡渡镇木人台村后台组竹林坝滑坡.csv,,,other,False,user,16422,,,,,,
六盘水市水城区米箩镇草果村李花组滑坡.csv,,,other,False,user,18576,,,,,,
遵义市汇川区山盆镇丛坝村大青组（大青滑坡）组滑坡.csv,,,other,False,user,8204,,,,,,
铜仁市思南县关中坝街道宋家坪村高家寨组高家寨滑坡.csv,,,other,False,user,966,,,,,,
黔西南州兴义市乌沙镇大兴寨村小河边组待核销滑坡.csv,,,other,False,user,18576,,,,,,
黔西南州兴仁市下山镇民族村三角山组滑坡.csv,,,other,False,user,966,,,,,,
贵阳市乌当区下坝镇喇平村龙井田大石板滑坡.csv,,,other,False,user,18640,,,,,,
六盘水市水城区都格镇新盘村新龙组滑坡.csv,,,other,False,user,18576,,,,,,
安顺市普定县穿洞街道景湖村旧院组（待核销）滑坡.csv,,,other,True,user,1554,,,,,,
黔南州罗甸县茂井镇茂井村边圩三组滑坡.csv,,,other,False,user,1408,,,,,,
遵义市务川县石朝乡浪水村车家沟组滑坡.csv,,,other,False,user,16381,,,,,,
黔东南州黎平县水口镇岩湾村命江组滑坡.csv,,,other,False,user,1400,,,,,,
毕节市威宁县新发乡红岩村大水沟组积山梁子滑坡.csv,,,other,True,user,1349,,,,,,
铜仁市沿河县黄土镇简家村青杠园组滑坡.csv,,,other,False,user,966,,,,,,
黔西南州普安县新店镇花月村歹尾组歹尾滑坡.csv,,,other,False,user,966,,,,,,
毕节市七星关区田坝镇茨朗村十组雄峙滑坡.csv,,,other,False,user,966,,,,,,
毕节市织金县珠藏镇链子村独山组滑坡.csv,,,other,False,user,1234,,,,,,
六盘水市盘州市石桥镇雅达村2-3组大坪子（待核销）滑坡.csv,,,other,False,user,1366,,,,,,
黔东南州剑河县南哨镇大坪村11－13组乌拢大寨滑坡.csv,,,other,False,user,1403,,,,,,
遵义市仁怀市茅坝镇飞龙村联合组瓦房滑坡.csv,,,other,False,user,1339,,,,,,
黔东南州岑巩县思旸镇新安村皂角树组皂角树滑坡.csv,,,other,False,user,1403,,,,,,
六盘水市水城区阿戛镇仲河村店子组滑坡.csv,,,other,False,user,20776,,,,,,
毕节市黔西市中坪镇中坝村下沟组下沟滑坡.csv,,,other,False,user,966,,,,,,
毕节市赫章县威奢乡迎春村石丫组滑坡.csv,,,other,False,user,1420,,,,,,
遵义市习水县桑木镇香树村泥坝组木根头滑坡.csv,,,other,False,user,16418,,,,,,
六盘水市水城区都格镇都格村曹家寨组滑坡.csv,,,other,False,user,20789,,,,,,
遵义市赤水市长沙镇长兴村四合头组岩树坝（待核销）滑坡.csv,,,other,False,user,16422,,,,,,
毕节市织金县牛场镇高山村包包脚组滑坡.csv,,,other,False,user,18575,,,,,,
遵义市凤冈县王寨镇高坝村张家山组塘背后滑坡.csv,,,other,False,user,4788,,,,,,
毕节市织金县实兴乡补鲊村白果寨组滑坡.csv,,,other,True,user,9288,,,,,,
铜仁市印江县天堂镇转龙村李家寨组李家寨滑坡.csv,,,other,False,user,18577,,,,,,
黔东南州镇远县青溪镇关口村汪家溪组滑坡.csv,,,other,False,user,966,,,,,,
毕节市金沙县马路乡木落村桐梓林组滑坡.csv,,,other,False,user,18576,,,,,,
黔南州三都县都江镇孔荣村老从木组老从木滑坡.csv,,,other,False,user,1406,,,,,,
贵阳市修文县小箐镇小坝村全兴凌家湾组滑坡.csv,,,other,False,user,18634,,,,,,
铜仁市印江县紫薇镇张家坝村杨家厂组杨家厂滑坡.csv,,,other,False,user,1210,,,,,,
黔南州平塘县卡蒲乡亮寨村郎基坡组滑坡.csv,,,other,False,user,966,,,,,,
黔西南州贞丰县鲁贡镇磨扒村五组平乃滑坡.csv,,,other,False,user,569,,,,,,
毕节市黔西市观音洞镇红杨村3.4组滑坡.csv,,,other,False,user,16098,,,,,,
贵阳市息烽县西山镇胜利村马粉寨组滑坡.csv,,,other,False,user,966,,,,,,
黔东南州雷山县丹江镇脚猛村一组滑坡.csv,,,other,False,user,18640,,,,,,
黔东南州雷山县大塘镇龙河村南八组滑坡.csv,,,other,False,user,966,,,,,,
黔南州瓮安县银盏镇飞练社区中坝组滑坡.csv,,,other,False,user,18639,,,,,,
黔东南州天柱县坌处镇大冲村二组滑坡.csv,,,other,False,user,14595,,,,,,
黔东南州凯里市凯棠镇火香村七组滑坡.csv,,,other,False,user,1401,,,,,,
黔南州贵定县昌明镇良田村上摆港组滑坡.csv,,,other,False,user,18576,,,,,,
黔西南州望谟县油迈乡平卜村巧降组（待核销）滑坡.csv,,,other,True,user,1376,,,,,,
黔西南州晴隆县紫马乡紫马村赵家湾组赵家湾滑坡.csv,,,other,False,user,17389,,,,,,
六盘水市六枝特区龙河镇迎风村费嘎丫口组滑坡.csv,,,other,True,user,2330,,,,,,
黔西南州望谟县边饶镇新坪村边袍组滑坡.csv,,,other,False,user,1373,,,,,,
黔东南州黄平县新州镇南门村四格田组滑坡.csv,,,other,False,user,966,,,,,,
黔东南州凯里市旁海镇卡房村2、3组滑坡.csv,,,other,False,user,1401,,,,,,
遵义市务川县涪洋镇和平村羊子坡滑坡.csv,,,other,False,user,1365,,,,,,
黔东南州丹寨县排调镇羊巫村四组滑坡.csv,,,other,False,user,14595,,,,,,
毕节市威宁县金钟镇文昌村高田组夏家梁子滑坡.csv,,,other,False,user,18576,,,,,,
遵义市习水县官店镇官店村景山组三角石滑坡.csv,,,other,False,user,966,,,,,,
黔东南州岑巩县龙田镇安坪村上棉花冲组上棉花冲滑坡.csv,,,other,False,user,966,,,,,,
"六盘水市盘州市鸡场坪镇果倮座村7,8组滑坡.csv",,,other,False,user,1364,,,,,,
黔东南州麻江县谷硐镇翁牛村一组（待核销）滑坡.csv,,,other,False,user,18639,,,,,,
六盘水市水城区果布戛乡高石坎村高石坎组待核销滑坡.csv,,,other,False,user,1212,,,,,,
黔西南州晴隆县碧痕镇东风村固路二组朱家寨滑坡.csv,,,other,False,user,18640,,,,,,
毕节市织金县猫场镇二甲村大河边组滑坡.csv,,,other,False,user,1412,,,,,,
铜仁市思南县思林乡赶场坝村青龙嘴组青龙嘴滑坡.csv,,,other,False,user,1210,,,,,,
毕节市七星关区层台镇付家沟村下坝组滑坡.csv,,,other,False,user,966,,,,,,
毕节市纳雍县宣慰街道糯克村焦家寨组滑坡.csv,,,other,False,user,1234,,,,,,
毕节市纳雍县阳长镇滥木桥村马鞍山组马鞍山滑坡.csv,,,other,False,user,16098,,,,,,
黔南州罗甸县茂井镇大亭村小苗组滑坡.csv,,,other,False,user,1473,,,,,,
黔西南州册亨县纳福街道者孟村屯上屯下组滑坡.csv,,,other,False,user,18640,,,,,,
毕节市大方县达溪镇聚河村大丫口组（谌家寨）滑坡.csv,,,other,False,user,18576,,,,,,
六盘水市盘州市柏果镇竹烟屯村1-3组滑坡.csv,,,other,False,user,1344,,,,,,
黔西南州兴仁市东湖街道西洋村雨头湾组滑坡.csv,,,other,False,user,20786,,,,,,
黔南州长顺县摆所镇格丁村纳比寨组滑坡.csv,,,other,False,user,18640,,,,,,
黔南州惠水县王佑镇冉告村牡毛组留播滑坡.csv,,,other,False,user,966,,,,,,
毕节市纳雍县维新镇朝阳村黄毛二组滑坡.csv,,,other,True,user,16098,,,,,,
黔西南州兴仁市波阳镇普茶村江边组滑坡.csv,,,other,False,user,966,,,,,,
黔西南州普安县龙吟镇吟路村代家岩组代家岩2号滑坡.csv,,,other,False,user,1333,,,,,,
毕节市赫章县可乐乡营盘村营盘组营脚滑坡.csv,,,other,False,user,16157,,,,,,
贵阳市清镇市卫城镇莲花寺村赵家湾组滑坡.csv,,,other,False,user,18640,,,,,,
黔西南州普安县青山镇下节河村黄沟组滑坡.csv,,,other,False,user,1349,,,,,,
黔东南州丹寨县雅灰乡羊高村二组滑坡.csv,,,other,False,user,14595,,,,,,
黔东南州凯里市舟溪镇新光村新寨组滑坡.csv,,,other,False,user,1400,,,,,,
毕节市大方县兴隆乡上坝村后沟组滑坡.csv,,,other,False,user,18576,,,,,,
铜仁市德江县桶井乡金潮村道钟组滑坡.csv,,,other,False,user,18576,,,,,,
铜仁市印江县新寨镇龙井村龙井组龙井滑坡.csv,,,other,False,user,1548,,,,,,
遵义市习水县程寨镇罗汉寺村下瓦房组集子榜滑坡.csv,,,other,False,user,16417,,,,,,
六盘水市盘州市坪地乡格青底村七组滑坡.csv,,,other,False,user,1369,,,,,,
黔西南州普安县茶源街道联盟村大立林组滑坡.csv,,,other,False,user,1358,,,,,,
遵义市赤水市官渡镇和平村堰沟头组新龙坪滑坡.csv,,,other,False,user,18576,,,,,,
铜仁市万山区茶店街道垢溪村老院子组滑坡.csv,,,other,False,user,1212,,,,,,
贵阳市开阳县冯三镇毛坪村半坡中山组滑坡.csv,,,other,False,user,18640,,,,,,
铜仁市玉屏县新店镇朝阳村上寨组一号滑坡.csv,,,other,False,user,1400,,,,,,
铜仁市德江县平原镇台头村麻池组麻池滑坡.csv,,,other,False,user,1210,,,,,,
六盘水市盘州市柏果镇核桃居委会居委会3组沙米丫滑坡.csv,,,other,False,user,1344,,,,,,
黔东南州雷山县望丰乡荣防村四组阳当沟滑坡.csv,,,other,False,user,966,,,,,,
遵义市习水县双龙乡兴中村兴溪组兴溪滑坡.csv,,,other,False,user,16160,,,,,,
遵义市桐梓县尧龙山镇尧龙山村陈家田组滑坡.csv,,,other,False,user,15875,,,,,,
铜仁市松桃县甘龙镇友杠村田家组滑坡.csv,,,other,False,user,1211,,,,,,
黔西南州册亨县秧坝镇伟帮村伟捧组滑坡.csv,,,other,True,user,571,,,,,,
黔西南州贞丰县小屯镇纳秧村郎堡组郎堡滑坡.csv,,,other,False,user,18576,,,,,,
六盘水市水城区米箩镇草果村彭家寨组滑坡.csv,,,other,False,user,18576,,,,,,
铜仁市沿河县塘坝镇金竹村五家岭组滑坡.csv,,,other,False,user,966,,,,,,
遵义市播州区马蹄镇大石村山庙组滑坡.csv,,,other,True,user,16418,,,,,,
黔南州惠水县雅水镇公朋村公朋组公朋滑坡.csv,,,other,False,user,966,,,,,,
黔东南州麻江县杏山街道良田村良田组待核销滑坡.csv,,,other,False,user,1458,,,,,,
铜仁市碧江区瓦屋乡溪坎土坪村两河口组滑坡.csv,,,other,False,user,1212,,,,,,
黔东南州凯里市万潮镇盐井村翁岭塘组滑坡.csv,,,other,False,user,14595,,,,,,
黔西南州晴隆县中营镇新红村大红寨组新红滑坡.csv,,,other,False,user,18640,,,,,,
铜仁市玉屏县平溪街道文水社区岩湾组滑坡.csv,,,other,False,user,1400,,,,,,
六盘水市盘州市鸡场坪镇歹马村17组大坪子（待核销）滑坡.csv,,,other,False,user,1394,,,,,,
铜仁市思南县大坝场镇杨家寨村大元子组大元子滑坡.csv,,,other,False,user,1210,,,,,,
贵阳市修文县谷堡镇上硐村洋坝田组滑坡.csv,,,other,False,user,9288,,,,,,
黔西南州贞丰县白层镇猫坡村新寨组新寨滑坡.csv,,,other,False,user,18576,,,,,,
黔南州福泉市马场坪街道黄丝村罗家岔组罗家岔滑坡.csv,,,other,False,user,966,,,,,,
毕节市百里杜鹃管理区仁和乡双坝村二组木竹戛滑坡.csv,,,other,False,user,966,,,,,,
毕节市七星关区燕子口镇阳光村向家山组滑坡.csv,,,other,False,user,1338,,,,,,
黔西南州册亨县巧马镇板坝村纳也组1号滑坡.csv,,,other,False,user,18640,,,,,,
铜仁市思南县香坝镇楼房村麻坑组麻坑滑坡.csv,,,other,False,user,1210,,,,,,
安顺市紫云县白石岩乡岩上村岩上一组(正在搬迁)滑坡.csv,,,other,False,user,1212,,,,,,
遵义市习水县土城镇齐心村七组碗厂滑坡组碗厂滑坡.csv,,,other,False,user,16381,,,,,,
铜仁市沿河县后坪乡红阳村晒谷坝组滑坡.csv,,,other,False,user,966,,,,,,
黔西南州晴隆县大厂镇上虎村一组滑坡.csv,,,other,False,user,966,,,,,,
毕节市金沙县马路乡犀牛村三组欠子田滑坡.csv,,,other,False,user,1461,,,,,,
黔东南州岑巩县水尾镇下坝村民冲组水井冲滑坡.csv,,,other,False,user,1433,,,,,,
遵义市绥阳县旺草镇广怀村双龙组滑坡1.csv,,,other,False,user,7850,,,,,,
黔西南州兴仁市鲁础营乡索土村长冲组滑坡.csv,,,other,False,user,966,,,,,,
毕节市威宁县新发乡纸厂村摇坪组涂家纸厂滑坡.csv,,,other,False,user,18576,,,,,,
铜仁市德江县泉口镇泉口村泉边组泉边滑坡.csv,,,other,False,user,966,,,,,,
铜仁市印江县新寨镇龙井村肖家组肖家滑坡.csv,,,other,False,user,1210,,,,,,
贵阳市开阳县米坪乡新南村河边组二号滑坡.csv,,,other,False,user,1412,,,,,,
铜仁市德江县潮砥镇牌坊村岩门组岩门滑坡.csv,,,other,False,user,1212,,,,,,
黔西南州望谟县麻山镇纳良村纳良组（待核销）滑坡.csv,,,other,False,user,966,,,,,,
遵义市务川县柏村镇长脚村黄草坪组岩透滑坡.csv,,,other,False,user,1339,,,,,,
遵义市习水县回龙镇周家村旧屋基组旧屋基滑坡.csv,,,other,False,user,1345,,,,,,
遵义市仁怀市九仓镇筲箕湾村同心组滑坡.csv,,,other,False,user,955,,,,,,
安顺市紫云县白石岩乡猛德寨村坪寨组(已搬迁)滑坡.csv,,,other,False,user,18640,,,,,,
黔东南州台江县南宫镇石灰河村1、2组滑坡.csv,,,other,False,user,17067,,,,,,
铜仁市思南县香坝镇长河村扇子土组扇子土滑坡.csv,,,other,False,user,1210,,,,,,
铜仁市思南县大河坝镇转角村榔树组榔树滑坡.csv,,,other,False,user,966,,,,,,
六盘水市盘州市大山镇补嘎村11组唐家寨滑坡.csv,,,other,False,user,20501,,,,,,
六盘水市水城区果布戛乡大寨村小寨组滑坡.csv,,,other,False,user,1369,,,,,,
黔西南州晴隆县大厂镇上虎村尖坡组尖坡滑坡.csv,,,other,False,user,18640,,,,,,
毕节市赫章县财神镇大山村上寨组上摩迂滑坡.csv,,,other,False,user,18576,,,,,,
遵义市仁怀市火石镇团山村吴家寨组深基湾滑坡.csv,,,other,False,user,1338,,,,,,
黔南州平塘县卡蒲乡甲坝村麻散组滑坡.csv,,,other,False,user,1408,,,,,,
黔东南州锦屏县茅坪镇新建村五组冲烂路口滑坡.csv,,,other,False,user,1232,,,,,,
黔东南州岑巩县思旸镇坪坝村坳田组兴岑建材厂滑坡.csv,,,other,False,user,1401,,,,,,
遵义市习水县双龙乡杨坪村岗上组岗上滑坡.csv,,,other,False,user,18576,,,,,,
黔南州贵定县昌明镇猴场堡乡红光村大陇组大陇滑坡.csv,,,other,False,user,18576,,,,,,
黔东南州丹寨县排调镇巫起村二组滑坡.csv,,,other,False,user,14595,,,,,,
遵义市习水县桃林镇先锋村童家湾组童家湾滑坡.csv,,,other,False,user,8166,,,,,,
毕节市七星关区龙场营镇卧牛村干沟组滑坡.csv,,,other,False,user,23403,,,,,,
黔东南州台江县台拱街道大红寨村5组滑坡.csv,,,other,False,user,14593,,,,,,
黔南州罗甸县茂井镇大亭社区大亭村景借组滑坡.csv,,,other,False,user,1474,,,,,,
安顺市普定县马场镇滕家村青杠山组青杠山滑坡.csv,,,other,False,user,18639,,,,,,
铜仁市思南县文家店镇沿沙村花树坪组花树坪滑坡.csv,,,other,False,user,18541,,,,,,
铜仁市沿河县晓景乡核桃湾村楠木园组滑坡.csv,,,other,False,user,966,,,,,,
遵义市道真县上坝乡双河村大龙洞组大龙洞滑坡.csv,,,other,False,user,16418,,,,,,
黔东南州天柱县坌处镇清浪村二组挖土场滑坡.csv,,,other,True,user,14593,,,,,,
毕节市织金县大平乡中寨村中坝组滑坡.csv,,,other,True,user,2330,,,,,,
毕节市大方县兴隆乡果木村李家沟组郑家堡堡滑坡.csv,,,other,False,user,546,,,,,,
黔南州瓮安县猴场镇石板坪村新房子组新房子滑坡.csv,,,other,False,user,1210,,,,,,
黔西南州普安县九峰街道保冲村二组滑坡.csv,,,other,False,user,966,,,,,,
黔东南州雷山县丹江镇党高村二组滑坡.csv,,,other,False,user,14592,,,,,,
六盘水市水城区野钟乡发射村等壳田组滑坡.csv,,,other,False,user,20736,,,,,,
黔南州贵定县德新镇丰收村椅寨组滑坡.csv,,,other,False,user,966,,,,,,
黔南州贵定县云雾镇摆谷村白头冲组滑坡.csv,,,other,False,user,18640,,,,,,
黔东南州丹寨县兴仁镇排佐村下寨（央爹）滑坡.csv,,,other,False,user,7298,,,,,,
毕节市纳雍县羊场乡凹梳村湾子组滑坡.csv,,,other,False,user,966,,,,,,
黔南州三都县三合街道拉揽村高寨2.3.4.6组高寨滑坡.csv,,,other,False,user,966,,,,,,
黔南州龙里县洗马镇金溪村下寨五组滑坡.csv,,,other,True,user,1376,,,,,,
黔西南州兴仁市城南街道大山脚村平寨组滑坡.csv,,,other,False,user,18428,,,,,,
黔西南州望谟县油迈乡平卜村平卜组滑坡.csv,,,other,True,user,1376,,,,,,
铜仁市碧江区坝黄镇苗哨溪村洞坪组滑坡.csv,,,other,False,user,1210,,,,,,
毕节市七星关区亮岩镇关沟村化家沟组滑坡.csv,,,other,False,user,9288,,,,,,
黔西南州普安县盘水街道莲花山村三道箐组滑坡.csv,,,other,False,user,966,,,,,,
遵义市习水县习酒镇坪头村小水寨组小水寨滑坡.csv,,,other,False,user,1345,,,,,,
六盘水市盘州市柏果镇团结村7组滑坡.csv,,,other,True,user,18576,,,,,,
遵义市新蒲新区三渡镇花桥村田湾组滑坡.csv,,,other,False,user,1212,,,,,,
铜仁市思南县香坝镇长河村凉家湾组凉家湾滑坡.csv,,,other,False,user,1210,,,,,,
毕节市威宁县金钟镇营寨村瓦厂组瓦厂滑坡.csv,,,other,False,user,18577,,,,,,
毕节市威宁县东风镇天桥村一组水库边滑坡.csv,,,other,False,user,1234,,,,,,
铜仁市印江县龙津街道红岩村皂角塘组滑坡.csv,,,other,False,user,966,,,,,,
黔西南州晴隆县中营镇新民村新田组滑坡.csv,,,other,False,user,1333,,,,,,
铜仁市思南县大河坝镇孙家岩村罗家林组罗家林滑坡.csv,,,other,False,user,1210,,,,,,
毕节市织金县大平乡中寨村顶头岩组滑坡.csv,,,other,True,user,2330,,,,,,
贵阳市清镇市站街镇林歹村高枧组滑坡.csv,,,other,False,user,18576,,,,,,
铜仁市石阡县河坝镇小江村背榜-冲沟组滑坡.csv,,,other,False,user,966,,,,,,
安顺市普定县穿洞街道长田村罗家湾组滑坡.csv,,,other,False,user,966,,,,,,
黔西南州兴仁市鲁础营乡民族村杉树林组滑坡.csv,,,other,False,user,18576,,,,,,
铜仁市印江县刀坝镇大屯村茶坪组茶坪滑坡.csv,,,other,False,user,18577,,,,,,
黔东南州三穗县瓦寨镇观音阁村干溪组滑坡.csv,,,other,False,user,966,,,,,,
黔南州罗甸县茂井镇大亭社区北亭村六组母撒滑坡.csv,,,other,False,user,1465,,,,,,
铜仁市思南县瓮溪镇大塘村荒田沟组荒田沟滑坡.csv,,,other,False,user,966,,,,,,
黔东南州黄平县旧州镇草芦坪村老干冲组滑坡.csv,,,other,False,user,14593,,,,,,
铜仁市江口县官和乡新田村车坳组滑坡.csv,,,other,False,user,18577,,,,,,
遵义市习水县双龙乡双龙村兴龙组兴龙滑坡.csv,,,other,False,user,16160,,,,,,
黔东南州凯里市湾水镇桐木寨村二组滑坡.csv,,,other,False,user,966,,,,,,
黔东南州丹寨县兴仁镇上寨村中寨滑坡.csv,,,other,False,user,1417,,,,,,
贵阳市修文县久长街道孟冲村十二组滑坡.csv,,,other,False,user,18639,,,,,,
铜仁市石阡县汤山街道金庄村瓦厂沟组滑坡.csv,,,other,False,user,18577,,,,,,
安顺市紫云县大营镇大岩村坪头组滑坡.csv,,,other,False,user,966,,,,,,
毕节市黔西市金兰镇龙山村刘家寨组滑坡.csv,,,other,False,user,18576,,,,,,
黔南州罗甸县红水河镇罗暮社区沫村村沫村组滑坡.csv,,,other,False,user,18640,,,,,,
毕节市大方县果瓦乡果瓦村新安组滑坡.csv,,,other,False,user,966,,,,,,
黔西南州册亨县丫他镇巴金村者阳组滑坡.csv,,,other,False,user,1376,,,,,,
遵义市习水县羊久村核桃组滑坡.csv,,,other,False,user,6665,,,,,,
黔南州都匀市归兰乡翁高村交牛寨组交牛寨滑坡.csv,,,other,False,user,18639,,,,,,
黔东南州台江县排羊乡富强村排扎一组滑坡.csv,,,other,False,user,14595,,,,,,
毕节市织金县板桥镇龙井村破岩组滑坡.csv,,,other,False,user,1548,,,,,,
遵义市新蒲新区三渡镇双河村同心组龚光文户滑坡.csv,,,other,False,user,1338,,,,,,
铜仁市德江县长丰乡鱼泉村上鱼泉组上鱼泉滑坡.csv,,,other,False,user,966,,,,,,
黔南州平塘县平舟镇磨刀石村樟木树组樟木树滑坡.csv,,,other,False,user,18808,,,,,,
毕节市赫章县达依乡元庄村皮坡组滑坡.csv,,,other,False,user,966,,,,,,
六盘水市水城区果布戛乡罗盘村丫口田组滑坡.csv,,,other,False,user,966,,,,,,
遵义市桐梓县新站镇九龙村层岩组熊家坡滑坡.csv,,,other,False,user,1339,,,,,,
铜仁市石阡县汤山街道城关村蒿枝组滑坡.csv,,,other,False,user,19784,,,,,,
黔东南州镇远县蕉溪镇茶园村小水塘组滑坡.csv,,,other,False,user,1462,,,,,,
黔西南州兴义市雄武乡中心村小沙地组小沙地滑坡.csv,,,other,False,user,18576,,,,,,
安顺市普定县穿洞街道景湖村波利组滑坡.csv,,,other,False,user,14478,,,,,,
铜仁市印江县杉树镇冉家村向家组滑坡.csv,,,other,False,user,18577,,,,,,
黔西南州兴仁市新龙场镇联庄村四组滑坡.csv,,,other,False,user,1548,,,,,,
黔东南州雷山县丹江镇乌东村一组乌东小学滑坡.csv,,,other,False,user,14590,,,,,,
铜仁市德江县稳坪镇枫香村青杠元组滑坡.csv,,,other,False,user,966,,,,,,
遵义市习水县仙源镇和平村阳坪组滑坡.csv,,,other,False,user,18576,,,,,,
黔东南州天柱县石洞镇高敏村登旁十八组1号滑坡.csv,,,other,False,user,14593,,,,,,
遵义市道真县河口镇车田村沙坪组滑坡.csv,,,other,False,user,8253,,,,,,
黔东南州镇远县青溪镇坪阳村对门冲组ZY1288滑坡.csv,,,other,False,user,966,,,,,,
安顺市镇宁县江龙镇白杨村磨石井组滑坡.csv,,,other,False,user,16424,,,,,,
遵义市习水县坭坝乡飞龙山村八组坪子滑坡.csv,,,other,False,user,1111,,,,,,
铜仁市沿河县晓景乡管家村三组滑坡.csv,,,other,False,user,966,,,,,,
毕节市织金县猫场镇煤厂村李家桥组滑坡.csv,,,other,True,user,1234,,,,,,
黔东南州镇远县舞阳镇岔河村黄毛坡组滑坡.csv,,,other,False,user,966,,,,,,
黔南州福泉市马场坪街道三堡村城关堡组城关堡（待核销）滑坡.csv,,,other,False,user,18640,,,,,,
黔西南州晴隆县花贡镇新寨村中二组中二滑坡.csv,,,other,False,user,18640,,,,,,
黔南州贵定县沿山镇底至村菜冲组菜冲滑坡.csv,,,other,False,user,14593,,,,,,
毕节市赫章县双坪乡营新村营兴组滑坡.csv,,,other,False,user,18640,,,,,,
黔西南州晴隆县碧痕镇东风村红庄组红庄滑坡.csv,,,other,False,user,18640,,,,,,
黔东南州麻江县宣威镇富江村黄土坎寨组待核销滑坡.csv,,,other,False,user,1401,,,,,,
六盘水市水城区果布戛乡罗盘村罗盘组滑坡.csv,,,other,False,user,966,,,,,,
六盘水市水城区都格镇新盘村屯上组滑坡.csv,,,other,False,user,966,,,,,,
贵阳市开阳县龙水乡龙江村构皮林组二号滑坡.csv,,,other,False,user,18640,,,,,,
铜仁市思南县大河坝镇孙家岩村中寨组中寨滑坡.csv,,,other,False,user,18577,,,,,,
黔东南州天柱县瓮洞镇尖山村大坡组1滑坡.csv,,,other,False,user,18640,,,,,,
黔东南州雷山县大塘镇两洋村下寨组滑坡.csv,,,other,False,user,1401,,,,,,
毕节市赫章县安乐溪乡小河村兴田组滑坡.csv,,,other,False,user,18576,,,,,,
毕节市七星关区碧海街道西冲社区营脚组吴家寨滑坡.csv,,,other,False,user,981,,,,,,
黔东南州台江县老屯乡排略村1、2组1滑坡.csv,,,other,False,user,966,,,,,,
黔西南州册亨县双江镇丁马村丁马组滑坡.csv,,,other,False,user,1137,,,,,,
遵义市道真县隆兴镇莲池村上坝组大湾岩滑坡.csv,,,other,False,user,18576,,,,,,
铜仁市印江县合水镇落佑村桃子坪组桃子坪滑坡.csv,,,other,False,user,18577,,,,,,
遵义市习水县二里镇观摩村龙井组龙井滑坡.csv,,,other,False,user,18576,,,,,,
遵义市湄潭县石莲镇黄莲坝村凉桥组庙咀滑坡.csv,,,other,False,user,16424,,,,,,
铜仁市江口县怒溪镇棉花村天堂坡组滑坡.csv,,,other,False,user,18577,,,,,,
毕节市织金县桂果镇联兴村岩峰洞组滑坡.csv,,,other,False,user,1234,,,,,,
铜仁市思南县文家店镇金峰村黄家堡组黄家堡滑坡.csv,,,other,False,user,1210,,,,,,
黔西南州望谟县麻山镇前锋村朝阳二组（待核销）滑坡.csv,,,other,True,user,16098,,,,,,
黔西南州兴义市南盘江镇箐口村歇气堡上组滑坡.csv,,,other,False,user,1367,,,,,,
铜仁市松桃县蓼皋街道樟桂社区田家组滑坡.csv,,,other,False,user,1201,,,,,,
毕节市七星关区燕子口镇官河村消水沟组滑坡.csv,,,other,False,user,16098,,,,,,
毕节市织金县黑土镇梭罗村大月招组滑坡.csv,,,other,False,user,18576,,,,,,
毕节市纳雍县猪场乡水箐村营脚组滑坡.csv,,,other,False,user,966,,,,,,
黔东南州从江县秀塘乡下敖村3组滑坡.csv,,,other,False,user,1400,,,,,,
黔东南州麻江县贤昌镇贤昌村贤昌中学组滑坡.csv,,,other,False,user,14595,,,,,,
黔西南州望谟县乐元镇板降村伟举组滑坡.csv,,,other,False,user,1192,,,,,,
铜仁市思南县三道水土家族苗族乡双河村安家坝组安家坝滑坡.csv,,,other,False,user,1210,,,,,,
遵义市余庆县花山乡万里村茶园组茶园滑坡.csv,,,other,False,user,18640,,,,,,
六盘水市六枝特区新窑镇播雨村上播雨组滑坡.csv,,,other,False,user,18576,,,,,,
铜仁市思南县关中坝街道远东村余家坡组余家坡滑坡.csv,,,other,False,user,1210,,,,,,
铜仁市松桃县平头镇兴隆塘村十一组滑坡.csv,,,other,False,user,9288,,,,,,
铜仁市思南县鹦鹉溪镇马河坝村回龙坡组回龙坡滑坡.csv,,,other,False,user,1210,,,,,,
黔东南州雷山县大塘镇也耶村一组滑坡.csv,,,other,False,user,1400,,,,,,
六盘水市水城区鸡场镇坪地村岔沟组坪地村岔沟组滑坡.csv,,,other,False,user,966,,,,,,
黔东南州黄平县新州镇五里墩村半河组滑坡.csv,,,other,False,user,14595,,,,,,
毕节市大方县果瓦乡隆里村松山组滑坡.csv,,,other,False,user,546,,,,,,
铜仁市德江县平原镇十字村十字组牟家盖滑坡.csv,,,other,False,user,966,,,,,,
遵义市新蒲新区三渡镇平丰村水井沟组滑坡.csv,,,other,False,user,1433,,,,,,
黔南州罗甸县沫阳镇翁保村纳逢组纳逢滑坡.csv,,,other,False,user,1362,,,,,,
遵义市新蒲新区永乐镇飞云村联合组滑坡.csv,,,other,False,user,16420,,,,,,
毕节市大方县黄泥塘镇大坝村岩头组滑坡.csv,,,other,False,user,966,,,,,,
黔东南州榕江县兴华乡摆吉村1组滑坡.csv,,,other,False,user,14595,,,,,,
铜仁市印江县杉树镇顾家村三岔组滑坡.csv,,,other,False,user,966,,,,,,
遵义市红花岗区忠庄街道幸福村王家沟组滑坡.csv,,,other,False,user,1070,,,,,,
黔东南州凯里市万潮镇香炉山村林果组滑坡.csv,,,other,False,user,1401,,,,,,
毕节市七星关区清水铺镇小垭村芭蕉塘组滑坡.csv,,,other,False,user,18576,,,,,,
黔东南州凯里市舟溪镇新龙村上寨组滑坡.csv,,,other,False,user,1400,,,,,,
贵阳市开阳县南龙乡翁朵村鱼田组滑坡.csv,,,other,False,user,18639,,,,,,
六盘水市钟山区保华镇双桥居委会六组湾子寨滑坡.csv,,,other,False,user,966,,,,,,
毕节市织金县牛场镇岩寨村岩寨组滑坡.csv,,,other,False,user,16095,,,,,,
遵义市道真县三桥镇夏家沟村青杠林组滑坡.csv,,,other,False,user,1548,,,,,,
黔东南州丹寨县南皋乡九门村八、九组滑坡.csv,,,other,False,user,966,,,,,,
毕节市威宁县石门乡民主村四组杨家院子滑坡.csv,,,other,False,user,18576,,,,,,
贵阳市开阳县南龙乡翁朵村鱼田组鱼田滑坡.csv,,,other,False,user,18639,,,,,,
黔南州平塘县金盆街道新寨村满拿组滑坡.csv,,,other,False,user,966,,,,,,
黔东南州凯里市三棵树镇南高村三组滑坡.csv,,,other,False,user,1403,,,,,,
黔西南州安龙县龙山镇北乡村纳坡二组纳夜滑坡.csv,,,other,False,user,966,,,,,,
黔西南州普安县茶源街道茶场社区新寨组滑坡.csv,,,other,False,user,966,,,,,,
铜仁市沿河县思渠镇思渠村五家湾组滑坡.csv,,,other,False,user,18577,,,,,,
六盘水市盘州市丹霞镇背阴箐村8、10组打峰岩滑坡.csv,,,other,False,user,1369,,,,,,
遵义市余庆县构皮滩镇葛旁村上坝组上坝滑坡.csv,,,other,False,user,1548,,,,,,
六盘水市盘州市竹海镇滑石板村4、5组小鱼塘滑坡.csv,,,other,False,user,20416,,,,,,
安顺市平坝区十字乡罗院村大坪2组滑坡.csv,,,other,False,user,18639,,,,,,
六盘水市水城区比德镇大寨村麻窝组滑坡.csv,,,other,False,user,1369,,,,,,
毕节市金沙县清池镇大坝村大坝组柿花田滑坡滑坡.csv,,,other,False,user,966,,,,,,
黔南州贵定县昌明镇友谊村打锡山滑坡滑坡.csv,,,other,False,user,966,,,,,,
黔南州龙里县龙山镇余下村小寨组滑坡.csv,,,other,False,user,18576,,,,,,
黔西南州贞丰县鲁贡镇暗老村浪林组浪林滑坡.csv,,,other,False,user,18576,,,,,,
黔东南州黄平县野洞河镇新华村高田坎组滑坡.csv,,,other,False,user,966,,,,,,
黔东南州丹寨县排调镇羊告村二组滑坡.csv,,,other,False,user,14595,,,,,,
遵义市仁怀市后山乡田兴村滑坡.csv,,,other,False,user,955,,,,,,
遵义市习水县桃林镇沙溪村兴旺组滑坡.csv,,,other,False,user,18576,,,,,,
毕节市纳雍县维新镇盐井村中心组洞天坡滑坡.csv,,,other,False,user,18575,,,,,,
六盘水市水城区新街乡二台村柏家寨、王家寨组滑坡.csv,,,other,False,user,1367,,,,,,
毕节市黔西市金兰镇金雨村白墓坟组滑坡.csv,,,other,True,user,1166,,,,,,
遵义市余庆县白泥镇民同村燕地组滑坡.csv,,,other,False,user,1210,,,,,,
黔西南州望谟县乐元镇板降村板哄组滑坡.csv,,,other,False,user,8724,,,,,,
黔东南州镇远县青溪镇坪阳村教场坪组滑坡.csv,,,other,False,user,14595,,,,,,
毕节市七星关区田坝镇茨朗村七组无戛路滑坡.csv,,,other,False,user,966,,,,,,
贵阳市开阳县金中镇大水村高潮组滑坡.csv,,,other,False,user,1343,,,,,,
黔东南州凯里市湾水镇桐寨村三组滑坡.csv,,,other,False,user,966,,,,,,
毕节市威宁县金钟镇新田村新田组新田滑坡.csv,,,other,False,user,1416,,,,,,
黔东南州镇远县舞阳镇两路村小云盘组滑坡.csv,,,other,False,user,1423,,,,,,
六盘水市钟山区南开乡土角村一组滑坡.csv,,,other,False,user,1548,,,,,,
毕节市纳雍县羊场乡鸠介村前山组前山滑坡.csv,,,other,False,user,966,,,,,,
黔西南州普安县青山镇哈马村德依组德依滑坡.csv,,,other,False,user,966,,,,,,
黔西南州晴隆县沙子镇保家村云孝田组云孝田滑坡.csv,,,other,False,user,1364,,,,,,
黔西南州兴仁市新龙场镇虎场村雷打坟组滑坡.csv,,,other,False,user,1410,,,,,,
遵义市习水县回龙镇安龙村浪子口组浪子口滑坡.csv,,,other,False,user,18576,,,,,,
六盘水市盘州市柏果镇竹烟屯村2、3组滑坡.csv,,,other,False,user,966,,,,,,
贵阳市开阳县金中镇中心村大土组滑坡.csv,,,other,False,user,9288,,,,,,
黔东南州锦屏县三江镇令冲村五组龙方钊屋后滑坡.csv,,,other,False,user,966,,,,,,
黔东南州从江县贯洞镇已打村2、3、4组滑坡.csv,,,other,False,user,1401,,,,,,
黔西南州贞丰县长田镇陇塔村青杠林组青杠林滑坡.csv,,,other,False,user,18576,,,,,,
遵义市道真县玉溪镇五八村前进组沙泥湾滑坡.csv,,,other,False,user,18576,,,,,,
遵义市道真县玉溪镇蟠溪村关庄组滑坡.csv,,,other,False,user,966,,,,,,
黔东南州锦屏县启蒙镇者蒙村五组岑赖滑坡.csv,,,other,True,user,1401,,,,,,
毕节市织金县三甲街道白岩脚村白家湾组滑坡.csv,,,other,False,user,18576,,,,,,
黔南州罗甸县凤亭乡勤丰村三组交郎滑坡.csv,,,other,False,user,18639,,,,,,
黔西南州贞丰县鲁贡镇坡搞村牛棚五组牛棚滑坡.csv,,,other,False,user,18576,,,,,,
黔东南州天柱县远口镇六池村一组2号滑坡.csv,,,other,False,user,18581,,,,,,
铜仁市松桃县寨英镇半沟村半坡组滑坡.csv,,,other,False,user,18577,,,,,,
黔东南州凯里市凯棠镇凯棠村六组滑坡.csv,,,other,False,user,1400,,,,,,
遵义市道真县洛龙镇龙桥村上龙桥组上龙桥滑坡.csv,,,other,False,user,16418,,,,,,
黔东南州凯里市旁海镇基博村2、3组滑坡.csv,,,other,False,user,966,,,,,,
六盘水市盘州市红果街道挪湾村包谷山组小沙坝滑坡.csv,,,other,False,user,966,,,,,,
遵义市桐梓县高桥镇两河村花土组花土坡滑坡.csv,,,other,False,user,16507,,,,,,
遵义市习水县土城镇红卫村六组青杠嘴滑坡.csv,,,other,False,user,1210,,,,,,
黔东南州凯里市炉山镇洛棉村凯哨组滑坡.csv,,,other,False,user,1400,,,,,,
遵义市习水县同民镇兴隆村一组大石寺滑坡.csv,,,other,False,user,18576,,,,,,
毕节市纳雍县雍熙街道兴隆社区马倒岩组滑坡.csv,,,other,False,user,1416,,,,,,
遵义市仁怀市茅台镇玉屏社区田头组滑坡.csv,,,other,False,user,1339,,,,,,
六盘水市六枝特区岩脚镇岱瓮村一组塘房边滑坡.csv,,,other,False,user,1358,,,,,,
毕节市金沙县清池镇大坝村三合头组三合头滑坡.csv,,,other,False,user,966,,,,,,
黔东南州丹寨县雅灰乡叮咚村二组白项（新转）滑坡.csv,,,other,False,user,14595,,,,,,
黔东南州剑河县南加镇塘边村一组滑坡.csv,,,other,False,user,18640,,,,,,
六盘水市六枝特区月亮河彝族布依族苗族乡月亮河村高潮组滑坡.csv,,,other,False,user,1343,,,,,,
黔南州独山县井城街道城东村下荒滑坡.csv,,,other,False,user,1376,,,,,,
六盘水市六枝特区落别乡牛角村十组滑坡.csv,,,other,False,user,20741,,,,,,
黔西南州望谟县郊纳镇高寨村老山组（待核销）滑坡.csv,,,other,False,user,17467,,,,,,
黔东南州黄平县新州镇东坡村干田坳组滑坡.csv,,,other,False,user,18577,,,,,,
黔西南州贞丰县鲁贡镇鲁贡村四组后龙寨滑坡.csv,,,other,False,user,18576,,,,,,
六盘水市盘州市胜境街道大箐村20组石门坎（待核销）滑坡.csv,,,other,False,user,1369,,,,,,
毕节市大方县果瓦乡五星村新联组丁家岭滑坡.csv,,,other,False,user,1420,,,,,,
遵义市习水县回龙镇阳光村下马田组下马田滑坡.csv,,,other,False,user,1548,,,,,,
黔西南州晴隆县花贡镇河塘村蒋家坡组蒋家坡滑坡.csv,,,other,False,user,966,,,,,,
毕节市七星关区鸭池镇河坝社区五组滑坡.csv,,,other,False,user,966,,,,,,
铜仁市沿河县沙子街道龙凤村下寨组滑坡.csv,,,other,False,user,966,,,,,,
毕节市威宁县金钟镇文昌村毛布组杨家院子滑坡.csv,,,other,False,user,18575,,,,,,
贵阳市开阳县冯三镇马江村大山口组滑坡.csv,,,other,False,user,1210,,,,,,
遵义市凤冈县何坝街道办船头村桥湾组滑坡.csv,,,other,False,user,18639,,,,,,
遵义市桐梓县夜郎镇凉水村官府店组滑坡.csv,,,other,False,user,18576,,,,,,
贵阳市开阳县宅吉乡三联村红星寨组滑坡.csv,,,other,False,user,14100,,,,,,
黔西南州望谟县郊纳镇水秧村大源组滑坡.csv,,,other,False,user,1346,,,,,,
遵义市余庆县白泥镇桂花村两河组滑坡.csv,,,other,False,user,16507,,,,,,
黔东南州丹寨县龙泉镇塘中村五组乌尖滑坡.csv,,,other,False,user,14593,,,,,,
毕节市大方县响水乡吊兰村田坝组滑坡.csv,,,other,False,user,9288,,,,,,
黔西南州兴仁市新龙场镇大洼村竹山寨组滑坡.csv,,,other,False,user,1549,,,,,,
黔南州贵定县昌明镇高坡村庙坡组庙坡滑坡.csv,,,other,False,user,18576,,,,,,
铜仁市思南县三道水土家族苗族乡高坡村马家大坪组马家大坪滑坡.csv,,,other,False,user,966,,,,,,
铜仁市思南县宽坪乡良田坝村东风寨组东风寨滑坡.csv,,,other,False,user,1403,,,,,,
遵义市红花岗区永乐镇永乐村杨家沟组滑坡.csv,,,other,False,user,1217,,,,,,
铜仁市松桃县冷水溪镇三角坡村向家坡组滑坡.csv,,,other,False,user,1210,,,,,,
遵义市习水县醒民镇自力村五组瑶沟滑坡.csv,,,other,False,user,18576,,,,,,
六盘水市钟山区金盆乡金钟村十六组滑坡.csv,,,other,False,user,1548,,,,,,
黔东南州丹寨县扬武镇宰沙村一组杨明军（待撤销与DZ87合并）滑坡.csv,,,other,False,user,14592,,,,,,
黔东南州凯里市舟溪镇枫香村小郎洞组滑坡.csv,,,other,False,user,1400,,,,,,
毕节市纳雍县骔岭镇祠堂边社区冒沙井组上冒沙组滑坡.csv,,,other,False,user,18576,,,,,,
黔西南州晴隆县长流乡杨寨村光荣组光荣滑坡.csv,,,other,False,user,966,,,,,,
六盘水市钟山区金盆乡金钟村十三、十四组滑坡.csv,,,other,False,user,18576,,,,,,
六盘水市盘州市红果街道中沙社区岗寨村4组滑坡.csv,,,other,True,user,1210,,,,,,
遵义市余庆县白泥镇哨溪村青杠林组任家屯滑坡.csv,,,other,False,user,18576,,,,,,
黔东南州三穗县八弓镇马鞍村铁马坎滑坡.csv,,,other,False,user,17467,,,,,,
毕节市赫章县结构乡大寨村草房组滑坡.csv,,,other,False,user,1369,,,,,,
黔西南州册亨县双江镇洛法村兴隆平组滑坡.csv,,,other,False,user,570,,,,,,
黔东南州丹寨县兴仁镇乌地村四组G321线K6+120～K6+155处右侧滑坡.csv,,,other,False,user,966,,,,,,
黔东南州剑河县南寨镇柳寨村小寨组滑坡.csv,,,other,False,user,951,,,,,,
毕节市赫章县白果街道朝阳村纸厂组滑坡.csv,,,other,False,user,18576,,,,,,
六盘水市六枝特区月亮河彝族布依族苗族乡花德村红星组（幼儿园）组滑坡.csv,,,other,False,user,1347,,,,,,
黔西南州册亨县巧马镇板坝村纳也组2号滑坡.csv,,,other,False,user,18638,,,,,,
毕节市纳雍县水东镇烟山村五组五组滑坡.csv,,,other,False,user,18576,,,,,,
毕节市七星关区清水铺镇宁家村大岩下组滑坡.csv,,,other,False,user,966,,,,,,
黔南州贵定县德新镇四寨村大谷撒组大谷撒滑坡.csv,,,other,False,user,18640,,,,,,
毕节市赫章县德卓镇马路村大营组滑坡.csv,,,other,False,user,1234,,,,,,
铜仁市石阡县大沙坝乡任家寨村王家坡组滑坡.csv,,,other,False,user,19550,,,,,,
铜仁市石阡县枫香乡新屯村苗寨组滑坡.csv,,,other,False,user,966,,,,,,
黔南州三都县都江镇振兴村摆松组摆松滑坡.csv,,,other,False,user,18639,,,,,,
毕节市大方县核桃乡伐木村伐木组滑坡.csv,,,other,False,user,966,,,,,,
毕节市黔西市观音洞镇新合村田家寨组滑坡.csv,,,other,False,user,16096,,,,,,
遵义市习水县程寨镇印江村河坝组木林后滑坡.csv,,,other,False,user,16418,,,,,,
遵义市习水县土城镇齐心村六组松树坪滑坡.csv,,,other,False,user,18576,,,,,,
铜仁市德江县煎茶镇偏岩村后浪溪组滑坡.csv,,,other,False,user,966,,,,,,
黔东南州丹寨县排调镇岔河村南情上寨组滑坡.csv,,,other,True,user,14593,,,,,,
黔西南州贞丰县鲁容乡落烟村三角坡组三角坡滑坡.csv,,,other,False,user,1337,,,,,,
六盘水市水城区勺米镇坡脚村杉树脚组滑坡.csv,,,other,False,user,20716,,,,,,
毕节市七星关区撒拉溪镇双龙村罩子沟组滑坡.csv,,,other,False,user,1418,,,,,,
毕节市金沙县马路乡犀牛村岩头上组滑坡.csv,,,other,False,user,1235,,,,,,
黔东南州黄平县谷陇镇山凯村二、三组滑坡.csv,,,other,False,user,18576,,,,,,
六盘水市盘州市民主镇机密村9组丫口滑坡.csv,,,other,False,user,1166,,,,,,
黔西南州兴仁市大山镇上务村叫石组滑坡.csv,,,other,False,user,1198,,,,,,
黔西南州册亨县巧马镇纳贤村三家寨组滑坡.csv,,,other,False,user,18640,,,,,,
铜仁市石阡县本庄镇岩门村上岩门组滑坡.csv,,,other,False,user,1212,,,,,,
贵阳市开阳县禾丰乡王车村桥头组滑坡.csv,,,other,False,user,18639,,,,,,
黔西南州晴隆县茶马镇达土村兴中组兴中滑坡.csv,,,other,False,user,966,,,,,,
遵义市习水县桃林镇沙溪村向阳组向阳滑坡.csv,,,other,False,user,1343,,,,,,
毕节市纳雍县百兴镇新街社区垮岩组垮岩滑坡.csv,,,other,False,user,18576,,,,,,
遵义市习水县大坡镇黄河坝村复兴组狮子岩滑坡.csv,,,other,True,user,1210,,,,,,
黔南州贵定县昌明镇打铁村八组滑坡.csv,,,other,False,user,966,,,,,,
黔西南州普安县江西坡镇高潮村渔塘组渔塘滑坡.csv,,,other,False,user,1355,,,,,,
安顺市紫云县猴场镇坪坝村回龙永新组(待核销)滑坡.csv,,,other,False,user,18639,,,,,,
铜仁市思南县大河坝镇大园子村大园子组大园子滑坡.csv,,,other,False,user,1210,,,,,,
铜仁市万山区大坪乡大冲村杨柳塘养殖场滑坡.csv,,,other,False,user,966,,,,,,
铜仁市玉屏县皂角坪街道北门桥社区文昌阁小区组滑坡.csv,,,other,False,user,1212,,,,,,
黔西南州册亨县高洛街道坪秧村坡荣组滑坡.csv,,,other,False,user,1360,,,,,,
遵义市赤水市长期镇共和村双旗组湾子头滑坡.csv,,,other,True,user,18575,,,,,,
毕节市赫章县结构乡多魁村以岔沟组阿子扣滑坡.csv,,,other,False,user,18576,,,,,,
铜仁市思南县思林乡中岭村下寨组下寨滑坡.csv,,,other,False,user,966,,,,,,
六盘水市盘州市柏果镇比中居委会4组大田边滑坡.csv,,,other,False,user,1344,,,,,,
黔西南州册亨县者楼街道者楼村四组纳楼滑坡.csv,,,other,False,user,18640,,,,,,
黔东南州天柱县竹林镇竹林村交通组旭阳滑坡.csv,,,other,False,user,14595,,,,,,
黔西南州普安县茶源街道细寨村响贡组滑坡.csv,,,other,False,user,966,,,,,,
六盘水市水城区龙场乡娱乐村老米组滑坡.csv,,,other,False,user,20787,,,,,,
铜仁市沿河县黄土镇平原村下院子组响水洞滑坡.csv,,,other,False,user,18574,,,,,,
六盘水市盘州市大山镇上寨村5组核桃树滑坡.csv,,,other,False,user,18577,,,,,,
毕节市七星关区海子街镇果乐村陈家湾组滑坡.csv,,,other,False,user,966,,,,,,
黔东南州雷山县望丰乡羊卡村9、10组羊卡滑坡.csv,,,other,True,user,1162,,,,,,
黔南州贵定县盘江镇兴隆村张家山组滑坡.csv,,,other,False,user,18640,,,,,,
遵义市习水县回龙镇周家村小坪组小坪滑坡.csv,,,other,False,user,1345,,,,,,
铜仁市印江县龙津街道大竹村白家坟组白家坟滑坡.csv,,,other,False,user,966,,,,,,
六盘水市水城区坪寨乡普联村余家寨组滑坡.csv,,,other,True,user,1367,,,,,,
遵义市道真县玉溪镇淞江村小溪口组董家组董家滑坡.csv,,,other,False,user,16418,,,,,,
贵阳市修文县六广镇六广村下南江组彭家湾滑坡.csv,,,other,False,user,18640,,,,,,
毕节市威宁县金钟镇水营村大营组陈家滑坡.csv,,,other,False,user,18576,,,,,,
六盘水市六枝特区银壶街道东方村把界田组滑坡.csv,,,other,False,user,966,,,,,,
贵阳市修文县六屯镇都堡村九龙组滑坡.csv,,,other,False,user,18576,,,,,,
铜仁市德江县长丰乡新光村慕家组老水井滑坡.csv,,,other,False,user,1210,,,,,,
黔西南州晴隆县大厂镇水坝田村水坝田组水田坝滑坡.csv,,,other,False,user,18638,,,,,,
安顺市紫云县宗地镇猛坑村一二组滑坡.csv,,,other,False,user,18640,,,,,,
毕节市金沙县马路乡犀牛村官寨组高家大土滑坡.csv,,,other,False,user,18576,,,,,,
遵义市仁怀市茅台镇双龙村青龙咀组（已核销）滑坡.csv,,,other,False,user,7850,,,,,,
黔东南州雷山县郎德镇也利村排苟寨13组滑坡.csv,,,other,False,user,1401,,,,,,
六盘水市水城区都格镇龙井村武家街组滑坡.csv,,,other,False,user,966,,,,,,
六盘水市六枝特区月亮河彝族布依族苗族乡新春村小场坝组滑坡.csv,,,other,False,user,1347,,,,,,
黔西南州普安县罗汉镇罗汉村八大田组八大田滑坡.csv,,,other,True,user,1185,,,,,,
黔东南州施秉县甘溪乡江凯村洞口组滑坡.csv,,,other,False,user,966,,,,,,
黔东南州凯里市大风洞镇平良村下丰组滑坡.csv,,,other,False,user,1401,,,,,,
六盘水市六枝特区大用镇汨港村下木冲组半坡（待核销）滑坡.csv,,,other,False,user,20834,,,,,,
贵阳市清镇市卫城镇银桥村高坡组滑坡.csv,,,other,False,user,18640,,,,,,
黔东南州凯里市鸭塘街道高泉村高峰组滑坡.csv,,,other,False,user,966,,,,,,
黔东南州岑巩县平庄镇亚林村泡木上寨组泡木湾滑坡.csv,,,other,False,user,1401,,,,,,
黔西南州贞丰县小屯镇尾洒村猫猫洞组猫猫洞滑坡.csv,,,other,False,user,18576,,,,,,
六盘水市水城区花戛乡吴王村纸厂组滑坡.csv,,,other,False,user,18576,,,,,,
毕节市赫章县财神镇大山村集营组集营滑坡.csv,,,other,False,user,18576,,,,,,
黔西南州兴义市捧乍镇老厂村和坪组滑坡.csv,,,other,False,user,966,,,,,,
遵义市习水县永安镇团结村干溪沟组干溪沟滑坡.csv,,,other,False,user,1343,,,,,,
遵义市赤水市官渡镇玉皇村角上组碾长包滑坡.csv,,,other,False,user,1548,,,,,,
铜仁市石阡县白沙镇笔架山村五组黄土塘滑坡.csv,,,other,False,user,966,,,,,,
黔西南州兴义市乌沙镇普梯村河边组滑坡.csv,,,other,False,user,18576,,,,,,
黔东南州镇远县大地乡双坝村苦竹园组滑坡.csv,,,other,False,user,966,,,,,,
遵义市习水县永安镇润南村后坝组后坝滑坡.csv,,,other,False,user,1343,,,,,,
黔西南州贞丰县龙场镇三河村李家庄组李家庄滑坡.csv,,,other,False,user,18576,,,,,,
黔西南州望谟县石屯镇达耸村里木组（待核销）滑坡.csv,,,other,False,user,1376,,,,,,
黔东南州天柱县社学街道小江村三组田冲滑坡.csv,,,other,False,user,18640,,,,,,
遵义市汇川区山盆镇打鼓村况家山组（0834风险斜坡）滑坡.csv,,,other,True,user,2404,,,,,,
铜仁市德江县复兴镇楠木村大竹园组麻窝滑坡.csv,,,other,False,user,966,,,,,,
黔东南州镇远县江古镇军坡村周上周下组滑坡.csv,,,other,True,user,14595,,,,,,
黔东南州台江县南宫镇养开村一组滑坡.csv,,,other,False,user,977,,,,,,
黔西南州册亨县坡妹镇同心村纳盘二组滑坡.csv,,,other,False,user,18640,,,,,,
黔东南州麻江县贤昌镇营山村四组滑坡.csv,,,other,False,user,14595,,,,,,
遵义市习水县良村镇吼滩村赵山坪组赵山坪滑坡.csv,,,other,False,user,16169,,,,,,
遵义市湄潭县永兴镇马义村长堰组阻渔溪滑坡.csv,,,other,True,user,16418,,,,,,
遵义市凤冈县永和镇鱼塘村蜂桶岩组坡底下滑坡.csv,,,other,False,user,953,,,,,,
贵阳市息烽县鹿窝镇鹿龙村邓阳寨组石板溪滑坡.csv,,,other,False,user,1318,,,,,,
铜仁市沿河县沙子街道龙凤村岩脚湾组滑坡.csv,,,other,False,user,1212,,,,,,
黔东南州从江县加榜乡党扭村5组滑坡.csv,,,other,False,user,1401,,,,,,
贵阳市开阳县南江乡龙广村坪寨组塘龙公路1公里处滑坡.csv,,,other,False,user,966,,,,,,
毕节市大方县大山乡松鹤村河边组滑坡.csv,,,other,False,user,18576,,,,,,
铜仁市玉屏县皂角坪街道四眼塘村狮子尾组滑坡.csv,,,other,False,user,1212,,,,,,
贵阳市修文县久长街道青龙居委会六组滑坡.csv,,,other,False,user,18640,,,,,,
黔东南州施秉县马溪乡九龙村田家沟组公路旁滑坡.csv,,,other,False,user,18640,,,,,,
遵义市汇川区山盆镇从坝村水星组（0805风险斜坡）滑坡.csv,,,other,False,user,8085,,,,,,
黔东南州镇远县金堡镇松明村黄桶组滑坡.csv,,,other,False,user,966,,,,,,
黔东南州施秉县马号镇冰溪村上贵纪组滑坡.csv,,,other,False,user,966,,,,,,
毕节市七星关区小吉场镇德胜村周家桥组滑坡.csv,,,other,False,user,966,,,,,,
毕节市纳雍县寨乐镇革新村河湾组河湾组滑坡.csv,,,other,False,user,1234,,,,,,
铜仁市德江县潮砥镇潮砥村大院子组大院子滑坡.csv,,,other,False,user,18576,,,,,,
毕节市七星关区燕子口镇雄峰村石龙沟滑坡.csv,,,other,False,user,1418,,,,,,
黔西南州晴隆县鸡场镇红寨村大新二组滑坡.csv,,,other,False,user,18640,,,,,,
毕节市大方县果瓦乡光明村田坎组（走核销中）滑坡.csv,,,other,False,user,16098,,,,,,
遵义市道真县上坝乡双河村杨家湾组杨家湾大庆滑坡.csv,,,other,False,user,16418,,,,,,
遵义市湄潭县永兴镇流河渡村大石组马斑塘滑坡.csv,,,other,True,user,16418,,,,,,
黔东南州丹寨县排调镇宰宿村一组G243丹雷公路三号滑坡.csv,,,other,False,user,1400,,,,,,
黔东南州镇远县舞阳镇沿河村谢家寨组滑坡.csv,,,other,False,user,1403,,,,,,
毕节市织金县牛场镇高山村田坝组滑坡.csv,,,other,False,user,18575,,,,,,
铜仁市思南县杨家坳乡帅家沟村何家坡组何家坡滑坡.csv,,,other,False,user,1210,,,,,,
遵义市仁怀市茅坝镇黎民村新寨组中坝2号点滑坡.csv,,,other,False,user,18640,,,,,,
黔西南州兴仁市屯脚镇屯上村屯上组滑坡.csv,,,other,False,user,14595,,,,,,
黔东南州凯里市开怀街道塘寨村大寨一组滑坡.csv,,,other,False,user,1400,,,,,,
毕节市纳雍县文昌街道石板河村坡背后组滑坡.csv,,,other,False,user,18640,,,,,,
遵义市道真县玉溪镇蟠溪村龙江组对门滑坡.csv,,,other,False,user,966,,,,,,
遵义市红花岗区金鼎山镇金川村茶园组滑坡.csv,,,other,False,user,18640,,,,,,
毕节市黔西市铁石乡石丫口村岩脚组岩脚寨滑坡.csv,,,other,False,user,1420,,,,,,
遵义市习水县寨坝镇凤凰村团石堡组王家湾滑坡.csv,,,other,False,user,8166,,,,,,
黔东南州从江县丙妹镇大塘村10组江边寨滑坡.csv,,,other,False,user,1400,,,,,,
六盘水市六枝特区龙河镇迎新村河沟头组滑坡.csv,,,other,False,user,1103,,,,,,
黔东南州镇远县舞阳镇马家坳村马家坳组滑坡.csv,,,other,False,user,1355,,,,,,
黔东南州凯里市三棵树镇南花村大寨组滑坡.csv,,,other,False,user,1403,,,,,,
毕节市织金县三塘镇岩硐口村垮坡组滑坡.csv,,,other,False,user,18623,,,,,,
遵义市习水县桑木镇河山村茶垭组石板坡滑坡.csv,,,other,True,user,1548,,,,,,
遵义市习水县二里镇观摩村三合头组三合头滑坡.csv,,,other,False,user,16418,,,,,,
六盘水市水城区阿戛镇新划村半坡组滑坡.csv,,,other,False,user,20798,,,,,,
黔西南州晴隆县中营镇老坪村新寨组新寨滑坡.csv,,,other,False,user,966,,,,,,
黔东南州麻江县贤昌镇贤昌村三组猪鼻井滑坡.csv,,,other,False,user,14595,,,,,,
黔西南州兴仁市新龙场镇大屯村马佰箐组滑坡.csv,,,other,False,user,1273,,,,,,
黔东南州黎平县德凤街道蒲洞村五组滑坡.csv,,,other,False,user,966,,,,,,
黔西南州普安县楼下镇偏坡村雨勒组滑坡.csv,,,other,False,user,1355,,,,,,
遵义市习水县坭坝乡小古池村五组龙井湾滑坡.csv,,,other,True,user,18576,,,,,,
黔南州福泉市牛场镇桂花村兰家院组龙井坡滑坡.csv,,,other,True,user,18051,,,,,,
毕节市赫章县哲庄镇团结村向阳组向阳滑坡.csv,,,other,False,user,16098,,,,,,
贵阳市息烽县西山镇胜利村砂土组2号滑坡.csv,,,other,False,user,1333,,,,,,
遵义市习水县同民镇长安村五组滑坡.csv,,,other,False,user,18576,,,,,,
贵阳市清镇市新店镇方家寨村下青山组滑坡.csv,,,other,False,user,966,,,,,,
遵义市习水县三岔河镇天水池村老木元组老木元滑坡.csv,,,other,False,user,16418,,,,,,
铜仁市松桃县长兴堡镇大花村1.2.3组大花宴滑坡.csv,,,other,False,user,966,,,,,,
黔东南州天柱县白市镇民建村寨下二组彭支龙地基滑坡.csv,,,other,False,user,14595,,,,,,
六盘水市盘州市丹霞镇赵官屯村4、6组文阁山滑坡.csv,,,other,False,user,1369,,,,,,
遵义市习水县回龙镇回龙村连心至瓦厂组滑坡.csv,,,other,False,user,18576,,,,,,
安顺市关岭县岗乌镇大寨村新寨组石岩滑坡.csv,,,other,False,user,966,,,,,,
遵义市务川县都濡街道岩湾村大穴塘滑坡.csv,,,other,False,user,9337,,,,,,
黔西南州晴隆县大厂镇地久村四组上地午滑坡.csv,,,other,False,user,18640,,,,,,
遵义市习水县隆兴镇陶罐村四组下寨湾湾滑坡.csv,,,other,False,user,1548,,,,,,
遵义市道真县三桥镇夏家沟村小湾组滑坡.csv,,,other,False,user,1548,,,,,,
毕节市织金县中寨镇马路村马路组滑坡.csv,,,other,False,user,18640,,,,,,
毕节市金沙县五龙街道小理村大土组大土组滑坡需删除滑坡.csv,,,other,False,user,18576,,,,,,
六盘水市水城区顺场乡法德村箐口组滑坡.csv,,,other,False,user,20727,,,,,,
黔西南州晴隆县茶马镇大田村黄土、红土组滑坡.csv,,,other,False,user,18639,,,,,,
黔西南州册亨县坡妹镇民族村中寨组纳练滑坡.csv,,,other,False,user,966,,,,,,
黔西南州晴隆县花贡镇坪山村岩脚坪组岩脚坪滑坡.csv,,,other,False,user,18640,,,,,,
黔东南州雷山县望丰乡青山村1、2、3组滑坡.csv,,,other,False,user,1400,,,,,,
黔南州罗甸县凤亭乡凤亭村二组蛮瓦寨子滑坡.csv,,,other,False,user,18640,,,,,,
黔南州罗甸县龙坪镇里免村交郎组滑坡.csv,,,other,False,user,18639,,,,,,
黔南州福泉市陆坪镇新桥营村下龙洞组下龙洞滑坡.csv,,,other,False,user,18639,,,,,,
黔西南州兴仁市新龙场镇冬瓜村茨寨坪组滑坡.csv,,,other,False,user,18576,,,,,,
六盘水市水城区猴场乡猴场村七组（龙塘）滑坡.csv,,,other,False,user,1343,,,,,,
毕节市纳雍县厍东关乡东关村下街组下街滑坡.csv,,,other,False,user,966,,,,,,
毕节市织金县珠藏镇链子村月亮坡组滑坡.csv,,,other,False,user,1234,,,,,,
毕节市七星关区亮岩镇关沟村岔沟组滑坡.csv,,,other,False,user,9288,,,,,,
黔西南州望谟县乐元镇乐元村便民服务中心组（待核销）滑坡.csv,,,other,False,user,966,,,,,,
六盘水市钟山区金盆乡羊场村十三组滑坡.csv,,,other,False,user,966,,,,,,
黔南州罗甸县龙坪镇板庚村红岩组滑坡.csv,,,other,True,user,1354,,,,,,
铜仁市松桃县大路镇大湾村大张坡组滑坡.csv,,,other,False,user,1069,,,,,,
黔东南州凯里市舟溪镇里禾村养改组滑坡.csv,,,other,False,user,1400,,,,,,
毕节市赫章县古基镇青龙村画眉组滑坡.csv,,,other,False,user,18640,,,,,,
遵义市道真县玉溪镇淞江村上溪组白沙滑坡.csv,,,other,False,user,16418,,,,,,
毕节市织金县牛场镇塘房村姜寨组滑坡.csv,,,other,False,user,1234,,,,,,
毕节市纳雍县阳长镇堰塘村干沟组干沟滑坡.csv,,,other,False,user,23403,,,,,,
铜仁市思南县兴隆土家族苗族乡长岗村大水井组大水井滑坡.csv,,,other,False,user,1210,,,,,,
贵阳市开阳县冯三镇毛坪村周家坡组2号滑坡.csv,,,other,False,user,18576,,,,,,
黔东南州凯里市凯棠镇新村七组1滑坡.csv,,,other,False,user,1403,,,,,,
黔东南州黎平县雷洞瑶族水族乡德丰村2组1号滑坡.csv,,,other,False,user,966,,,,,,
六盘水市盘州市双凤镇鄢家庄村二组滑坡.csv,,,other,False,user,1343,,,,,,
六盘水市水城区蟠龙镇百车河社区法那一、三、四、五组滑坡.csv,,,other,False,user,1369,,,,,,
铜仁市石阡县花桥镇朝阳村杨家咀组滑坡.csv,,,other,False,user,18576,,,,,,
毕节市黔西市观音洞镇柏林村柏杨林组滑坡.csv,,,other,False,user,16098,,,,,,
六盘水市盘州市丹霞镇黄泥田村19组松山头滑坡.csv,,,other,False,user,14337,,,,,,
黔南州罗甸县龙坪镇板庚社区大坪村还路组罗家坪子滑坡.csv,,,other,False,user,18639,,,,,,
铜仁市思南县塘头镇白鱼村朱家堡组朱家堡滑坡.csv,,,other,False,user,966,,,,,,
黔东南州镇远县大地乡双坝村卖酒店组滑坡.csv,,,other,False,user,966,,,,,,
黔南州福泉市马场坪街道甘粑哨村关庄组白岩滑坡.csv,,,other,False,user,18640,,,,,,
毕节市七星关区团结乡安山村谢家寨组滑坡.csv,,,other,False,user,18578,,,,,,
黔西南州晴隆县碧痕镇新庄村跃进组冷饭田滑坡.csv,,,other,False,user,18640,,,,,,
毕节市纳雍县骔岭镇祠堂边村菜籽地、赵家寨组2个小组滑坡.csv,,,other,False,user,18576,,,,,,
铜仁市德江县潮砥镇青草村青一组滑坡.csv,,,other,False,user,966,,,,,,
黔西南州望谟县王母街道祥乐村过朝组滑坡.csv,,,other,False,user,18561,,,,,,
铜仁市思南县合朋溪镇大石窖村新房子组新房子滑坡.csv,,,other,False,user,1210,,,,,,
遵义市习水县土城镇五星村三组榜榜上滑坡.csv,,,other,False,user,1343,,,,,,
遵义市习水县官店镇里师村中心组滑坡.csv,,,other,False,user,18576,,,,,,
遵义市习水县坭坝乡南天门村六组生溪坪滑坡.csv,,,other,False,user,18576,,,,,,
遵义市习水县二里镇井坝村田湾组新街滑坡.csv,,,other,False,user,18576,,,,,,
黔西南州晴隆县沙子镇联盟村七组黄泥堡滑坡.csv,,,other,False,user,966,,,,,,
六盘水市水城区比德镇大寨村大河组滑坡.csv,,,other,False,user,966,,,,,,
黔东南州雷山县西江镇大龙村寨口组滑坡.csv,,,other,False,user,1400,,,,,,
黔西南州兴仁市回龙镇狮子村岩子冲组滑坡.csv,,,other,True,user,1210,,,,,,
遵义市凤冈县蜂岩镇中枢村苏家坪组苏家坪滑坡.csv,,,other,False,user,1338,,,,,,
安顺市平坝区乐平镇大尧村状元山组滑坡.csv,,,other,False,user,966,,,,,,
毕节市纳雍县水东镇新民村瓦房组瓦房滑坡.csv,,,other,False,user,966,,,,,,
贵阳市修文县六桶镇海马孔村中寨组滑坡.csv,,,other,False,user,18639,,,,,,
黔东南州麻江县金竹街道仙坝村小寨组滑坡.csv,,,other,False,user,18640,,,,,,
黔东南州丹寨县兴仁镇翻杠村福亚二组湾寨滑坡.csv,,,other,True,user,14432,,,,,,
黔西南州兴仁市潘家庄镇鸡场坪村半坡组梨山田滑坡.csv,,,other,False,user,1549,,,,,,
黔东南州锦屏县河口乡格翁村富翁组滑坡.csv,,,other,False,user,14595,,,,,,
六盘水市六枝特区新窑镇联合村箐脚寨组箐脚寨滑坡.csv,,,other,False,user,20850,,,,,,
六盘水市盘州市柏果镇红旗村5组滑坡.csv,,,other,False,user,1343,,,,,,
贵阳市开阳县龙水乡龙江村构皮林组滑坡.csv,,,other,False,user,18640,,,,,,
黔西南州望谟县平洞街道洛郎村过耐组滑坡.csv,,,other,False,user,1355,,,,,,
铜仁市松桃县冷水溪镇陆家坝村罗家湾组滑坡.csv,,,other,False,user,1210,,,,,,
毕节市纳雍县维新镇奢沟村落扣寨组落扣寨滑坡.csv,,,other,False,user,1234,,,,,,
遵义市汇川区芝麻镇新民村高炉组（1009风险斜坡）滑坡.csv,,,other,False,user,1548,,,,,,
黔东南州镇远县金堡镇爱和村上一、二组滑坡.csv,,,other,True,user,1362,,,,,,
遵义市习水县习酒镇岩寨村湾子组滑坡.csv,,,other,False,user,1212,,,,,,
黔东南州凯里市万潮镇香炉山村青松、松柏组滑坡.csv,,,other,False,user,1401,,,,,,
黔东南州凯里市大风洞镇对江村裴家林组滑坡.csv,,,other,False,user,1401,,,,,,
毕节市赫章县松林坡乡红砖村陈寨组陈寨滑坡.csv,,,other,False,user,16098,,,,,,
遵义市道真县三桥镇北园村白杨凼组滑坡.csv,,,other,False,user,966,,,,,,
黔西南州贞丰县白层镇福怀村福味组滑坡.csv,,,other,False,user,966,,,,,,
黔西南州望谟县油迈乡各沙村各沙组滑坡.csv,,,other,False,user,1399,,,,,,
黔东南州从江县往洞镇坨苗村3组滑坡.csv,,,other,True,user,14595,,,,,,
六盘水市钟山区大河镇周家寨村六组易扶一期滑坡.csv,,,other,False,user,966,,,,,,
遵义市习水县三岔河镇三岔村街上组荔枝沟滑坡.csv,,,other,False,user,1344,,,,,,
毕节市纳雍县厍东关乡梅花村大海子组2滑坡.csv,,,other,True,user,2330,,,,,,
黔西南州贞丰县小屯镇仁朝村杉树园组杉树园滑坡.csv,,,other,False,user,18576,,,,,,
黔东南州从江县丙妹镇三角井新村2组滑坡.csv,,,other,False,user,14593,,,,,,
黔南州都匀市小围寨街道王家司村三五组大地冲滑坡.csv,,,other,False,user,1369,,,,,,
铜仁市沿河县洪渡镇双泉村岩脚组滑坡.csv,,,other,False,user,18640,,,,,,
毕节市大方县果瓦乡隆里村大湾组石家沟滑坡.csv,,,other,False,user,546,,,,,,
黔西南州贞丰县挽澜镇纳坎村下纳坎组滑坡.csv,,,other,False,user,18576,,,,,,
铜仁市思南县三道水土家族苗族乡红溪村红山组红山滑坡.csv,,,other,False,user,1210,,,,,,
黔东南州凯里市开怀街道党果村4组滑坡.csv,,,other,False,user,966,,,,,,
黔东南州天柱县社学街道社学村平牙上四组滑坡.csv,,,other,False,user,18692,,,,,,
遵义市绥阳县温泉镇洪骆村刘家寨组滑坡.csv,,,other,False,user,18573,,,,,,
铜仁市沿河县谯家镇白石溪村王家组长坪滑坡.csv,,,other,False,user,966,,,,,,
贵阳市修文县六桶镇石板村沙湾组滑坡.csv,,,other,False,user,18639,,,,,,
遵义市务川县分水镇分水社区偏岩组滑坡.csv,,,other,True,user,1548,,,,,,
黔西南州册亨县巧马镇巧马村二组滑坡.csv,,,other,False,user,1347,,,,,,
六盘水市水城区阿戛镇温泉村新寨组滑坡.csv,,,other,False,user,1367,,,,,,
六盘水市六枝特区新场乡旧院村虎林丫口组滑坡.csv,,,other,False,user,966,,,,,,
遵义市习水县程寨镇罗汉寺村罗汉寺组杨柳坝滑坡.csv,,,other,False,user,16381,,,,,,
遵义市习水县官店镇田湾村思里关组大土湾1滑坡.csv,,,other,False,user,16169,,,,,,
铜仁市思南县思林土家族苗族乡大格坨村大格坨组大格坨滑坡.csv,,,other,False,user,18487,,,,,,
毕节市纳雍县百兴镇坐窝底村新发寨组新发寨滑坡.csv,,,other,False,user,18576,,,,,,
六盘水市盘州市鸡场坪镇朝阳村12组落噶坡脚滑坡.csv,,,other,False,user,1369,,,,,,
黔东南州锦屏县启蒙镇果垢村一组小寨滑坡.csv,,,other,False,user,1401,,,,,,
黔东南州镇远县蕉溪镇蕉溪村厂上组滑坡.csv,,,other,False,user,966,,,,,,
铜仁市沿河县祐溪街道白果树村六组丁家屋基滑坡.csv,,,other,False,user,1420,,,,,,
贵阳市白云区牛场乡蓬莱村小寨组滑坡.csv,,,other,False,user,20742,,,,,,
毕节市威宁县金钟镇文昌村新田组訾家院子滑坡.csv,,,other,False,user,18576,,,,,,
贵阳市开阳县龙岗镇大石板村鱼秋坡组田坝寨滑坡.csv,,,other,False,user,18639,,,,,,
黔东南州天柱县竹林镇高坡村元头组滑坡.csv,,,other,False,user,966,,,,,,
铜仁市石阡县大沙坝乡埃山村苦竹坪组滑坡.csv,,,other,False,user,1212,,,,,,
黔东南州从江县东朗镇九德村8组滑坡.csv,,,other,False,user,562,,,,,,
黔东南州三穗县雪洞镇界牌村龙歌组滑坡.csv,,,other,False,user,14593,,,,,,
铜仁市德江县煎茶镇小溪村黄泥塘组滑坡.csv,,,other,False,user,18576,,,,,,
毕节市大方县鼎新乡风景村蔡家寨组滑坡.csv,,,other,False,user,966,,,,,,
遵义市绥阳县旺草镇广怀村双龙组滑坡.csv,,,other,False,user,7850,,,,,,
遵义市习水县二郎镇水田村大坪组大坪滑坡.csv,,,other,False,user,16507,,,,,,
黔西南州册亨县双江镇顶肖村二组滑坡.csv,,,other,False,user,966,,,,,,
遵义市习水县隆兴镇新光村一组砍船湾滑坡.csv,,,other,False,user,18576,,,,,,
遵义市习水县仙源镇羊久村白水井组滑坡.csv,,,other,False,user,6665,,,,,,
毕节市织金县实兴乡鸭寨村鸭寨组滑坡.csv,,,other,False,user,1234,,,,,,
黔东南州雷山县达地乡小乌村也鸟组滑坡.csv,,,other,False,user,14593,,,,,,
黔东南州凯里市万潮镇荷花村田坝组滑坡.csv,,,other,False,user,1401,,,,,,
遵义市道真县阳溪镇四坪村新屋基组新屋基滑坡.csv,,,other,False,user,1368,,,,,,
遵义市习水县桃林镇天隆村高坪组下坪滑坡.csv,,,other,False,user,1340,,,,,,
黔东南州天柱县竹林镇竹林村下组滑坡.csv,,,other,False,user,14595,,,,,,
遵义市习水县土城镇齐心村一组李家坪滑坡.csv,,,other,False,user,16381,,,,,,
黔东南州镇远县尚寨乡大河村矮坡组滑坡.csv,,,other,False,user,966,,,,,,
黔西南州兴仁市潘家庄镇扯尼姑村箐脚组滑坡.csv,,,other,False,user,18576,,,,,,
遵义市仁怀市苍龙街道苍龙坝社区梨树湾组滑坡.csv,,,other,False,user,1070,,,,,,
毕节市大方县核桃乡木寨村大坡组滑坡.csv,,,other,False,user,18576,,,,,,
安顺市紫云县猴场镇坪上村下坝达组(待核销)反背1滑坡.csv,,,other,False,user,18639,,,,,,
遵义市绥阳县宽阔镇宽阔村丰乐组打老坡滑坡.csv,,,other,False,user,1408,,,,,,
铜仁市沿河县黄土镇花溪村上岩组滑坡.csv,,,other,False,user,1549,,,,,,
黔东南州黄平县重安镇黄金村三桥组滑坡.csv,,,other,False,user,16380,,,,,,
黔东南州黎平县地坪镇依九村二组养中寨滑坡.csv,,,other,False,user,14595,,,,,,
黔东南州天柱县远口镇元田村元田组滑坡.csv,,,other,False,user,14593,,,,,,
遵义市凤冈县花坪街道办关口村水井湾组水井湾滑坡.csv,,,other,False,user,1338,,,,,,
铜仁市松桃县盘信镇杨柳村1组青菜坪滑坡.csv,,,other,False,user,1211,,,,,,
毕节市织金县三塘镇岩洞口村垮坡组落水洞滑坡.csv,,,other,False,user,1234,,,,,,
贵阳市开阳县楠木渡镇谷阳村江山组江山滑坡.csv,,,other,False,user,18639,,,,,,
毕节市纳雍县雍熙街道杨家营社区岔河组滑坡.csv,,,other,False,user,14593,,,,,,
铜仁市万山区大坪乡大冲村伞江组伞江滑坡滑坡.csv,,,other,True,user,1212,,,,,,
黔东南州从江县丙妹镇丙梅三村3组滑坡.csv,,,other,False,user,960,,,,,,
毕节市纳雍县雍熙街道杨家营社区雷打坡组滑坡.csv,,,other,False,user,18639,,,,,,
黔东南州雷山县西江镇开觉村也东寨组滑坡.csv,,,other,False,user,1401,,,,,,
黔南州三都县都江镇光明村照寨组照寨滑坡.csv,,,other,False,user,1359,,,,,,
毕节市纳雍县左鸠戛乡先锋村沙坝组营脚滑坡.csv,,,other,False,user,1234,,,,,,
六盘水市水城区化乐镇化乐村湾子组滑坡.csv,,,other,False,user,18576,,,,,,
六盘水市盘州市大山镇上寨村4组滑坡.csv,,,other,False,user,966,,,,,,
铜仁市思南县塘头镇坪先村黄泥堡组黄泥堡滑坡.csv,,,other,False,user,966,,,,,,
六盘水市盘州市大山镇小雨谷村4--5组（张家湾子）滑坡.csv,,,other,False,user,20381,,,,,,
毕节市纳雍县阳长镇跳花坡村大边沟组大边沟滑坡.csv,,,other,False,user,1234,,,,,,
遵义市桐梓县新站镇旧城村林家沟组滑坡.csv,,,other,False,user,1339,,,,,,
毕节市大方县达溪镇新寨村长丰组滑坡.csv,,,other,False,user,568,,,,,,
毕节市大方县鼎新乡兴启村岔沟组滑坡.csv,,,other,False,user,1339,,,,,,
六盘水市水城区鸡场镇安全村谢家寨组滑坡.csv,,,other,False,user,18578,,,,,,
遵义市桐梓县新站镇农里村中心组大坪上滑坡.csv,,,other,False,user,9288,,,,,,
六盘水市盘州市大山镇补嘎村14-16组许地基滑坡.csv,,,other,False,user,1344,,,,,,
贵阳市开阳县双流镇凉水井村西牛洞组滑坡.csv,,,other,False,user,18577,,,,,,
铜仁市玉屏县新店镇朝阳村枫木坡组文金花家滑坡.csv,,,other,False,user,18576,,,,,,
黔东南州镇远县江古镇大岭村皂方组滑坡.csv,,,other,False,user,966,,,,,,
铜仁市万山区大坪乡大冲村大湾组滑坡.csv,,,other,False,user,1212,,,,,,
黔西南州册亨县岩架镇弄应村大屯组滑坡.csv,,,other,False,user,18639,,,,,,
六盘水市盘州市大山镇螳螂村7、8组滑坡.csv,,,other,False,user,1394,,,,,,
六盘水市水城区玉舍镇玉舍居委会村新场组滑坡.csv,,,other,False,user,19949,,,,,,
黔东南州锦屏县启蒙镇八瓢村六组双溪口滑坡.csv,,,other,False,user,14595,,,,,,
黔东南州麻江县杏山街道青山村高碑组滑坡.csv,,,other,False,user,14595,,,,,,
遵义市汇川区高坪街道金塘村青龙组（3229风险斜坡）滑坡.csv,,,other,False,user,7850,,,,,,
黔南州罗甸县茂井镇新茂村纳柳七、八组滑坡.csv,,,other,False,user,18551,,,,,,
六盘水市盘州市大山镇大地头村3组吉凹滑坡.csv,,,other,False,user,1394,,,,,,
六盘水市钟山区大河镇裕民村七组沙沟滑坡.csv,,,other,False,user,20716,,,,,,
遵义市红花岗区永乐镇民群村民群村组张家山滑坡.csv,,,other,False,user,18640,,,,,,
黔东南州丹寨县兴仁镇卓佐村一组保寨树滑坡.csv,,,other,False,user,14595,,,,,,
黔东南州凯里市下司镇翁港村龙角组滑坡.csv,,,other,False,user,1400,,,,,,
黔南州长顺县广顺镇立木村摆邦组滑坡.csv,,,other,False,user,966,,,,,,
安顺市关岭县顶云街道谷新村扁山组滑坡.csv,,,other,False,user,966,,,,,,
毕节市织金县珠藏镇牛硐村沙子坡组滑坡.csv,,,other,False,user,1234,,,,,,
遵义市赤水市官渡镇仙鹤村茶园组三台坝滑坡.csv,,,other,False,user,9288,,,,,,
遵义市播州区三合镇长丰村城上组城上滑坡.csv,,,other,False,user,18576,,,,,,
黔西南州晴隆县沙子镇保家村一组滑坡.csv,,,other,False,user,1364,,,,,,
黔南州荔波县小七孔镇联江村六香组滑坡.csv,,,other,False,user,1401,,,,,,
安顺市紫云县四大寨乡茅草村一二三组(待核销)滑坡.csv,,,other,False,user,18639,,,,,,
黔东南州丹寨县雅灰乡雅灰村二、三组老街滑坡.csv,,,other,False,user,14595,,,,,,
黔西南州册亨县双江镇洛央村坝纳组滑坡.csv,,,other,False,user,966,,,,,,
黔西南州兴义市白碗窑镇普哈村新黑泥组待核销滑坡.csv,,,other,False,user,18576,,,,,,
毕节市七星关区田坎乡白沙河村朝阳组纳贡滑坡.csv,,,other,False,user,1234,,,,,,
黔东南州岑巩县注溪镇中寨村边坡组滑坡.csv,,,other,True,user,2330,,,,,,
毕节市七星关区野角乡邓家湾村青杠组滑坡.csv,,,other,False,user,18575,,,,,,
毕节市织金县茶店乡磨大村河尾组滑坡.csv,,,other,False,user,1457,,,,,,
贵阳市清镇市流长乡大元村烂田冲组滑坡.csv,,,other,False,user,18640,,,,,,
遵义市习水县官店镇民建村新建组皂角树滑坡.csv,,,other,False,user,1403,,,,,,
黔西南州普安县盘水街道官田村小寨组小寨滑坡.csv,,,other,False,user,1355,,,,,,
遵义市习水县永安镇白鹿村芦坝组芦坝滑坡.csv,,,other,False,user,1343,,,,,,
黔东南州天柱县竹林镇花里村四组李宏耀等户滑坡.csv,,,other,False,user,966,,,,,,
黔东南州榕江县平永镇平永村老酒厂组滑坡.csv,,,other,False,user,6544,,,,,,
黔西南州册亨县双江镇丁马村一二组2号滑坡.csv,,,other,False,user,1137,,,,,,
毕节市七星关区千溪乡千郎沟村大箐脚组路郎煤矿滑坡.csv,,,other,False,user,966,,,,,,
黔东南州锦屏县平略镇三板溪移民新村四组滑坡.csv,,,other,False,user,14595,,,,,,
贵阳市花溪区小孟街道毛寨村3.4组贵阳乾晨汽车服务有限公司后山滑坡.csv,,,other,False,user,18639,,,,,,
遵义市习水县同民镇茶垭村五组任家屋基滑坡.csv,,,other,False,user,16111,,,,,,
六盘水市水城区营盘乡红德村包包组滑坡.csv,,,other,False,user,966,,,,,,
安顺市镇宁县六马镇纳坡村喜娥组纳坡村喜娥组滑坡.csv,,,other,False,user,966,,,,,,
铜仁市松桃县甘龙镇土墩村李家组滑坡.csv,,,other,True,user,1234,,,,,,
铜仁市沿河县黑水镇龙堡村场口组滑坡.csv,,,other,False,user,18577,,,,,,
毕节市大方县鼎新乡和平村大坝组滑坡.csv,,,other,False,user,18576,,,,,,
黔东南州从江县加鸠镇加鲁村3组滑坡.csv,,,other,False,user,14595,,,,,,
黔西南州兴义市乌沙镇大兴寨村大梁子组大梁子，待核销滑坡.csv,,,other,False,user,9288,,,,,,
黔东南州天柱县社学街道桥联村江头寨组滑坡.csv,,,other,False,user,14551,,,,,,
遵义市务川县浞水镇沧浪村新村组邓家滑坡.csv,,,other,False,user,16381,,,,,,
黔东南州从江县翠里乡翠里村1—9组滑坡.csv,,,other,False,user,1217,,,,,,
黔南州福泉市马场坪街道平堡村百子桥组马路坡滑坡.csv,,,other,False,user,18640,,,,,,
毕节市威宁县龙场镇干河村水井大箐组阿木块滑坡.csv,,,other,False,user,18576,,,,,,
毕节市织金县马场镇文丰村新桥组滑坡.csv,,,other,False,user,1234,,,,,,
六盘水市水城区勺米镇坡脚村包包寨组滑坡.csv,,,other,False,user,1355,,,,,,
遵义市习水县习酒镇新园村小寨组滑坡.csv,,,other,False,user,18576,,,,,,
黔西南州望谟县乐元镇弄寒村弄寒组滑坡.csv,,,other,False,user,1376,,,,,,
黔东南州天柱县远口镇六池村月山组杨永江地基滑坡.csv,,,other,False,user,14595,,,,,,
遵义市正安县庙塘镇走马村坪木组滑坡.csv,,,other,False,user,966,,,,,,
安顺市关岭县白水镇坑边村高田组高田滑坡.csv,,,other,False,user,18576,,,,,,
遵义市仁怀市茅台镇二合向阳村新田组新田滑坡.csv,,,other,False,user,1333,,,,,,
六盘水市六枝特区龙河镇红旗村打油寨组滑坡.csv,,,other,False,user,966,,,,,,
黔东南州从江县斗里镇根里村三组滑坡.csv,,,other,False,user,14595,,,,,,
毕节市七星关区海子街镇擦枪岩村核桃坪组滑坡.csv,,,other,True,user,1210,,,,,,
六盘水市六枝特区牂牁镇木城村包包园组滑坡.csv,,,other,False,user,1369,,,,,,
铜仁市沿河县沙子街道玉桐村桐元组滑坡.csv,,,other,False,user,966,,,,,,
黔西南州兴仁市潘家庄镇下溪村荒田组滑坡.csv,,,other,False,user,966,,,,,,
遵义市务川县浞水镇乐园村先锋组滑坡.csv,,,other,False,user,18577,,,,,,
贵阳市开阳县冯三镇新华村旧寨组北侧滑坡.csv,,,other,False,user,18640,,,,,,
毕节市大方县猫场镇五丫口村穿洞组滑坡.csv,,,other,False,user,987,,,,,,
铜仁市万山区下溪乡官田村马头山组滑坡.csv,,,other,False,user,966,,,,,,
黔东南州从江县刚边乡银平村1组公路X882-6～X882-7段（待核销）滑坡.csv,,,other,False,user,966,,,,,,
铜仁市万山区大坪乡清塘村盐井小院子组盐井小院子滑坡.csv,,,other,False,user,1212,,,,,,
遵义市道真县上坝乡双河村杨家湾组杨家湾滑坡.csv,,,other,False,user,16418,,,,,,
黔东南州从江县丙妹镇三角井新村2组銮里风情园（待核销）滑坡.csv,,,other,False,user,14593,,,,,,
黔东南州榕江县朗洞镇宰林村宰乐组滑坡.csv,,,other,False,user,966,,,,,,
黔东南州施秉县马溪乡九龙村大河坝组滑坡.csv,,,other,False,user,16096,,,,,,
黔东南州镇远县青溪镇坪阳村对门冲组滑坡.csv,,,other,False,user,966,,,,,,
遵义市凤冈县花坪街道办关口村高家塘组高家塘滑坡.csv,,,other,True,user,4788,,,,,,
铜仁市江口县坝盘镇合寨村众家组滑坡.csv,,,other,True,user,1170,,,,,,
铜仁市沿河县板场镇任桂村三组岩口滑坡.csv,,,other,False,user,18520,,,,,,
毕节市纳雍县新房乡平硐村六组拉落寨滑坡.csv,,,other,False,user,1234,,,,,,
毕节市七星关区大河乡双桥村百多组滑坡.csv,,,other,False,user,966,,,,,,
黔西南州册亨县秧坝镇昂涛村中寨组滑坡.csv,,,other,False,user,1376,,,,,,
毕节市七星关区梨树镇二保社区七组滑坡.csv,,,other,False,user,12413,,,,,,
黔南州贵定县德新镇德新村吴家山组吴家山滑坡.csv,,,other,False,user,18576,,,,,,
黔西南州晴隆县茶马镇大田村砂厂组滑坡.csv,,,other,False,user,966,,,,,,
黔东南州从江县贯洞镇今影村3组滑坡.csv,,,other,False,user,1403,,,,,,
铜仁市德江县平原镇坳田村喻家坨组喻家坨滑坡.csv,,,other,False,user,966,,,,,,
遵义市习水县寨坝镇习源村田坝组田坝滑坡.csv,,,other,False,user,9288,,,,,,
毕节市赫章县可乐乡大山村山脚组山脚滑坡.csv,,,other,False,user,18576,,,,,,
毕节市七星关区生机镇谢家村大园子组滑坡.csv,,,other,False,user,18576,,,,,,
黔东南州黄平县重安镇五福村新龙组滑坡.csv,,,other,False,user,18576,,,,,,
遵义市新蒲新区新中街道三合村河村组滑坡.csv,,,other,True,user,16418,,,,,,
贵阳市开阳县金中镇金华村三百块滑坡.csv,,,other,False,user,18639,,,,,,
铜仁市沿河县思渠镇池江村牛皮树组滑坡.csv,,,other,False,user,1212,,,,,,
黔东南州丹寨县排调镇岔河村排脚组滑坡.csv,,,other,True,user,14593,,,,,,
黔东南州镇远县蕉溪镇猛溪村下寨组滑坡.csv,,,other,False,user,966,,,,,,
黔东南州锦屏县启蒙镇八里村七组金鸡头滑坡.csv,,,other,False,user,14595,,,,,,
毕节市织金县金凤街道田坝村箐脚组滑坡.csv,,,other,False,user,16096,,,,,,
黔东南州丹寨县排调镇岔河村二组党开滑坡.csv,,,other,True,user,14593,,,,,,
黔南州惠水县好花红镇三联村滴答（五组）滴答滑坡.csv,,,other,False,user,1109,,,,,,
黔西南州晴隆县鸡场镇杨柳村磨田组上磨田滑坡.csv,,,other,False,user,18640,,,,,,
黔东南州剑河县太拥镇白道村1组滑坡.csv,,,other,False,user,966,,,,,,
黔西南州贞丰县白层镇这内村这内1、2组这内滑坡.csv,,,other,False,user,18576,,,,,,
遵义市习水县大坡镇裕民村长虹组窝荡头滑坡.csv,,,other,False,user,1344,,,,,,
铜仁市印江县沙子坡镇韩家村韩家坪组韩家坪滑坡.csv,,,other,False,user,18577,,,,,,
铜仁市思南县兴隆乡关坪村上官田沟组上官田沟滑坡.csv,,,other,False,user,1366,,,,,,
铜仁市石阡县汤山街道北塔村冉家坟组滑坡.csv,,,other,False,user,18577,,,,,,
黔西南州兴仁市城南街道保驹村榜榜田组滑坡.csv,,,other,False,user,1548,,,,,,
遵义市习水县官店镇新庄村湾头组鱼池滑坡.csv,,,other,False,user,18576,,,,,,
六盘水市水城区新街乡二台村店子上组滑坡.csv,,,other,False,user,108,,,,,,
贵阳市修文县景阳街道清溪村小冲组弯塘鼓滑坡.csv,,,other,True,user,18639,,,,,,
贵阳市开阳县双流镇白马村新桥组1号滑坡.csv,,,other,False,user,1234,,,,,,
贵阳市修文县六屯镇长田村中心组洞门前滑坡.csv,,,other,False,user,18639,,,,,,
黔东南州天柱县瓮洞镇克寨村上寨组滑坡.csv,,,other,False,user,14593,,,,,,
黔东南州天柱县竹林镇竹林村架板组滑坡.csv,,,other,False,user,14595,,,,,,
黔东南州天柱县竹林镇麻阳村六组新中滑坡.csv,,,other,False,user,14595,,,,,,
黔东南州天柱县社学街道占溪村一组滑坡.csv,,,other,False,user,14593,,,,,,
黔西南州兴仁市回龙镇打汞村太平洞组滑坡.csv,,,other,False,user,18576,,,,,,
黔南州荔波县甲良镇双江村交挠组滑坡.csv,,,other,False,user,733,,,,,,
六盘水市盘州市丹霞镇苍蒲坑村6组小槽子滑坡.csv,,,other,False,user,1350,,,,,,
毕节市纳雍县新房乡平硐村六组小箐头滑坡.csv,,,other,False,user,16002,,,,,,
遵义市习水县土城镇群峰村六组大坪子滑坡.csv,,,other,False,user,18576,,,,,,
铜仁市江口县坝盘镇张屯村老顶坡组滑坡.csv,,,other,False,user,18577,,,,,,
六盘水市钟山区木果镇木果居委会十一组滑坡.csv,,,other,False,user,1369,,,,,,
铜仁市松桃县寨英镇大水沟村团坡组滑坡.csv,,,other,False,user,1554,,,,,,
六盘水市盘州市旧营乡海马珠村7组杨家寨（待核销）滑坡.csv,,,other,False,user,1376,,,,,,
铜仁市松桃县大路镇田坝村盈家组滑坡.csv,,,other,False,user,1210,,,,,,
遵义市绥阳县青杠塘镇野茶村漆树坡组滑坡.csv,,,other,False,user,16382,,,,,,
黔东南州镇远县舞阳镇黄桑田村马路边组滑坡.csv,,,other,False,user,18640,,,,,,
毕节市织金县猫场镇光明村补要组滑坡.csv,,,other,False,user,1234,,,,,,
贵阳市清镇市滨湖街道燕尾村长冲河组滑坡.csv,,,other,False,user,18640,,,,,,
遵义市绥阳县坪乐镇大垭村坪山组滑坡.csv,,,other,False,user,16169,,,,,,
六盘水市水城区化乐镇猫场村长田组滑坡.csv,,,other,False,user,18639,,,,,,
黔东南州天柱县竹林镇麻阳村六组新中杨和云屋背滑坡滑坡.csv,,,other,False,user,1217,,,,,,
黔南州罗甸县红水河镇官固村一、二组滑坡.csv,,,other,False,user,1376,,,,,,
黔东南州榕江县八开镇八开村新街五组滑坡.csv,,,other,False,user,966,,,,,,
毕节市威宁县金钟镇水营村大营组韩家沟滑坡.csv,,,other,False,user,18576,,,,,,
毕节市赫章县六曲河镇家竹村兴安组2号滑坡.csv,,,other,False,user,1210,,,,,,
铜仁市石阡县龙井乡柏杨寨村旧瓦房组滑坡.csv,,,other,False,user,18577,,,,,,
铜仁市万山区敖寨乡两河口村上格寨组上格寨滑坡滑坡.csv,,,other,False,user,1212,,,,,,
铜仁市德江县长丰乡小坪村计家坡组滑坡.csv,,,other,True,user,18576,,,,,,
黔东南州锦屏县河口乡河口村一组滑坡.csv,,,other,False,user,14595,,,,,,
安顺市普定县猫洞乡吉祥村谢家坝2组滑坡.csv,,,other,False,user,1554,,,,,,
遵义市道真县玉溪镇松江村沿河组沿河滑坡.csv,,,other,False,user,1403,,,,,,
遵义市道真县三桥镇凤山村街上组街上滑坡.csv,,,other,False,user,8209,,,,,,
黔东南州麻江县杏山街道良田村北街组滑坡.csv,,,other,False,user,1458,,,,,,
毕节市赫章县哲庄镇坝子村坝子组滑坡.csv,,,other,False,user,18576,,,,,,
遵义市道真县洛龙镇洛龙村天龙沟组滑坡.csv,,,other,False,user,16418,,,,,,
黔东南州黄平县谷陇镇大寨村脚板坳组滑坡.csv,,,other,False,user,18428,,,,,,
铜仁市玉屏县田坪镇罗家寨村渡口组滑坡.csv,,,other,False,user,1212,,,,,,
遵义市桐梓县风水镇核桃村三组渡口滑坡.csv,,,other,True,user,18576,,,,,,
铜仁市沿河县思渠镇院山村猫岩沟组滑坡.csv,,,other,False,user,966,,,,,,
铜仁市德江县桶井乡同心社区洞门矸组滑坡.csv,,,other,False,user,1189,,,,,,
贵阳市云岩区黔灵镇偏坡村猫坝七组滑坡.csv,,,other,False,user,538,,,,,,
六盘水市水城区化乐镇五星村九组至十四组滑坡.csv,,,other,False,user,1367,,,,,,
遵义市赤水市长沙镇石场村新田榜组青冈林滑坡.csv,,,other,False,user,17180,,,,,,
遵义市赤水市白云乡平滩村竹同组狮子山（待核销）滑坡.csv,,,other,False,user,18576,,,,,,
遵义市习水县双龙乡杨寺岩村新合组丛坝滑坡.csv,,,other,False,user,18576,,,,,,
安顺市关岭县白水镇乌拉村蛮寨组滑坡.csv,,,other,False,user,966,,,,,,
遵义市新蒲新区永乐镇工农村金竹井组滑坡.csv,,,other,False,user,1465,,,,,,
六盘水市盘州市竹海镇上鱼塘村6组尖山滑坡.csv,,,other,False,user,20416,,,,,,
铜仁市德江县荆角乡水溪村安家宅组滑坡.csv,,,other,False,user,1210,,,,,,
安顺市普定县鸡场坡镇骂若村小寨组滑坡.csv,,,other,True,user,1355,,,,,,
黔东南州黎平县岩洞镇铜关村一组滑坡.csv,,,other,False,user,14595,,,,,,
遵义市道真县玉溪镇桑木坝村向阳组邹家滑坡.csv,,,other,False,user,18577,,,,,,
遵义市绥阳县黄杨镇联庄村龙井湾组滑坡.csv,,,other,False,user,1369,,,,,,
贵阳市观山湖区朱昌镇高寨村沙天一组滑坡.csv,,,other,False,user,14593,,,,,,
铜仁市沿河县思渠镇思渠村南克井组滑坡.csv,,,other,False,user,18572,,,,,,
黔东南州丹寨县排调镇宰宿村一组羊物滑坡.csv,,,other,False,user,1400,,,,,,
毕节市百里杜鹃管理区仁和乡双坝村2组何家寨滑坡.csv,,,other,False,user,1420,,,,,,
遵义市凤冈县蜂岩镇中枢村陈家山组陈家山滑坡.csv,,,other,True,user,15875,,,,,,
黔东南州岑巩县水街道马坡村田坝组学堂边滑坡.csv,,,other,False,user,966,,,,,,
安顺市紫云县四大寨乡喜档村喜档三组(待核销)滑坡.csv,,,other,False,user,18639,,,,,,
毕节市织金县纳雍乡六阴支村梯子岩组下寨滑坡.csv,,,other,False,user,1205,,,,,,
遵义市汇川区山盆镇太坪村四组马鞍子滑坡.csv,,,other,True,user,871,,,,,,
铜仁市德江县潮砥镇果园村上山奉组上山奉滑坡.csv,,,other,False,user,966,,,,,,
黔东南州三穗县雪洞镇大元村滚马组滑坡.csv,,,other,False,user,966,,,,,,
铜仁市万山区敖寨乡洋世界村林家冲组1#滑坡.csv,,,other,False,user,14593,,,,,,
铜仁市松桃县大路镇大湾村黄泥田组滑坡.csv,,,other,False,user,18576,,,,,,
毕节市纳雍县水东镇帕那村高石坎组滑坡.csv,,,other,False,user,1212,,,,,,
黔东南州丹寨县扬武镇腊尧村一、二组腊尧寨滑坡.csv,,,other,False,user,14595,,,,,,
黔东南州施秉县马号镇冰溪村5组屠付山滑坡.csv,,,other,False,user,966,,,,,,
黔南州贵定县昌明镇摆耳村半坡组滑坡.csv,,,other,False,user,18640,,,,,,
黔东南州台江县台盘乡棉花坪村6组滑坡.csv,,,other,False,user,14595,,,,,,
毕节市织金县猫场镇窑上村沙子冲组滑坡.csv,,,other,False,user,1444,,,,,,
黔西南州兴仁市新龙场镇民裕村新寨组滑坡.csv,,,other,False,user,18576,,,,,,
遵义市汇川区团泽镇三联村江水组(3237组风险斜坡)滑坡.csv,,,other,False,user,14593,,,,,,
贵阳市修文县六桶镇海马孔村坪上组滑坡.csv,,,other,False,user,18639,,,,,,
毕节市纳雍县张家湾镇普洒村以中组以中组滑坡.csv,,,other,False,user,18576,,,,,,
黔东南州从江县加榜乡加车村6组吴玉林家滑坡.csv,,,other,False,user,18639,,,,,,
遵义市绥阳县旺草镇萝柏村小坪组柏乡湾滑坡.csv,,,other,True,user,1550,,,,,,
六盘水市盘州市旧营乡红花村14-16组高家寨滑坡.csv,,,other,False,user,1340,,,,,,
毕节市威宁县金钟镇狮子村中心组黑白寨滑坡.csv,,,other,False,user,18576,,,,,,
黔东南州黄平县野洞河镇新华村田坝组滑坡.csv,,,other,False,user,966,,,,,,
铜仁市思南县宽坪乡龙江村周家组周家滑坡.csv,,,other,False,user,966,,,,,,
黔东南州丹寨县南皋乡偿卡村一碗井组滑坡.csv,,,other,False,user,14594,,,,,,
铜仁市石阡县大沙坝乡大沙坝村覃家寨组滑坡.csv,,,other,False,user,966,,,,,,
黔西南州册亨县百口乡各江村各江组滑坡.csv,,,other,False,user,18640,,,,,,
黔西南州贞丰县沙坪镇尼罗村一组滑坡.csv,,,other,False,user,18575,,,,,,
毕节市纳雍县维新镇盐井村中心组盐井小学滑坡.csv,,,other,False,user,1647,,,,,,
毕节市织金县三甲街道以结河村郭家寨组大房头滑坡.csv,,,other,False,user,1234,,,,,,
遵义市赤水市石堡乡红星村七组田角头滑坡.csv,,,other,False,user,1548,,,,,,
黔西南州兴仁市新龙场镇民裕村落海多组滑坡.csv,,,other,False,user,18576,,,,,,
黔西南州贞丰县小屯镇集贤村大丫口组大丫口滑坡.csv,,,other,False,user,18576,,,,,,
黔东南州锦屏县大同乡大兴村小腮组滑坡.csv,,,other,False,user,966,,,,,,
黔西南州望谟县王母街道祥乐村松瓦组滑坡.csv,,,other,False,user,18576,,,,,,
毕节市织金县猫场镇丫口田村高树林组滑坡.csv,,,other,False,user,1364,,,,,,
黔南州贵定县新巴镇乐邦村栗山区四组滑坡.csv,,,other,False,user,1362,,,,,,
黔西南州册亨县秧坝镇福尧村根昌组滑坡.csv,,,other,False,user,18640,,,,,,
遵义市习水县官店镇里师村后台组滑坡.csv,,,other,False,user,16418,,,,,,
黔东南州凯里市炉山镇洛棉村老寨组滑坡.csv,,,other,False,user,1401,,,,,,
毕节市织金县三塘镇黑箐村大麻窝组滑坡.csv,,,other,False,user,1369,,,,,,
铜仁市沿河县客田镇客田村老鹰岩组滑坡.csv,,,other,False,user,18577,,,,,,
黔东南州三穗县八弓镇良士村井边组滑坡.csv,,,other,False,user,6568,,,,,,
黔西南州普安县龙吟镇吟路村小河边组小河边滑坡.csv,,,other,False,user,966,,,,,,
遵义市道真县忠信镇石笋村马家山组马家山滑坡.csv,,,other,False,user,1355,,,,,,
毕节市织金县化起镇布提村冒沙井组滑坡.csv,,,other,False,user,1234,,,,,,
贵阳市修文县洒坪镇阳桥村贾家寨组滑坡.csv,,,other,True,user,1403,,,,,,
黔南州三都县普安镇高硐村平冲二组滑坡.csv,,,other,False,user,17467,,,,,,
黔西南州贞丰县白层镇那朗村坡熬组滑坡.csv,,,other,False,user,966,,,,,,
毕节市威宁县羊街镇车边村红卫组丫口上滑坡.csv,,,other,False,user,966,,,,,,
黔南州福泉市牛场镇水源村范家庄组范家庄滑坡.csv,,,other,False,user,18640,,,,,,
六盘水市水城区杨梅乡白牛村石不住组滑坡.csv,,,other,False,user,16424,,,,,,
铜仁市思南县天桥土家族苗族乡梧桐村魏家榜组魏家榜滑坡.csv,,,other,False,user,1210,,,,,,
贵阳市开阳县金中镇岩脚村千公牛组滑坡.csv,,,other,False,user,1548,,,,,,
黔东南州岑巩县注溪镇注溪村三脚坡组三脚坡滑坡.csv,,,other,False,user,14593,,,,,,
黔东南州三穗县良上镇上寨村土地塘滑坡.csv,,,other,True,user,14593,,,,,,
黔东南州麻江县金竹街道河山村半山组滑坡.csv,,,other,False,user,959,,,,,,
黔东南州岑巩县天马镇干塘村塘屯组塘屯滑坡.csv,,,other,False,user,1368,,,,,,
黔东南州凯里市大风洞镇官庄村二、三组滑坡.csv,,,other,False,user,1376,,,,,,
六盘水市盘州市乌蒙镇新寨村2组滑坡.csv,,,other,False,user,1548,,,,,,
六盘水市盘州市石桥镇水洞坪村4组沈家寨滑坡.csv,,,other,False,user,1376,,,,,,
毕节市织金县实兴乡杉树寨村包包上组滑坡.csv,,,other,False,user,1234,,,,,,
铜仁市思南县塘头镇场兴村盘脚丫组盘脚丫滑坡.csv,,,other,False,user,18576,,,,,,
六盘水市六枝特区木岗镇把仕村半坡田组滑坡.csv,,,other,False,user,22070,,,,,,
六盘水市水城区比德镇比德村大荒地组滑坡.csv,,,other,False,user,966,,,,,,
黔东南州台江县施洞镇良田村四组（九寨）滑坡.csv,,,other,False,user,18639,,,,,,
黔西南州晴隆县大厂镇六坝田村大坪组大坪滑坡.csv,,,other,False,user,18640,,,,,,
黔西南州贞丰县挽澜镇店子村店子组滑坡.csv,,,other,False,user,18576,,,,,,
遵义市赤水市官渡镇玉皇村长欠组黄角坪滑坡.csv,,,other,False,user,1548,,,,,,
六盘水市水城区鸡场镇安全村黄家寨组滑坡.csv,,,other,False,user,18520,,,,,,
六盘水市水城区杨梅乡杨梅村小仓边组滑坡.csv,,,other,False,user,966,,,,,,
六盘水市盘州市鸡场坪镇朝阳村8组落噶丫口滑坡.csv,,,other,False,user,1344,,,,,,
黔西南州贞丰县沙坪镇者坎村砍碰组坎碰滑坡.csv,,,other,False,user,18576,,,,,,
遵义市仁怀市茅台镇大同村湾头组滑坡.csv,,,other,False,user,1336,,,,,,
黔东南州台江县南宫镇石灰河村1组滑坡.csv,,,other,False,user,1401,,,,,,
遵义市习水县土城镇长坝村十一组泡桐坪滑坡.csv,,,other,False,user,16417,,,,,,
黔东南州雷山县望丰乡排肖村四组滑坡.csv,,,other,False,user,14595,,,,,,
毕节市大方县兴隆乡上坝村罗拉鼓组滑坡.csv,,,other,False,user,18576,,,,,,
铜仁市印江县木黄镇坪所村下坪所组下坪所滑坡.csv,,,other,False,user,1210,,,,,,
铜仁市德江县共和镇神溪村黄泥田组黄泥田滑坡.csv,,,other,False,user,18576,,,,,,
黔东南州三穗县长吉镇新盘村小寨组滑坡.csv,,,other,False,user,951,,,,,,
黔西南州普安县九峰街道九峰村六塘组滑坡.csv,,,other,False,user,1368,,,,,,
黔西南州晴隆县鸡场镇学官村油寨组油寨滑坡.csv,,,other,False,user,18640,,,,,,
黔西南州贞丰县龙场镇龙山村河坝组河坝滑坡.csv,,,other,False,user,18576,,,,,,
遵义市桐梓县新站镇山坡村竹湾组滑坡.csv,,,other,False,user,1339,,,,,,
六盘水市盘州市柏果镇联营联营居委会9组拖不科滑坡.csv,,,other,False,user,20727,,,,,,
黔西南州册亨县双江镇洛央村弄怀组滑坡.csv,,,other,False,user,966,,,,,,
毕节市七星关区田坎乡白沙河村长沙坝组-1组滑坡.csv,,,other,False,user,16096,,,,,,
贵阳市修文县六广镇驿泉村六广组小沟脚滑坡.csv,,,other,False,user,16098,,,,,,
黔西南州册亨县者楼街道东风桥村五组加寒滑坡.csv,,,other,False,user,1376,,,,,,
遵义市仁怀市茅台镇二合云柳村酸草坪组滑坡.csv,,,other,False,user,966,,,,,,
遵义市新蒲新区永乐镇飞云村小庆组滑坡.csv,,,other,False,user,16420,,,,,,
铜仁市万山区鱼塘乡新龙村姜家溪组滑坡.csv,,,other,False,user,1212,,,,,,
黔南州都匀市匀东镇瓮桃村杨柳组滑坡.csv,,,other,False,user,857,,,,,,
黔东南州黄平县新州镇五里桥村5组佳兴小学滑坡.csv,,,other,False,user,966,,,,,,
安顺市普定县补郎乡上寨村凤头组滑坡.csv,,,other,False,user,18576,,,,,,
六盘水市水城区花戛乡海子村白岩组滑坡.csv,,,other,False,user,18639,,,,,,
黔西南州贞丰县永丰街道盘龙村盘上组滑坡.csv,,,other,False,user,18576,,,,,,
遵义市汇川区泗渡镇麻沟村石坎组石轿子滑坡.csv,,,other,False,user,1548,,,,,,
黔西南州贞丰县长田镇甘田村二盘坡组滑坡.csv,,,other,False,user,18576,,,,,,
黔南州罗甸县龙坪镇板庚社区坪寨村翁岩二组滑坡.csv,,,other,False,user,18576,,,,,,
遵义市习水县二里镇井坝村长五间组长五间滑坡.csv,,,other,False,user,18576,,,,,,
遵义市仁怀市茅台镇沿河村河包土组麻柳湾滑坡.csv,,,other,False,user,18576,,,,,,
遵义市桐梓县夜郎镇夜郎村塘前组大地滑坡.csv,,,other,False,user,954,,,,,,
贵阳市乌当区羊昌镇小寨村余家湾组滑坡.csv,,,other,False,user,18576,,,,,,
黔西南州兴仁市薏品田园街道洛渭屯村梨树堡组滑坡.csv,,,other,False,user,966,,,,,,
黔西南州兴义市白碗窑镇大水井村滑石板组滑坡.csv,,,other,False,user,17813,,,,,,
遵义市汇川区山盆镇山盆村鱼孔组罗教组滑坡.csv,,,other,False,user,18576,,,,,,
黔西南州兴仁市巴铃镇者纳河村黄坪寨组滑坡.csv,,,other,False,user,1212,,,,,,
毕节市七星关区燕子口镇官河村撇坡组滑坡.csv,,,other,False,user,16096,,,,,,
遵义市余庆县大乌江镇凉风社区梓木溪组滑坡.csv,,,other,False,user,16508,,,,,,
遵义市习水县同民镇胜利村四、五组回龙坝滑坡.csv,,,other,False,user,18576,,,,,,
黔东南州凯里市湾水镇岩庄村岩庄组滑坡.csv,,,other,False,user,1400,,,,,,
六盘水市盘州市丹霞镇赵官屯村19组大山皮坡滑坡.csv,,,other,False,user,18576,,,,,,
铜仁市思南县兴隆土家族苗族乡跃进村白家岭组白家岭滑坡.csv,,,other,False,user,966,,,,,,
遵义市习水县隆兴镇陶罐村三组大坪上滑坡.csv,,,other,False,user,1548,,,,,,
毕节市赫章县安乐溪乡营上村丁木组滑坡.csv,,,other,False,user,16157,,,,,,
黔东南州黄平县重安镇梨新村1组滑坡.csv,,,other,False,user,966,,,,,,
黔南州平塘县平舟镇拉全村拉应组滑坡.csv,,,other,False,user,966,,,,,,
毕节市大方县瓢井镇新街村烂湾组滑坡.csv,,,other,False,user,966,,,,,,
毕节市大方县黄泥彝族苗族满族乡槽门村堰塘组滑坡.csv,,,other,False,user,966,,,,,,
贵阳市修文县洒坪镇蜈蚣桥村白杨林组滑坡.csv,,,other,False,user,966,,,,,,
铜仁市思南县瓮溪镇司都坝村尧家林组尧家林滑坡.csv,,,other,False,user,1210,,,,,,
遵义市桐梓县新站镇关仓村三岔组三岔河滑坡.csv,,,other,False,user,953,,,,,,
六盘水市六枝特区牂牁镇半坡村旧院组滑坡.csv,,,other,False,user,18576,,,,,,
毕节市七星关区德溪街道甲秀社区文家湾组滑坡.csv,,,other,False,user,18576,,,,,,
贵阳市清镇市卫城镇银桥村桦槁林组滑坡.csv,,,other,False,user,18640,,,,,,
黔西南州册亨县双江镇平华村平温组滑坡.csv,,,other,False,user,18578,,,,,,
毕节市织金县熊家场镇干河村大田组滑坡.csv,,,other,False,user,16096,,,,,,
毕节市威宁县东风镇拱桥村一组滑坡.csv,,,other,False,user,1431,,,,,,
黔东南州丹寨县南皋乡湾寨村三组甘冈滑坡.csv,,,other,False,user,966,,,,,,
黔东南州岑巩县注溪镇面溪村马中岭组马中岭滑坡.csv,,,other,False,user,14595,,,,,,
六盘水市水城区玉舍镇新发村铧口寨组滑坡.csv,,,other,False,user,20691,,,,,,
黔东南州天柱县竹林镇麻阳村十组唐盛国屋背滑坡.csv,,,other,False,user,1217,,,,,,
毕节市织金县三甲街道杨柳河村半坡组滑坡.csv,,,other,False,user,18575,,,,,,
黔东南州丹寨县排调镇宰宿村一组G243丹雷公路一号滑坡.csv,,,other,False,user,1400,,,,,,
黔东南州台江县台盘乡棉花坪村4组滑坡.csv,,,other,False,user,14596,,,,,,
铜仁市思南县瓮溪镇胜利村汤家山组汤家山滑坡.csv,,,other,False,user,1210,,,,,,
遵义市凤冈县进化镇沙坝村沙坝组滑坡.csv,,,other,False,user,9288,,,,,,
黔东南州黎平县九潮镇九潮村三组条母滑坡.csv,,,other,False,user,966,,,,,,
毕节市黔西市重新镇石牛村田湾三组滑坡.csv,,,other,False,user,1343,,,,,,
铜仁市思南县长坝镇佘溪村木林组木林滑坡.csv,,,other,False,user,16418,,,,,,
黔南州三都县三合街道拉揽村排烧上寨2滑坡.csv,,,other,False,user,966,,,,,,
黔东南州施秉县双井镇把琴村金竹湾组公路旁滑坡.csv,,,other,False,user,16422,,,,,,
黔南州三都县三合街道排偷村一、二、三组排偷滑坡.csv,,,other,False,user,1323,,,,,,
黔南州贵定县沿山镇春光村沿山堡组沿山堡滑坡.csv,,,other,False,user,18577,,,,,,
安顺市紫云县猴场镇坪上村下坝达组下坝达(待核销)滑坡.csv,,,other,False,user,18639,,,,,,
毕节市威宁县么站镇水塘村大水井组大地头滑坡.csv,,,other,False,user,18576,,,,,,
贵阳市开阳县花梨镇新山村花山坳组滑坡.csv,,,other,False,user,18640,,,,,,
铜仁市思南县杨家坳苗族土家族乡小丰溪村杜家岩组杜家岩滑坡.csv,,,other,False,user,966,,,,,,
黔东南州凯里市大风洞镇对江村河坎组滑坡.csv,,,other,False,user,966,,,,,,
黔西南州晴隆县紫马乡屯上村毛力二组毛力寨滑坡.csv,,,other,False,user,1352,,,,,,
贵阳市贵安新区党武镇龙井村黄家山组滑坡.csv,,,other,False,user,966,,,,,,
遵义市汇川区山盆镇雨台村坟岗（坟岗滑坡）组滑坡.csv,,,other,False,user,1548,,,,,,
六盘水市盘州市鸡场坪镇果倮座村10-13组发麦子滑坡.csv,,,other,False,user,18576,,,,,,
铜仁市印江县木黄镇坪山村泡桐树组泡桐树滑坡.csv,,,other,False,user,18577,,,,,,
黔南州惠水县好花红镇甲戎村二组农贸市场滑坡.csv,,,other,False,user,966,,,,,,
遵义市绥阳县黄杨镇联庄村怀光组滑坡.csv,,,other,False,user,1369,,,,,,
安顺市紫云县猫营镇沙坝村核桃树组(待核销)滑坡.csv,,,other,False,user,18576,,,,,,
毕节市威宁县么站镇大树村银元组桃树口子滑坡.csv,,,other,False,user,18577,,,,,,
黔南州福泉市凤山镇竹王城村棉花寨组洗布河滑坡.csv,,,other,False,user,18639,,,,,,
黔西南州兴义市南盘江镇红椿村营盘山组滑坡.csv,,,other,False,user,16157,,,,,,
铜仁市沿河县夹石镇黄泥村坪上组滑坡.csv,,,other,False,user,18577,,,,,,
铜仁市石阡县大沙坝乡鲁家寨村刘家坡组滑坡.csv,,,other,False,user,18573,,,,,,
黔东南州从江县西山镇高脚村六组培内滑坡.csv,,,other,False,user,14595,,,,,,
遵义市道真县桃源乡群益村火石子组火石子滑坡.csv,,,other,False,user,16418,,,,,,
黔西南州安龙县德卧镇甘河村磨洒组滑坡.csv,,,other,False,user,966,,,,,,
遵义市道真县三桥镇塘村村荒土坪组荒土坪滑坡.csv,,,other,False,user,9288,,,,,,
毕节市七星关区清水铺镇民族村果底组果底滑坡.csv,,,other,False,user,966,,,,,,
遵义市务川县蕉坝镇新茶村茶园组茶腊平（杉林）滑坡.csv,,,other,True,user,1548,,,,,,
六盘水市六枝特区关寨镇兴发村老虎冲组滑坡.csv,,,other,False,user,1369,,,,,,
铜仁市印江县峨岭街道川岩村二组老黄土滑坡.csv,,,other,True,user,1210,,,,,,
黔西南州册亨县双江镇荣丁村伟庆组滑坡.csv,,,other,False,user,1137,,,,,,
铜仁市思南县三道水土家族苗族乡永兴村大山组大山滑坡.csv,,,other,False,user,1210,,,,,,
贵阳市开阳县金中镇中心村马路组滑坡.csv,,,other,False,user,18640,,,,,,
六盘水市水城区玉舍镇玉舍居委会村大坪组滑坡.csv,,,other,False,user,19969,,,,,,
六盘水市盘州市丹霞镇赵官屯村17组三丘田滑坡.csv,,,other,False,user,18576,,,,,,
毕节市大方县理化乡偏坡村座坡组滑坡.csv,,,other,False,user,558,,,,,,
遵义市仁怀市茅台镇元木岩村扎营山组滑坡.csv,,,other,False,user,1337,,,,,,
遵义市赤水市官渡镇金宝村黄沟田组黄沟田滑坡.csv,,,other,False,user,14442,,,,,,
六盘水市盘州市鸡场坪镇朝阳村7组上鸡库（待核销）滑坡.csv,,,other,False,user,20742,,,,,,
铜仁市松桃县世昌街道金湾塘村姚家组哪上滑坡.csv,,,other,False,user,1211,,,,,,
黔东南州镇远县江古镇白果村半坡组滑坡.csv,,,other,False,user,1210,,,,,,
黔东南州镇远县羊坪镇石宝塘村石宝组滑坡.csv,,,other,False,user,966,,,,,,
黔东南州镇远县青溪镇后山村大湾组滑坡.csv,,,other,False,user,966,,,,,,
遵义市绥阳县茅垭镇关德村石榴坪组滑坡.csv,,,other,True,user,4782,,,,,,
铜仁市德江县长丰乡小坪村荞子溪组滑坡.csv,,,other,False,user,18576,,,,,,
六盘水市水城区米箩镇俄戛村妥拖组滑坡.csv,,,other,False,user,966,,,,,,
铜仁市德江县长堡镇长堡社区石家井组滑坡.csv,,,other,False,user,966,,,,,,
黔西南州晴隆县紫马乡屯上村大元组大元滑坡.csv,,,other,False,user,17389,,,,,,
六盘水市水城区勺米镇范家寨村滥坝二组滑坡.csv,,,other,False,user,9288,,,,,,
遵义市务川县浞水镇河坝村茶园组茶园滑坡.csv,,,other,False,user,1548,,,,,,
遵义市新蒲新区新中街道湘江村下三星组滑坡.csv,,,other,False,user,9288,,,,,,
黔西南州兴义市乌沙镇大兴寨村查穴组下查穴，待核销滑坡.csv,,,other,False,user,18576,,,,,,
遵义市习水县双龙乡兴中村大坪组大水沟滑坡.csv,,,other,False,user,16160,,,,,,
遵义市习水县大坡镇建筑村海渝组石堡寺滑坡.csv,,,other,False,user,16381,,,,,,
铜仁市思南县天桥土家族苗族乡梧桐村打磨沟组打磨沟滑坡.csv,,,other,False,user,18576,,,,,,
遵义市仁怀市茅台镇玉屏社区灯盏沱组滑坡.csv,,,other,False,user,1339,,,,,,
黔西南州贞丰县长田镇瓦厂村普子二组滑坡.csv,,,other,False,user,17219,,,,,,
黔西南州晴隆县东观街道光辉村兴中三组滑坡.csv,,,other,False,user,18640,,,,,,
六盘水市钟山区南开乡发仲村十四组滑坡.csv,,,other,False,user,966,,,,,,
黔西南州晴隆县碧痕镇东风村石家田组石家田滑坡.csv,,,other,False,user,1333,,,,,,
黔东南州雷山县郎德镇乌吉明村二组滑坡.csv,,,other,False,user,966,,,,,,
遵义市习水县土城镇红花村三组新房子滑坡.csv,,,other,False,user,18576,,,,,,
遵义市播州区马蹄镇大石村集中组云山寺滑坡.csv,,,other,True,user,16418,,,,,,
黔东南州雷山县西江镇白碧村2组滑坡.csv,,,other,False,user,1401,,,,,,
六盘水市盘州市保田镇茅草坪村2组鸡说话滑坡.csv,,,other,False,user,1369,,,,,,
黔南州惠水县芦山镇纳冗村三组三组滑坡.csv,,,other,False,user,1359,,,,,,
黔西南州兴仁市鲁础营乡索土村索土组滑坡.csv,,,other,False,user,966,,,,,,
铜仁市万山区黄道乡马黄村田坝组1#滑坡.csv,,,other,False,user,966,,,,,,
毕节市大方县绿塘乡牛场村团结组滑坡.csv,,,other,False,user,966,,,,,,
铜仁市万山区下溪乡瓦田村横路山组滑坡.csv,,,other,False,user,966,,,,,,
黔西南州安龙县洒雨镇下龙村箐脚组滑坡.csv,,,other,False,user,1403,,,,,,
遵义市习水县程寨镇中心村天堂组短滩滑坡.csv,,,other,False,user,18577,,,,,,
遵义市习水县官店镇民建村先跃组河扁滑坡.csv,,,other,False,user,1351,,,,,,
毕节市织金县板桥镇玉龙村火龙洞组滑坡.csv,,,other,False,user,1256,,,,,,
毕节市纳雍县新房乡平硐村周家寨组周家寨滑坡.csv,,,other,False,user,18576,,,,,,
毕节市纳雍县张家湾镇普洒村岩脚组滑坡.csv,,,other,False,user,18576,,,,,,
黔东南州镇远县蕉溪镇蕉溪村河边组滑坡.csv,,,other,False,user,1462,,,,,,
黔东南州黎平县龙额镇岑母村四组德定寨滑坡.csv,,,other,False,user,14593,,,,,,
黔南州惠水县断杉镇新场村半坡组半坡滑坡.csv,,,other,False,user,966,,,,,,
黔西南州贞丰县连环乡关山村坝河组坝河滑坡.csv,,,other,False,user,18576,,,,,,
黔东南州凯里市龙场镇华山村黄水组滑坡.csv,,,other,False,user,966,,,,,,
铜仁市思南县邵家桥镇官坡村鸦雀湾组鸦雀湾滑坡.csv,,,other,True,user,1210,,,,,,
遵义市正安县庙塘镇教良居村坪上组坪上滑坡.csv,,,other,False,user,954,,,,,,
黔南州福泉市道坪镇谷龙村构皮根组桥边滑坡.csv,,,other,False,user,18640,,,,,,
铜仁市松桃县世昌街道火连村九组孙家湾滑坡.csv,,,other,False,user,1211,,,,,,
安顺市关岭县断桥镇断桥村林场组断桥林场滑坡.csv,,,other,True,user,1314,,,,,,
黔西南州望谟县郊纳镇八步村上寨组滑坡.csv,,,other,False,user,1376,,,,,,
黔西南州晴隆县鸡场镇小王寨村三家寨组三家寨滑坡.csv,,,other,False,user,18640,,,,,,
贵阳市清镇市新店镇茶店村过街楼组滑坡.csv,,,other,False,user,18640,,,,,,
黔西南州册亨县弼佑镇秧兵村四组滑坡.csv,,,other,False,user,17467,,,,,,
黔东南州三穗县滚马乡响水村大地坎组滑坡.csv,,,other,False,user,966,,,,,,
六盘水市水城区花戛乡天门村店子组滑坡.csv,,,other,False,user,966,,,,,,
铜仁市松桃县九江街道地安村龙塘组滑坡.csv,,,other,False,user,1210,,,,,,
六盘水市水城区化乐镇凤凰村上寨组滑坡.csv,,,other,False,user,18576,,,,,,
毕节市纳雍县左鸠戛乡瓦房社区沙冲组滑坡.csv,,,other,False,user,1234,,,,,,
铜仁市石阡县龙塘镇楠木窝村高家沟组大湾滑坡.csv,,,other,False,user,966,,,,,,
遵义市习水县坭坝乡飞龙山村徐家岗组徐家岗滑坡.csv,,,other,False,user,1111,,,,,,
毕节市织金县绮陌街道中营村冲头组滑坡.csv,,,other,False,user,966,,,,,,
贵阳市开阳县楠木渡镇胜利村上河组滑坡.csv,,,other,False,user,18639,,,,,,
黔东南州施秉县马号镇六合村中寨组中寨至小寨公路旁滑坡.csv,,,other,False,user,966,,,,,,
毕节市纳雍县百兴镇坐窝底村摆街寨组摆街寨滑坡.csv,,,other,False,user,18576,,,,,,
黔东南州黎平县雷洞瑶族水族乡牙双村三组德盘寨滑坡.csv,,,other,False,user,966,,,,,,
黔西南州望谟县平洞街道洛郎村平关组滑坡.csv,,,other,False,user,1355,,,,,,
黔西南州普安县盘水街道官田村上油房组上油房滑坡.csv,,,other,False,user,1366,,,,,,
铜仁市思南县塘头镇红旗村半边山组半边山滑坡.csv,,,other,False,user,966,,,,,,
遵义市道真县平模镇平模村种子台组滑坡.csv,,,other,True,user,16406,,,,,,
安顺市紫云县火花镇禾弘村弄河组滑坡.csv,,,other,False,user,1548,,,,,,
黔南州都匀市匀东镇鸡贾村三组高田埂滑坡.csv,,,other,False,user,18640,,,,,,
铜仁市思南县大河坝镇马鞍村干溪组干溪滑坡.csv,,,other,False,user,1210,,,,,,
黔西南州兴仁市屯脚镇鲤鱼村小秧坝组滑坡.csv,,,other,False,user,966,,,,,,
遵义市红花岗区虾子镇南坪村泥塘组滑坡.csv,,,other,False,user,18577,,,,,,
毕节市赫章县白果街道青山村麻塘组滑坡.csv,,,other,False,user,14595,,,,,,
六盘水市盘州市羊场乡小河口村10组匡家坪地滑坡.csv,,,other,False,user,20742,,,,,,
贵阳市修文县六桶镇海马孔村水沟组马路岩滑坡.csv,,,other,False,user,18639,,,,,,
黔南州惠水县雅水镇公朋村洛旺组洛旺滑坡.csv,,,other,False,user,966,,,,,,
铜仁市沿河县沙子街道井坝村张家组滑坡.csv,,,other,False,user,1210,,,,,,
黔南州罗甸县红水河镇云里村高来组滑坡.csv,,,other,False,user,1376,,,,,,
六盘水市盘州市柏果镇滥泥沟陆中德滑坡.csv,,,other,False,user,1360,,,,,,
遵义市仁怀市茅台镇正觉寺村岩下组岩T滑坡.csv,,,other,True,user,1338,,,,,,
毕节市大方县长石镇巨石村石笋组滑坡.csv,,,other,False,user,18576,,,,,,
遵义市道真县河口镇竹林堂村高席子组滑坡.csv,,,other,False,user,1548,,,,,,
黔东南州天柱县社学街道伞溪村八组袁家滑坡.csv,,,other,False,user,18577,,,,,,
黔东南州三穗县八弓镇坪茶村上岑口组滑坡.csv,,,other,False,user,1400,,,,,,
遵义市习水县大坡镇典礼坝村跃进组跃进滑坡.csv,,,other,False,user,16128,,,,,,
贵阳市开阳县冯三镇新华村旧寨组小寨坝滑坡.csv,,,other,False,user,18640,,,,,,
黔东南州凯里市炉山镇洛棉村新山组滑坡.csv,,,other,False,user,1400,,,,,,
铜仁市沿河县沙子街道回硐村丈子溪组大树沟滑坡.csv,,,other,False,user,18575,,,,,,
毕节市纳雍县锅圈岩乡土补村三组土补村滑坡.csv,,,other,True,user,18576,,,,,,
遵义市习水县永安镇天桥村三大组滑坡.csv,,,other,False,user,16380,,,,,,
遵义市桐梓县狮溪镇狮溪村田坝组范家沟滑坡.csv,,,other,False,user,18576,,,,,,
铜仁市石阡县河坝镇小江村苏阳寨组滑坡.csv,,,other,False,user,966,,,,,,
黔东南州雷山县方祥乡平祥村一组滑坡.csv,,,other,False,user,966,,,,,,
黔东南州丹寨县兴仁镇翻仰村六组滑坡.csv,,,other,False,user,14595,,,,,,
遵义市习水县官店镇先锋村泥丫组桐梓坪滑坡.csv,,,other,False,user,1351,,,,,,
铜仁市印江县紫薇镇豆凑林村大木场组大木场滑坡.csv,,,other,False,user,966,,,,,,
黔东南州台江县革一镇排生村5组滑坡.csv,,,other,False,user,966,,,,,,
遵义市习水县官店镇先锋村前进组店子上滑坡.csv,,,other,False,user,1351,,,,,,
黔南州三都县都江镇联兴村排搞组滑坡.csv,,,other,False,user,18639,,,,,,
遵义市赤水市长沙镇长兴村水犁榜组滑坡.csv,,,other,False,user,17180,,,,,,
黔南州罗甸县茂井镇大亭村布席组大亭村布席组滑坡.csv,,,other,False,user,1465,,,,,,
黔南州贵定县昌明镇红光村立石寨组立石寨滑坡.csv,,,other,False,user,18639,,,,,,
黔西南州册亨县双江镇洛法村伟举组新寨滑坡.csv,,,other,False,user,570,,,,,,
黔东南州镇远县羊场镇天池村交椅山组黄泥田滑坡.csv,,,other,False,user,1401,,,,,,
黔南州贵定县昌明镇摆耳村大寨组大寨滑坡.csv,,,other,False,user,18640,,,,,,
黔西南州兴仁市巴铃镇堡营村潘家湾组滑坡.csv,,,other,False,user,966,,,,,,
黔东南州雷山县望丰乡三角田村七、八组大冲滑坡.csv,,,other,False,user,966,,,,,,
六盘水市水城区龙场乡挖营村大梨组滑坡.csv,,,other,False,user,1358,,,,,,
毕节市纳雍县雍熙街道燎原村水淹塘组滑坡.csv,,,other,True,user,1234,,,,,,
黔西南州普安县龙吟镇吟路村代家岩组代家岩1号滑坡.csv,,,other,False,user,1333,,,,,,
黔东南州榕江县寨蒿镇票寨村2.3组滑坡.csv,,,other,False,user,966,,,,,,
黔东南州黄平县野洞河镇白仓村岩脚组滑坡.csv,,,other,False,user,16381,,,,,,
铜仁市印江县罗场乡合群村王家李家组滑坡.csv,,,other,False,user,18576,,,,,,
安顺市普定县补郎乡新秀村上本根组滑坡.csv,,,other,False,user,18640,,,,,,
铜仁市思南县凉水井镇茶山村白蜡园组白蜡园滑坡.csv,,,other,False,user,1548,,,,,,
黔东南州丹寨县排调镇方胜村六组送俄岩脚寨滑坡.csv,,,other,False,user,1205,,,,,,
黔西南州贞丰县龙场镇坡柳村田坝组田坝滑坡.csv,,,other,False,user,1376,,,,,,
毕节市纳雍县曙光镇联合社区联合社区滑坡.csv,,,other,False,user,966,,,,,,
遵义市汇川区山盆镇雨台村竹林坎组滑坡.csv,,,other,False,user,1548,,,,,,
毕节市七星关区清水铺镇后山村大田组滑坡.csv,,,other,False,user,16096,,,,,,
毕节市威宁县金钟镇文昌村中心组顾家皮坡滑坡.csv,,,other,False,user,18576,,,,,,
毕节市纳雍县昆寨乡金珠村上寨组上寨滑坡.csv,,,other,False,user,16098,,,,,,
黔西南州册亨县巧马镇者告村二组滑坡.csv,,,other,False,user,1347,,,,,,
黔西南州普安县江西坡镇高潮村罗家地组罗家地滑坡.csv,,,other,False,user,1364,,,,,,
黔南州罗甸县红水河镇红河村上宜组滑坡.csv,,,other,False,user,18639,,,,,,
六盘水市盘州市红果街道纸厂村二组大竹林滑坡.csv,,,other,False,user,966,,,,,,
黔西南州兴仁市下山镇马乃营村崩土山组滑坡.csv,,,other,False,user,1358,,,,,,
黔西南州贞丰县鲁贡镇坡扒村2组坡扒滑坡.csv,,,other,False,user,18576,,,,,,
黔南州贵定县盘江镇兴隆村小烂冲组滑坡.csv,,,other,False,user,18639,,,,,,
遵义市习水县三岔河镇狮子村后坝组大麻坡滑坡.csv,,,other,False,user,1343,,,,,,
毕节市纳雍县阳长镇滥木桥村三组滥木桥滑坡.csv,,,other,True,user,1234,,,,,,
遵义市习水县寨坝镇合心村湾头组张家湾滑坡.csv,,,other,False,user,8166,,,,,,
铜仁市松桃县大路镇耿溪村困院组滑坡.csv,,,other,False,user,1210,,,,,,
黔西南州贞丰县小屯镇纳秧村湾子头组湾子头滑坡.csv,,,other,False,user,18575,,,,,,
贵阳市息烽县鹿窝镇西安村1组安支山滑坡.csv,,,other,False,user,18639,,,,,,
铜仁市万山区黄道乡白屋场村黄土坳组邦美森滑坡.csv,,,other,False,user,18577,,,,,,
遵义市道真县隆兴镇大联村寨子后头组寨子后头滑坡.csv,,,other,False,user,1369,,,,,,
黔东南州台江县排羊乡岩江村岩寨四，五组滑坡.csv,,,other,False,user,16095,,,,,,
毕节市大方县黄泥塘镇魁书村半山组滑坡.csv,,,other,False,user,966,,,,,,
毕节市金沙县五龙街道小里村大土组滑坡.csv,,,other,False,user,18576,,,,,,
遵义市桐梓县马鬃乡桃子村河坝组杉树湾滑坡.csv,,,other,False,user,18576,,,,,,
黔西南州贞丰县小屯镇水银洞村竹山凼组竹山凼滑坡.csv,,,other,False,user,9287,,,,,,
铜仁市思南县思林土家族苗族乡田坎村下周湾组下周湾滑坡.csv,,,other,False,user,1210,,,,,,
黔东南州丹寨县兴仁镇排佐村羊湾滑坡.csv,,,other,False,user,1400,,,,,,
六盘水市钟山区木果镇新丰村三组（待核销）滑坡.csv,,,other,False,user,20826,,,,,,
黔南州都匀市匀东镇附城村四组营上滑坡.csv,,,other,False,user,1408,,,,,,
贵阳市清镇市暗流镇响水河村长冲组滑坡.csv,,,other,False,user,18640,,,,,,
铜仁市思南县三道水土家族苗族乡河心村张家湾组张家湾滑坡.csv,,,other,False,user,8166,,,,,,
黔南州平塘县金盆街道新寨村大坳组滑坡.csv,,,other,False,user,966,,,,,,
黔东南州镇远县舞阳镇界牌村岩脚、岩老组滑坡.csv,,,other,False,user,1420,,,,,,
六盘水市盘州市亦资街道石家庄村一组滑坡.csv,,,other,False,user,1362,,,,,,
黔南州平塘县金盆街道新寨村龙门组滑坡.csv,,,other,False,user,966,,,,,,
铜仁市印江县板溪镇沙坡村兴中组滑坡.csv,,,other,False,user,18574,,,,,,
黔西南州望谟县郊纳镇铁炉村新民组滑坡.csv,,,other,False,user,1400,,,,,,
毕节市大方县红旗街道庆云村四组滑坡.csv,,,other,False,user,2330,,,,,,
六盘水市盘州市盘关镇火烧田村六组湾田滑坡.csv,,,other,False,user,1369,,,,,,
铜仁市思南县大坝场镇饶上村坟坪组坟坪滑坡.csv,,,other,False,user,1210,,,,,,
黔南州长顺县广顺镇立木村牛南组牛栏滑坡.csv,,,other,False,user,966,,,,,,
黔东南州榕江县乐里镇三联村3.4.5组滑坡.csv,,,other,False,user,1109,,,,,,
毕节市织金县中寨镇水头村河头上组滑坡.csv,,,other,False,user,16096,,,,,,
黔西南州册亨县百口乡洞里村平社组滑坡.csv,,,other,False,user,18692,,,,,,
安顺市普定县马场镇田坝村田坝组滑坡.csv,,,other,False,user,966,,,,,,
遵义市桐梓县羊磴镇白果村院子组滑坡.csv,,,other,False,user,9288,,,,,,
黔东南州从江县加勉乡党翁村6组滑坡.csv,,,other,False,user,14595,,,,,,
六盘水市水城区米箩镇倮么村硝洞组滑坡.csv,,,other,False,user,20801,,,,,,
黔西南州晴隆县茶马镇茶际村五组滑坡.csv,,,other,False,user,966,,,,,,
黔南州瓮安县江界河镇山星村红旗寨组红旗寨二滑坡.csv,,,other,False,user,18639,,,,,,
黔南州贵定县昌明镇马踏屯村奔坡组奔坡滑坡.csv,,,other,False,user,10763,,,,,,
黔东南州丹寨县排调镇羊告村四组滑坡.csv,,,other,False,user,14595,,,,,,
六盘水市钟山区木果镇连山村一、二、三组滑坡.csv,,,other,False,user,20798,,,,,,
毕节市织金县自强乡山口村岩头上组滑坡.csv,,,other,False,user,1212,,,,,,
黔东南州榕江县兴华乡摆吉村3组摆吉滑坡.csv,,,other,False,user,14595,,,,,,
黔东南州天柱县白市镇民建村田溪组王泽贵地基滑坡.csv,,,other,False,user,14506,,,,,,
铜仁市思南县大坝场镇红联村老祠堂组老祠堂滑坡.csv,,,other,False,user,966,,,,,,
黔西南州兴义市南盘江镇未团村纳沙四组滑坡.csv,,,other,False,user,733,,,,,,
遵义市赤水市长沙镇赤岩村大屋基组新房子（待核销）滑坡.csv,,,other,False,user,1210,,,,,,
铜仁市松桃县妙隘乡矮塞村大毛坡组滑坡.csv,,,other,False,user,966,,,,,,
铜仁市石阡县花桥镇凯镇村凯镇组滑坡.csv,,,other,False,user,1400,,,,,,
黔东南州丹寨县兴仁镇翻杠村福亚一组（待撤销与DZ64合并）滑坡.csv,,,other,True,user,14432,,,,,,
黔南州罗甸县沫阳镇里怀村里改组滑坡.csv,,,other,False,user,18639,,,,,,
黔西南州兴仁市城南街道保驹村上坝组滑坡.csv,,,other,False,user,18576,,,,,,
黔西南州册亨县纳福街道秧庆村河边组坝稿桥滑坡.csv,,,other,True,user,18640,,,,,,
遵义市习水县良村镇茶园村木脚岩组木脚岩滑坡.csv,,,other,False,user,18640,,,,,,
遵义市赤水市文华街道双龙社区大桥组苦竹林滑坡.csv,,,other,False,user,966,,,,,,
遵义市赤水市葫市镇高竹村三组三台坝（待核销）滑坡.csv,,,other,False,user,1337,,,,,,
六盘水市盘州市鸡场坪镇果倮座村2-5组肖家村（待核销）滑坡.csv,,,other,False,user,1369,,,,,,
铜仁市德江县共和镇神溪村斑竹林组石峰岩滑坡.csv,,,other,False,user,966,,,,,,
黔东南州黄平县谷陇镇凤山村1组滑坡.csv,,,other,False,user,18576,,,,,,
黔西南州兴仁市屯脚镇鲤鱼村高林组滑坡.csv,,,other,False,user,966,,,,,,
铜仁市松桃县大路镇和平村长冲组滑坡.csv,,,other,True,user,1210,,,,,,
毕节市纳雍县曙光镇后槽村徐家半坡曾家寨子组滑坡.csv,,,other,False,user,18576,,,,,,
黔西南州贞丰县沙坪镇尾俄村尾俄三组尾俄滑坡.csv,,,other,False,user,18576,,,,,,
遵义市赤水市官渡镇龙宝村龙宝组七溪滑坡.csv,,,other,False,user,18576,,,,,,
遵义市凤冈县蜂岩镇中枢村堰相沟组堰相沟滑坡.csv,,,other,False,user,1338,,,,,,
铜仁市思南县枫芸土家族苗族乡还岩村下坝组下坝滑坡.csv,,,other,False,user,966,,,,,,
毕节市七星关区清水铺镇大坪村黄泥田-2滑坡.csv,,,other,False,user,1548,,,,,,
铜仁市沿河县后坪乡红阳村王忠岭组滑坡.csv,,,other,False,user,966,,,,,,
黔西南州兴仁市大山镇耳期村雷家坡组滑坡.csv,,,other,False,user,1337,,,,,,
六盘水市盘州市羊场乡朝阳村杨家山组滑坡.csv,,,other,False,user,966,,,,,,
六盘水市盘州市大山镇小雨谷村1组杨家河沟（上、下寨）滑坡.csv,,,other,False,user,20715,,,,,,
毕节市织金县上坪寨乡秋哨村桐木寨组滑坡.csv,,,other,False,user,18576,,,,,,
黔东南州锦屏县偶里乡八腊村三组滑坡.csv,,,other,False,user,14595,,,,,,
铜仁市松桃县平头镇岑字村十四组中岭滑坡.csv,,,other,False,user,18577,,,,,,
黔南州都匀市匀东镇桃花村十一、十二组哑娘寨滑坡.csv,,,other,False,user,18640,,,,,,
毕节市黔西市重新镇八角村三组滑坡.csv,,,other,False,user,966,,,,,,
黔东南州丹寨县兴仁镇早开村六组乌节（新转）滑坡.csv,,,other,False,user,14595,,,,,,
黔东南州锦屏县三江镇平金村二组三江中学滑坡.csv,,,other,False,user,14595,,,,,,
铜仁市德江县平原镇水车村六溪组六溪滑坡.csv,,,other,False,user,1400,,,,,,
铜仁市沿河县思渠镇池江村龙池组滑坡.csv,,,other,False,user,1212,,,,,,
黔西南州册亨县高洛街道坪秧村五组伟长滑坡.csv,,,other,True,user,1199,,,,,,
毕节市大方县响水乡粮丰村粮丰组滑坡.csv,,,other,False,user,563,,,,,,
六盘水市水城区蟠龙镇蟠龙社区闹塘一组滑坡.csv,,,other,False,user,107,,,,,,
遵义市习水县大坡镇黄河坝村富民组小河头滑坡.csv,,,other,False,user,18576,,,,,,
铜仁市石阡县白沙镇桃子坪村三组白马湾滑坡.csv,,,other,False,user,966,,,,,,
黔南州贵定县宝山街道农庄村龙田组滑坡.csv,,,other,False,user,18640,,,,,,
贵阳市息烽县西山镇金星村廖家湾组滑坡.csv,,,other,False,user,18640,,,,,,
六盘水市水城区玉舍镇玉舍居委会村上寨组营头上滑坡.csv,,,other,False,user,10400,,,,,,
贵阳市白云区沙文镇扁山村沙田组滑坡.csv,,,other,False,user,18640,,,,,,
遵义市播州区枫香镇枫元村火炉湾组滑坡.csv,,,other,False,user,955,,,,,,
铜仁市石阡县五德镇桃子园村江水湾滑坡.csv,,,other,False,user,966,,,,,,
六盘水市水城区都格镇新盘村煤洞坡组滑坡.csv,,,other,False,user,18576,,,,,,
黔西南州安龙县普坪镇牙皂村老鹰岩组滑坡.csv,,,other,False,user,18576,,,,,,
安顺市平坝区乐平镇本固村毛荔坡5组滑坡.csv,,,other,False,user,966,,,,,,
贵阳市开阳县毛云乡簸箕村岩底组滑坡.csv,,,other,False,user,1557,,,,,,
黔西南州望谟县打易镇边王村新寨组滑坡.csv,,,other,False,user,1198,,,,,,
黔南州平塘县者密镇六硐村甲令组滑坡.csv,,,other,False,user,966,,,,,,
黔东南州丹寨县兴仁镇夭坝村六组乌记滑坡.csv,,,other,False,user,14595,,,,,,
贵阳市开阳县龙水乡龙江村荷花池组滑坡.csv,,,other,False,user,1212,,,,,,
遵义市桐梓县芭蕉镇长岩村六台组老房子滑坡.csv,,,other,False,user,18576,,,,,,
毕节市织金县猫场镇三甲村倒马坎组滑坡.csv,,,other,False,user,966,,,,,,
毕节市七星关区亮岩镇合欢村中心组滑坡.csv,,,other,False,user,1438,,,,,,
遵义市仁怀市坛厂街道小岔村上河口组滑坡.csv,,,other,False,user,955,,,,,,
六盘水市六枝特区岩脚镇雨海村尖山组滑坡.csv,,,other,False,user,20416,,,,,,
铜仁市石阡县白沙镇小葛坪村四组粽粑林滑坡.csv,,,other,False,user,18576,,,,,,
黔东南州三穗县滚马乡白崇村羊胡子沟组滑坡.csv,,,other,False,user,9288,,,,,,
铜仁市思南县塘头镇仁和场村周老湾组周老湾滑坡.csv,,,other,False,user,1210,,,,,,
黔东南州丹寨县排调镇宰宿村四组滑坡.csv,,,other,False,user,1400,,,,,,
黔西南州贞丰县平街乡卡房村上坡帽组滑坡.csv,,,other,False,user,18576,,,,,,
贵阳市清镇市犁倭镇河溪村王建冲组滑坡.csv,,,other,False,user,1557,,,,,,
遵义市习水县三岔河镇顺江村堰口组堰口滑坡.csv,,,other,False,user,1343,,,,,,
铜仁市思南县合朋溪镇院子村王家山组王家山滑坡.csv,,,other,False,user,1210,,,,,,
贵阳市开阳县硒城街道城西村后坝组滑坡.csv,,,other,False,user,18639,,,,,,
黔东南州雷山县丹江镇陶尧村一、二组滑坡.csv,,,other,False,user,966,,,,,,
黔西南州安龙县五福街道总科村总科组滑坡.csv,,,other,True,user,1091,,,,,,
毕节市威宁县陕桥街道板仓村二组坟树林滑坡.csv,,,other,False,user,1548,,,,,,
黔西南州普安县楼下镇堵嘎村水箐五组滑坡.csv,,,other,False,user,18576,,,,,,
贵阳市清镇市流长乡大树寨村高寨组滑坡.csv,,,other,False,user,18640,,,,,,
遵义市汇川区山盆镇高雄村团庆组滑坡.csv,,,other,False,user,16416,,,,,,
黔东南州丹寨县龙泉镇得禄村一组翁恼滑坡.csv,,,other,False,user,14594,,,,,,
毕节市七星关区大河乡双桥村河边组滑坡.csv,,,other,False,user,966,,,,,,
毕节市黔西市大关镇七里村马骆组马骆岩滑坡.csv,,,other,False,user,18575,,,,,,
遵义市习水县桃林镇龙凤村龙凤组滑坡.csv,,,other,False,user,16160,,,,,,
黔西南州兴义市仓更镇仓更社区仓更组滑坡.csv,,,other,False,user,18576,,,,,,
"六盘水市盘州市柏果镇堕丘村1,2组滑坡.csv",,,other,False,user,966,,,,,,
黔东南州凯里市舟溪镇青杠村大寨组滑坡.csv,,,other,False,user,1401,,,,,,
铜仁市万山区大坪乡地幔村水塘坡组水塘滑坡滑坡.csv,,,other,False,user,1212,,,,,,
铜仁市万山区下溪乡铁门村牛塘界滑坡.csv,,,other,True,user,1212,,,,,,
遵义市仁怀市喜头镇双丰村大岩组大岩滑坡.csv,,,other,False,user,966,,,,,,
安顺市紫云县板当镇新塘村烂坝组烂坝滑坡.csv,,,other,False,user,18577,,,,,,
铜仁市思南县凉水井镇青杠林村盐井湾组盐井湾滑坡.csv,,,other,False,user,1166,,,,,,
黔南州长顺县广顺镇立木村杨雀寨组滑坡.csv,,,other,False,user,966,,,,,,
六盘水市水城区化乐镇泵井村箐脚组泵井村箐脚、雁鹅滑坡.csv,,,other,False,user,9288,,,,,,
毕节市七星关区亮岩镇飞轮村胜利组滑坡.csv,,,other,False,user,18640,,,,,,
遵义市习水县官店镇田湾村田湾组祁家岗滑坡.csv,,,other,False,user,16169,,,,,,
黔南州贵定县宝山街道农庄村盐井组盐井滑坡.csv,,,other,False,user,18640,,,,,,
黔南州贵定县新巴镇谷兵村谷兵组谷兵滑坡.csv,,,other,False,user,1365,,,,,,
遵义市务川县丹砂街道官学社区长坳滑坡.csv,,,other,False,user,9288,,,,,,
遵义市播州区苟江镇白岩村白岩组大山脚滑坡.csv,,,other,False,user,18576,,,,,,
铜仁市石阡县龙塘镇三得才村新场组滑坡.csv,,,other,False,user,1410,,,,,,
遵义市习水县永安镇永和村新坪组新坪滑坡.csv,,,other,False,user,1343,,,,,,
黔东南州镇远县金堡镇羊满哨村羊满哨组高速路口滑坡.csv,,,other,False,user,966,,,,,,
安顺市紫云县板当镇摆羊村摆羊组(待核销)下摆羊滑坡.csv,,,other,True,user,1401,,,,,,
六盘水市水城区野钟乡发射村罗家寨组滑坡.csv,,,other,True,user,20736,,,,,,
安顺市普定县马场镇那细村那细组滑坡.csv,,,other,False,user,1354,,,,,,
黔西南州贞丰县鲁贡镇磨扒村喜迷组喜迷滑坡.csv,,,other,False,user,18576,,,,,,
黔西南州安龙县海子镇海子居二组滑坡.csv,,,other,False,user,1354,,,,,,
遵义市习水县土城镇红卫组村四组黄泥田滑坡.csv,,,other,False,user,16096,,,,,,
遵义市仁怀市茅台镇上坪村圆半坡组滑坡.csv,,,other,False,user,18640,,,,,,
毕节市威宁县新发乡出水村营盘组出水滑坡.csv,,,other,False,user,18575,,,,,,
遵义市习水县回龙镇周家村丰岩组丰岩滑坡.csv,,,other,False,user,1345,,,,,,
遵义市桐梓县新站镇捷阵村岩上组干田滑坡.csv,,,other,False,user,1212,,,,,,
黔南州瓮安县银盏镇木老坪社区算水坝滑坡.csv,,,other,False,user,18639,,,,,,
黔东南州丹寨县排调镇也要村二、三组（新转）滑坡.csv,,,other,False,user,14595,,,,,,
黔西南州安龙县万峰湖镇马安营村水井组滑坡.csv,,,other,False,user,17430,,,,,,
毕节市大方县黄泥塘镇背座村柏杨组苏家湾滑坡.csv,,,other,False,user,1461,,,,,,
铜仁市印江县板溪镇石塘村枣园组滑坡.csv,,,other,False,user,18577,,,,,,
黔东南州雷山县大塘镇咱刀村干排丁组滑坡.csv,,,other,False,user,966,,,,,,
黔南州荔波县甲良镇甲站村务平组滑坡.csv,,,other,False,user,1369,,,,,,
贵阳市开阳县南江乡毛家院村吴家寨组滑坡.csv,,,other,False,user,18625,,,,,,
黔南州平塘县金盆街道苗二河村浪黑组滑坡.csv,,,other,False,user,966,,,,,,
铜仁市石阡县汤山街道坪兴村陈么罗组滑坡.csv,,,other,False,user,966,,,,,,
贵阳市息烽县鹿窝镇大石头村箐口组小箐口滑坡.csv,,,other,False,user,18639,,,,,,
铜仁市石阡县本庄镇岩门村下岩门组滑坡.csv,,,other,False,user,1212,,,,,,
安顺市普定县鸡场坡镇肖家村岩丫口组滑坡.csv,,,other,False,user,1420,,,,,,
遵义市习水县隆兴镇柑甜村十一组半山头滑坡.csv,,,other,False,user,9288,,,,,,
毕节市赫章县野马川镇新场村湾子组滑坡.csv,,,other,False,user,18576,,,,,,
黔东南州台江县施洞镇杨家沟村1组滑坡.csv,,,other,False,user,1217,,,,,,
遵义市汇川区山盆镇雨台村岩上组（仓蒲田滑坡）组滑坡.csv,,,other,False,user,18573,,,,,,
黔南州平塘县者密镇金玉村者密三组滑坡.csv,,,other,False,user,9320,,,,,,
遵义市桐梓县高桥镇青杠村思立湾组战坑垭滑坡.csv,,,other,False,user,1111,,,,,,
遵义市习水县二里镇观摩村张教组张教组滑坡.csv,,,other,False,user,18576,,,,,,
黔东南州镇远县尚寨乡尚寨村新田湾组滑坡.csv,,,other,False,user,966,,,,,,
黔南州平塘县平舟镇兴民村新寨组滑坡.csv,,,other,False,user,966,,,,,,
黔西南州兴仁市波阳镇杨柳村马尾田组待核销滑坡.csv,,,other,False,user,16096,,,,,,
铜仁市思南县大河坝镇转角村北山组北山滑坡.csv,,,other,False,user,966,,,,,,
铜仁市思南县凉水井镇凉山村下街组下街滑坡.csv,,,other,False,user,1166,,,,,,
六盘水市盘州市大山镇大河村10组脑子上滑坡.csv,,,other,False,user,1369,,,,,,
铜仁市思南县合朋溪镇盐湖村熊家沟组熊家湾滑坡.csv,,,other,False,user,966,,,,,,
黔东南州黎平县龙额镇岑母村二组高大然寨滑坡.csv,,,other,False,user,14593,,,,,,
黔西南州晴隆县花贡镇新寨村四新组四新滑坡.csv,,,other,False,user,1368,,,,,,
遵义市桐梓县娄山关街道峰岩村大岩组天风窝滑坡.csv,,,other,False,user,18576,,,,,,
铜仁市松桃县永安乡永安村老街组滑坡.csv,,,other,False,user,6544,,,,,,
黔东南州黄平县重安镇新合村河坝组河坝滑坡.csv,,,other,True,user,1333,,,,,,
贵阳市清镇市新店镇大麻窝村双狮组滑坡.csv,,,other,False,user,18640,,,,,,
黔东南州剑河县柳川镇返排村六组滑坡.csv,,,other,False,user,966,,,,,,
黔西南州册亨县巧马镇纳贤村岩扎组滑坡.csv,,,other,False,user,966,,,,,,
毕节市纳雍县张家湾镇河尾村坐窝组滑坡.csv,,,other,False,user,16048,,,,,,
贵阳市息烽县西山镇金星村磨盘组磨盘滑坡.csv,,,other,False,user,18639,,,,,,
黔东南州岑巩县龙田镇乐业村方田组2号滑坡.csv,,,other,False,user,1403,,,,,,
遵义市赤水市长期镇共和村白石岩组兑窝坪（待核销）滑坡.csv,,,other,False,user,954,,,,,,
黔东南州从江县加鸠镇裕民村三组滑坡.csv,,,other,False,user,14595,,,,,,
遵义市习水县官店镇新庄村湾头组吼滩坡滑坡.csv,,,other,False,user,18576,,,,,,
六盘水市盘州市刘官街道水洞村1.2组（陶家沟）滑坡.csv,,,other,False,user,20427,,,,,,
毕节市威宁县么站镇田上村元龙组下院子滑坡.csv,,,other,False,user,1234,,,,,,
毕节市黔西市中建乡普盖村上寨组滑坡.csv,,,other,False,user,966,,,,,,
黔东南州镇远县尚寨乡丰收村下甘溪组滑坡.csv,,,other,False,user,966,,,,,,
六盘水市盘州市坪地乡格底青村竹林脚组滑坡.csv,,,other,False,user,1369,,,,,,
毕节市织金县中寨镇羊场村大秧组滑坡.csv,,,other,False,user,1415,,,,,,
黔西南州册亨县八渡镇八渡村坝舍组滑坡.csv,,,other,False,user,18640,,,,,,
黔东南州凯里市龙场镇箐口村半山组滑坡.csv,,,other,False,user,14595,,,,,,
毕节市七星关区亮岩镇裕民村撇坡上组滑坡.csv,,,other,False,user,20716,,,,,,
六盘水市盘州市鸡场坪镇哒啦村6-7组滑坡.csv,,,other,False,user,9289,,,,,,
遵义市习水县永安镇永和村丛溪沟组丛溪沟滑坡.csv,,,other,False,user,1343,,,,,,
六盘水市盘州市胜境街道坡上居委会6组（第十二中学）东北侧滑坡.csv,,,other,False,user,18576,,,,,,
遵义市习水县程寨镇红旗村沙田组石梯梯上滑坡.csv,,,other,False,user,16381,,,,,,
黔南州荔波县朝阳镇山江村董更组滑坡.csv,,,other,False,user,18577,,,,,,
黔东南州从江县丙妹镇芭沙村14组王家寨滑坡.csv,,,other,False,user,1210,,,,,,
毕节市七星关区碧海街道砂锅寨村王家湾组滑坡.csv,,,other,False,user,966,,,,,,
铜仁市沿河县思渠镇坪江村岩子头组庙嘴沟滑坡.csv,,,other,False,user,1212,,,,,,
黔东南州雷山县郎德镇南猛村二组滑坡.csv,,,other,False,user,966,,,,,,
毕节市纳雍县龙场镇自嘎村新房子组滑坡.csv,,,other,False,user,14747,,,,,,
黔东南州天柱县坪地镇麦溪村麦溪组滑坡.csv,,,other,False,user,14595,,,,,,
毕节市威宁县新发乡中寨村坪丰组马家梁山滑坡.csv,,,other,False,user,1355,,,,,,
毕节市七星关区海子街镇五十亩村岔河组滑坡.csv,,,other,False,user,952,,,,,,
遵义市习水县醒民镇醒民村安置房后方组河边大道滑坡.csv,,,other,False,user,18576,,,,,,
铜仁市德江县稳坪镇对香村对香组滑坡.csv,,,other,False,user,1212,,,,,,
黔东南州台江县台盘乡阳芳村排内一组滑坡.csv,,,other,False,user,966,,,,,,
铜仁市思南县枫芸乡白岩村核桃坪组核桃坪滑坡.csv,,,other,True,user,1210,,,,,,
黔东南州三穗县八弓镇亚岭村甘溪组滑坡.csv,,,other,False,user,966,,,,,,
遵义市播州区枫香镇纸房村坟井坝组滑坡.csv,,,other,False,user,966,,,,,,
贵阳市息烽县九庄镇纸房村磨刀石组滑坡.csv,,,other,False,user,1316,,,,,,
遵义市习水县习酒镇大湾村大石头组大石头滑坡.csv,,,other,False,user,1343,,,,,,
黔东南州台江县南宫镇交密村2、3组滑坡.csv,,,other,False,user,966,,,,,,
黔东南州雷山县望丰乡乌的村2.3.4.5组大乌的滑坡.csv,,,other,False,user,14593,,,,,,
黔东南州雷山县西江镇龙塘村 村南星寨组滑坡.csv,,,other,False,user,966,,,,,,
铜仁市思南县瓮溪镇大林村老林组大槽滑坡.csv,,,other,False,user,966,,,,,,
遵义市习水县大坡镇典礼坝村高台组曾家沟滑坡.csv,,,other,False,user,16128,,,,,,
黔东南州天柱县白市镇民建村家祠组滑坡.csv,,,other,False,user,14506,,,,,,
毕节市大方县黄泥彝族苗族满族乡龙塘村桥边组桥边滑坡.csv,,,other,False,user,966,,,,,,
黔西南州兴义市白碗窑镇岔米村龙井组待核销滑坡.csv,,,other,False,user,17530,,,,,,
黔东南州岑巩县平庄镇榜上村麻栗山组麻栗山滑坡.csv,,,other,False,user,966,,,,,,
六盘水市盘州市淤泥乡罗多村5组滑坡.csv,,,other,False,user,1352,,,,,,
贵阳市开阳县南龙乡佘家营村高榜组滑坡.csv,,,other,False,user,18639,,,,,,
遵义市习水县二郎镇二郎村新田组岩咀滑坡.csv,,,other,False,user,18576,,,,,,
黔东南州凯里市大风洞镇都力村庄上组滑坡.csv,,,other,True,user,1464,,,,,,
铜仁市德江县共和镇胜利村大山岭组大山岭滑坡.csv,,,other,False,user,966,,,,,,
铜仁市思南县大河坝镇白家坳村白家坳组白家坳滑坡.csv,,,other,False,user,966,,,,,,
铜仁市思南县邵家桥镇陈家湾村坨里组坨里滑坡.csv,,,other,False,user,1210,,,,,,
铜仁市松桃县甘龙镇麻阳村茶园组滑坡.csv,,,other,False,user,1211,,,,,,
安顺市镇宁县六马镇板腰村一二三组1滑坡.csv,,,other,False,user,966,,,,,,
黔东南州天柱县社学街道溪口村一组盘魁滑坡.csv,,,other,False,user,14593,,,,,,
六盘水市盘州市鸡场坪镇哒啦村3-5组北侧滑坡.csv,,,other,False,user,1343,,,,,,
遵义市习水县二郎镇水田村枣坪组枣坪滑坡.csv,,,other,False,user,16507,,,,,,
遵义市习水县同民镇长安村四组文昌宫滑坡.csv,,,other,False,user,18576,,,,,,
黔西南州贞丰县龙场镇坡柳村陈家寨组陈家寨滑坡.csv,,,other,False,user,18576,,,,,,
六盘水市水城区杨梅乡白牛村半坡组待核销滑坡.csv,,,other,False,user,1210,,,,,,
毕节市七星关区清水铺镇李家坪村土桥沟组滑坡.csv,,,other,True,user,1234,,,,,,
铜仁市沿河县官舟镇水库村八组黄泥坡滑坡.csv,,,other,False,user,1970,,,,,,
铜仁市玉屏县皂角坪街道铁家溪村干溪组滑坡.csv,,,other,False,user,966,,,,,,
黔东南州三穗县文笔街道新穗村灵山南路至黄土坎加油站滑坡滑坡.csv,,,other,False,user,966,,,,,,
黔东南州锦屏县偶里乡八腊村一组滑坡.csv,,,other,False,user,14596,,,,,,
毕节市赫章县德卓镇水炉村岩脚组油家沙子滑坡.csv,,,other,False,user,18576,,,,,,
毕节市威宁县龙场镇田元村岩脚组滑坡.csv,,,other,False,user,1234,,,,,,
黔西南州册亨县巧马镇锅厂村下厂组滑坡.csv,,,other,False,user,1549,,,,,,
黔东南州镇远县羊场镇龙洞村掌官司组滑坡.csv,,,other,False,user,966,,,,,,
铜仁市德江县共和镇神溪村大土组大土滑坡.csv,,,other,False,user,966,,,,,,
六盘水市六枝特区关寨镇居都村松林组（待核销）滑坡.csv,,,other,False,user,9288,,,,,,
黔南州平塘县卡蒲乡场河村甲刀组滑坡.csv,,,other,False,user,1408,,,,,,
六盘水市水城区花戛乡花水村箐脚组滑坡.csv,,,other,False,user,1364,,,,,,
遵义市新蒲新区三渡镇水洋村田坎上组滑坡.csv,,,other,False,user,18576,,,,,,
遵义市仁怀市喜头镇卫星村竹林湾组滑坡.csv,,,other,False,user,957,,,,,,
铜仁市思南县塘头镇小溪河村小溪桥组小溪桥滑坡.csv,,,other,False,user,1210,,,,,,
六盘水市六枝特区关寨镇箐口村老屋基组滑坡.csv,,,other,False,user,18581,,,,,,
铜仁市石阡县青阳乡茶园村十里屯滑坡.csv,,,other,False,user,1212,,,,,,
安顺市平坝区高峰镇老胖村中岩组中岩滑坡.csv,,,other,False,user,966,,,,,,
黔东南州从江县庆云镇转珠村5组村委会下方路边滑坡.csv,,,other,True,user,14569,,,,,,
黔东南州凯里市旁海镇青杠村2组滑坡.csv,,,other,False,user,1401,,,,,,
黔东南州雷山县望丰乡荣防村大寨组滑坡.csv,,,other,False,user,966,,,,,,
六盘水市水城区鸡场镇安居村半坡组滑坡.csv,,,other,False,user,1367,,,,,,
毕节市纳雍县董地乡联合村小梁子组小梁子滑坡.csv,,,other,False,user,966,,,,,,
铜仁市德江县长丰乡胜坝村杨家组杨家滑坡.csv,,,other,False,user,966,,,,,,
铜仁市松桃县甘龙镇寨地村红岩沟组滑坡.csv,,,other,False,user,18576,,,,,,
毕节市大方县大山乡新坝村庆丰组滑坡.csv,,,other,False,user,556,,,,,,
铜仁市德江县复兴镇蒲村邵家组王家滑坡.csv,,,other,False,user,966,,,,,,
黔东南州雷山县郎德镇乌瓦村大寨滑坡.csv,,,other,False,user,1401,,,,,,
黔西南州安龙县笃山镇纳黑村红光组滑坡.csv,,,other,False,user,1376,,,,,,
黔东南州黄平县浪洞镇浪洞村屯上组滑坡.csv,,,other,False,user,14595,,,,,,
毕节市大方县兴隆乡石板村法窝组滑坡.csv,,,other,False,user,546,,,,,,
毕节市纳雍县百兴镇塘上村新寨组新寨滑坡.csv,,,other,True,user,966,,,,,,
贵阳市开阳县南龙乡佘家营村朝天马组滑坡.csv,,,other,False,user,18639,,,,,,
黔东南州剑河县柳川镇也拢村2组挂说滑坡.csv,,,other,False,user,966,,,,,,
黔西南州普安县兴中镇松岿村岩脚组岩脚滑坡.csv,,,other,False,user,1358,,,,,,
黔东南州镇远县蕉溪镇郎洞村茶坪组滑坡.csv,,,other,False,user,1462,,,,,,
黔东南州镇远县金堡镇松明村寨龙组滑坡.csv,,,other,False,user,966,,,,,,
铜仁市德江县煎茶镇新场社区方家沟组滑坡.csv,,,other,False,user,966,,,,,,
贵阳市修文县六桶镇来鹤村瓦厂组滑坡.csv,,,other,False,user,966,,,,,,
遵义市仁怀市茅台镇沿河村正龙湾组正龙湾滑坡.csv,,,other,False,user,18576,,,,,,
毕节市大方县黄泥塘镇背座村林中组滑坡.csv,,,other,True,user,18576,,,,,,
铜仁市松桃县牛郎镇齐心村向岗坪一组滑坡.csv,,,other,False,user,16381,,,,,,
遵义市习水县民化镇群新村春天树组回头弯1滑坡.csv,,,other,False,user,18576,,,,,,
毕节市赫章县双河街道后河村核桃树组滑坡.csv,,,other,False,user,18576,,,,,,
毕节市纳雍县百兴镇大龙井村树林脚组树林脚滑坡.csv,,,other,False,user,1407,,,,,,
铜仁市思南县三道水土家族苗族乡天山村蒲家寨组蒲家寨滑坡.csv,,,other,False,user,1210,,,,,,
六盘水市水城区化乐镇夺泥村上吹聋组滑坡.csv,,,other,False,user,1367,,,,,,
黔东南州岑巩县平庄镇亚林村洋溪沟组洋溪沟滑坡.csv,,,other,False,user,14593,,,,,,
遵义市务川县砚山镇大桥村王家湾滑坡.csv,,,other,False,user,1338,,,,,,
黔西南州贞丰县沙坪镇里怀村孔桃组孔桃滑坡.csv,,,other,False,user,18576,,,,,,
六盘水市盘州市竹海镇左坡村2组吴家寨滑坡.csv,,,other,False,user,20715,,,,,,
遵义市务川县大坪街道大坪社区岩透滑坡.csv,,,other,False,user,18576,,,,,,
毕节市纳雍县骔岭镇大坪地村丫口组、大坪组滑坡.csv,,,other,False,user,1166,,,,,,
铜仁市思南县宽坪苗族土家族乡长沙村岗子丢组岗子丢滑坡.csv,,,other,False,user,1210,,,,,,
黔西南州晴隆县长流乡杨寨村大云组大云滑坡.csv,,,other,False,user,18504,,,,,,
毕节市七星关区清水铺镇红岩村湾子组-3滑坡.csv,,,other,False,user,966,,,,,,
六盘水市盘州市大山镇上寨村12上嘎布滑坡.csv,,,other,False,user,966,,,,,,
毕节市大方县羊场镇穿岩村高峰组滑坡.csv,,,other,False,user,1548,,,,,,
黔东南州丹寨县兴仁镇乌地村四组滑坡.csv,,,other,False,user,966,,,,,,
黔东南州台江县南宫镇南宫村拥党1、2组滑坡.csv,,,other,False,user,14595,,,,,,
贵阳市花溪区小孟街道陈亮村3组滑坡.csv,,,other,False,user,18639,,,,,,
黔东南州天柱县瓮洞镇大段村青二组青山脚滑坡.csv,,,other,False,user,14595,,,,,,
黔东南州岑巩县思旸镇龙江村茅草组茅草组滑坡.csv,,,other,False,user,14595,,,,,,
遵义市道真县三桥镇桥塘村后溪沟组滑坡.csv,,,other,False,user,9288,,,,,,
黔西南州晴隆县长流乡溪流村二屯头组滑坡.csv,,,other,False,user,18640,,,,,,
黔东南州锦屏县河口乡瑶光村十二组大寨头滑坡.csv,,,other,False,user,1400,,,,,,
黔南州福泉市凤山镇羊昌河村小寨坡组车田寨滑坡.csv,,,other,False,user,20742,,,,,,
黔东南州从江县加鸠镇加鸠村5组加鸠小学至加鸠中学滑坡.csv,,,other,False,user,1401,,,,,,
黔东南州剑河县革东镇五河村6、7组养后社滑坡.csv,,,other,False,user,966,,,,,,
黔西南州晴隆县安谷乡前进村纳额一组滑坡.csv,,,other,False,user,18640,,,,,,
遵义市道真县隆兴镇三龙村豹子孔组豹子孔—湛家滑坡.csv,,,other,False,user,16418,,,,,,
安顺市平坝区十字乡五一村谷豹后坝组滑坡.csv,,,other,False,user,18640,,,,,,
安顺市普定县穿洞街道景湖村骂渡组（待核销）滑坡.csv,,,other,False,user,14478,,,,,,
遵义市赤水市复兴镇凯旋村榜上组、桐子园组榜上、桐梓园滑坡.csv,,,other,False,user,18576,,,,,,
铜仁市石阡县大沙坝乡邵家寨村中王湾组滑坡.csv,,,other,False,user,18577,,,,,,
黔西南州册亨县坡妹镇同心村田坝组滑坡.csv,,,other,False,user,18640,,,,,,
黔西南州晴隆县长流乡杨寨村新华组滑坡.csv,,,other,False,user,1355,,,,,,
铜仁市沿河县夹石镇堰田村十三组滑坡.csv,,,other,False,user,16096,,,,,,
黔东南州锦屏县固本乡瑶里村二组滑坡.csv,,,other,False,user,966,,,,,,
铜仁市印江县缠溪镇客店沟村椒树坪组椒树坪滑坡.csv,,,other,False,user,18577,,,,,,
贵阳市开阳县龙水乡和坪村阳尔排组滑坡.csv,,,other,False,user,18639,,,,,,
贵阳市修文县谷堡镇索桥村大塘组大塘小学滑坡.csv,,,other,True,user,1418,,,,,,
黔东南州黄平县新州镇中心村毛坡组滑坡.csv,,,other,False,user,1211,,,,,,
六盘水市钟山区大湾镇新寨村六组盘底沟滑坡.csv,,,other,False,user,966,,,,,,
遵义市仁怀市茅台镇罗村黄角树组滑坡.csv,,,other,False,user,1338,,,,,,
黔西南州册亨县纳福街道秧庆村河边组滑坡.csv,,,other,True,user,18640,,,,,,
六盘水市六枝特区郎岱镇头塘村半坡田组滑坡.csv,,,other,False,user,20825,,,,,,
铜仁市思南县凉水井镇凉山村秦家大坪组秦家大坪滑坡.csv,,,other,False,user,1166,,,,,,
黔东南州凯里市舟溪镇枫春村大寨组滑坡.csv,,,other,False,user,1400,,,,,,
黔西南州兴仁市东湖街道五峰村田湾组滑坡.csv,,,other,False,user,966,,,,,,
六盘水市盘州市石桥镇威箐村5组梅树至大沙地滑坡.csv,,,other,False,user,1369,,,,,,
六盘水市盘州市英武镇上午取村9组黄泥坡滑坡.csv,,,other,False,user,1340,,,,,,
黔东南州黄平县野洞河镇新华村腊么组滑坡.csv,,,other,False,user,966,,,,,,
黔西南州册亨县冗渡镇坛坪村沙堡组桥边滑坡.csv,,,other,False,user,1376,,,,,,
黔东南州台江县南宫镇交包村3组滑坡.csv,,,other,False,user,966,,,,,,
黔西南州兴仁市百德镇银厂村热水井组滑坡.csv,,,other,False,user,1210,,,,,,
铜仁市印江县缠溪镇缠溪村王家沟组王家沟滑坡.csv,,,other,False,user,1210,,,,,,
黔东南州麻江县宣威镇瓮袍村杨梅坡组待核销滑坡.csv,,,other,False,user,857,,,,,,
安顺市普定县补郎乡翁卡村黄水河组黄水河组滑坡.csv,,,other,False,user,18576,,,,,,
黔西南州兴仁市回龙镇泥山村二组滑坡.csv,,,other,True,user,1210,,,,,,
遵义市汇川区山盆镇石盆景村坪上组滑坡.csv,,,other,False,user,954,,,,,,
黔西南州普安县茶源街道细寨村上红星组滑坡.csv,,,other,False,user,1355,,,,,,
铜仁市松桃县牛郎镇红卫村沈家、吴家组滑坡.csv,,,other,False,user,1211,,,,,,
黔东南州从江县加榜乡平引村3、4组里培滑坡.csv,,,other,False,user,14595,,,,,,
毕节市黔西市谷里镇小街村上泡木组-四组滑坡.csv,,,other,False,user,1420,,,,,,
铜仁市思南县文家店镇屯山村何家咀组何家咀滑坡.csv,,,other,False,user,1210,,,,,,
黔东南州从江县西山镇高脚村四组老少坡滑坡.csv,,,other,False,user,14593,,,,,,
黔西南州贞丰县沙坪镇里怀村洛括一组洛括滑坡.csv,,,other,False,user,18576,,,,,,
六盘水市盘州市双凤镇鄢家庄村3.4.5.6组大湾(待核销)滑坡.csv,,,other,False,user,1369,,,,,,
六盘水市钟山区金盆乡羊场村和平七组滑坡.csv,,,other,False,user,1365,,,,,,
黔西南州贞丰县鲁容乡孔明村鲁花组鲁花滑坡.csv,,,other,False,user,18576,,,,,,
贵阳市乌当区下坝镇谷庚村冲口组滑坡.csv,,,other,False,user,18640,,,,,,
黔东南州榕江县仁里乡仁吉村12组田坝滑坡.csv,,,other,False,user,966,,,,,,
铜仁市玉屏县新店镇大湾村青树组龙崩坡滑坡.csv,,,other,False,user,1070,,,,,,
六盘水市盘州市鸡场坪镇歹马村17组火车站桥头（待核销）滑坡.csv,,,other,False,user,729,,,,,,
六盘水市水城区比德镇齐心村鹅塘组滑坡.csv,,,other,False,user,966,,,,,,
铜仁市思南县香坝镇栋青坳村安家山组安家山滑坡.csv,,,other,False,user,966,,,,,,
毕节市七星关区生机镇耿官村半坡组半坡滑坡.csv,,,other,False,user,16096,,,,,,
安顺市普定县猫洞乡吉祥村谢家坝1组滑坡.csv,,,other,False,user,18639,,,,,,
遵义市正安县瑞溪镇蚂蟥井村马桑坪组马桑坪滑坡.csv,,,other,False,user,18576,,,,,,
铜仁市万山区鱼塘乡新龙村塘头溪组滑坡.csv,,,other,False,user,1212,,,,,,
安顺市普定县穿洞街道大树村新场组滑坡.csv,,,other,False,user,966,,,,,,
黔西南州晴隆县茶马镇鲁迫村新场三组滑坡.csv,,,other,False,user,966,,,,,,
六盘水市盘州市大山镇小寨村24-27组鲁库滑坡.csv,,,other,False,user,20714,,,,,,
安顺市紫云县板当镇同合村下坝田组滑坡.csv,,,other,False,user,439,,,,,,
遵义市余庆县白泥镇新寨村上、下寨组滑坡.csv,,,other,False,user,8191,,,,,,
黔东南州锦屏县偶里乡寨先村九组洋朋滑坡.csv,,,other,False,user,966,,,,,,
六盘水市钟山区红岩街道红岩社区回迁楼网格铁路小区斜对面滑坡.csv,,,other,False,user,966,,,,,,
黔西南州晴隆县紫马乡屯上村马鞍山组马鞍山滑坡.csv,,,other,False,user,17467,,,,,,
黔东南州岑巩县思旸镇龙江村毛草冲组毛草冲滑坡.csv,,,other,False,user,14595,,,,,,
铜仁市石阡县汤山街道金庄村凉水井组桅杆嘴滑坡.csv,,,other,False,user,1212,,,,,,
六盘水市盘州市鸡场坪镇垤坞居委会5组下垤坞滑坡.csv,,,other,False,user,20741,,,,,,
铜仁市石阡县大沙坝乡坡脚村湾的组滑坡.csv,,,other,False,user,18577,,,,,,
铜仁市松桃县平头镇兴隆塘村五组滑坡.csv,,,other,False,user,1368,,,,,,
黔东南州雷山县丹江镇排翁村大寨组滑坡.csv,,,other,False,user,1400,,,,,,
黔西南州册亨县双江镇盘江村纳牙组滑坡.csv,,,other,False,user,733,,,,,,
铜仁市沿河县祐溪街道白果树村三组关坟山滑坡.csv,,,other,True,user,18577,,,,,,
黔东南州天柱县邦洞街道共和村巧溪滑坡.csv,,,other,False,user,966,,,,,,
黔东南州丹寨县排调镇高峰村四组坝上滑坡.csv,,,other,False,user,966,,,,,,
毕节市赫章县哲庄镇三脚社区龙井组滑坡.csv,,,other,False,user,18576,,,,,,
遵义市播州区平正乡葛腾村三合头组滑坡.csv,,,other,False,user,966,,,,,,
黔东南州从江县西山镇滚郎村8组滑坡.csv,,,other,False,user,562,,,,,,
铜仁市印江县缠溪镇两路口村槽底下组槽底下滑坡.csv,,,other,False,user,1069,,,,,,
黔东南州丹寨县雅灰乡送陇村四、五组（新转）滑坡.csv,,,other,False,user,556,,,,,,
黔东南州雷山县郎德镇报德村甘吾八、九组滑坡.csv,,,other,False,user,562,,,,,,
六盘水市盘州市大山镇打洞村6、7组牟家坪子、下法泥滑坡.csv,,,other,False,user,1369,,,,,,
遵义市习水县土城镇红卫村五组马家山滑坡.csv,,,other,False,user,18576,,,,,,
黔东南州镇远县蕉溪镇柳溪村湾沟组滑坡.csv,,,other,False,user,1462,,,,,,
黔东南州三穗县八弓镇菜冲村挂榜组（待核销）滑坡.csv,,,other,False,user,14593,,,,,,
黔南州贵定县昌明镇高坡村荷花组山田滑坡.csv,,,other,False,user,1401,,,,,,
毕节市织金县马场镇关上村仓边组关上小学滑坡.csv,,,other,False,user,1234,,,,,,
毕节市金沙县清池镇普安村普兴组滑坡.csv,,,other,False,user,966,,,,,,
遵义市凤冈县凤岭街道办六里村周家沟组滑坡.csv,,,other,True,user,4783,,,,,,
遵义市习水县土城镇幸福村6组天星石滑坡.csv,,,other,False,user,1548,,,,,,
黔南州贵定县金南街道南平村第三幼儿园滑坡.csv,,,other,False,user,1045,,,,,,
毕节市威宁县黑石头镇五星社区臭水沟组臭水沟滑坡.csv,,,other,False,user,18576,,,,,,
六盘水市盘州市羊场乡上午村后山组滑坡.csv,,,other,False,user,10370,,,,,,
黔东南州凯里市鸭塘街道四联村鸭口组滑坡.csv,,,other,False,user,1401,,,,,,
黔东南州丹寨县南皋乡四方山村一组乌谷豆滑坡.csv,,,other,False,user,14593,,,,,,
遵义市凤冈县天桥镇齐心村中坪组滑坡.csv,,,other,False,user,18575,,,,,,
黔西南州普安县茶源街道细寨村朗寨组滑坡.csv,,,other,False,user,1355,,,,,,
毕节市织金县中寨镇核桃村克拉冲组滑坡.csv,,,other,False,user,1210,,,,,,
黔东南州天柱县竹林镇竹林村抓婆对滑坡.csv,,,other,False,user,14595,,,,,,
铜仁市德江县煎茶镇潮溪村岩透组岩透滑坡.csv,,,other,False,user,966,,,,,,
黔西南州兴仁市百德镇小川村杨关田组待核销滑坡.csv,,,other,False,user,18576,,,,,,
遵义市仁怀市三合镇两岔村顺丰组山顶上滑坡.csv,,,other,False,user,1339,,,,,,
贵阳市清镇市青龙山街道青龙村六组滑坡.csv,,,other,False,user,18640,,,,,,
铜仁市德江县堰塘乡民主村上晏组大柏坳滑坡.csv,,,other,False,user,18577,,,,,,
遵义市务川县镇南镇同心村河沙组滑坡.csv,,,other,False,user,1338,,,,,,
黔东南州黎平县九潮镇顺寨村2组滑坡.csv,,,other,False,user,1409,,,,,,
毕节市纳雍县勺窝镇糯珠谷村大塘口组大塘口滑坡.csv,,,other,False,user,18576,,,,,,
六盘水市水城区都格镇新盘村垭口组滑坡.csv,,,other,False,user,1367,,,,,,
黔南州罗甸县边阳镇下坝村六组沙坪滑坡.csv,,,other,True,user,1548,,,,,,
毕节市黔西市中坪镇飞蛾社区赵家湾组滑坡.csv,,,other,False,user,16096,,,,,,
六盘水市盘州市羊场乡小河村董家寨滑坡.csv,,,other,False,user,1343,,,,,,
黔东南州雷山县大塘镇掌批村老寨组老寨滑坡.csv,,,other,False,user,1369,,,,,,
黔西南州晴隆县安谷乡前进村团坡组团坡大寨滑坡.csv,,,other,False,user,1554,,,,,,
黔东南州锦屏县河口乡南路村一组滑坡.csv,,,other,False,user,966,,,,,,
安顺市平坝区齐伯镇引子渡村格支4组岩脚滑坡.csv,,,other,False,user,1359,,,,,,
遵义市习水县九龙街道马皇坝村关边组黄泥湾滑坡.csv,,,other,False,user,1548,,,,,,
黔东南州锦屏县平略镇果丛村一组滑坡.csv,,,other,False,user,1400,,,,,,
黔西南州贞丰县挽澜镇纳坎村上纳坎组滑坡.csv,,,other,False,user,18576,,,,,,
贵阳市清镇市犁倭镇打鼓村大草地组滑坡.csv,,,other,False,user,966,,,,,,
毕节市大方县鼎新乡同心村二屯岩组滑坡.csv,,,other,True,user,1283,,,,,,
毕节市织金县牛场镇塘房村河边组滑坡.csv,,,other,False,user,1234,,,,,,
铜仁市万山区下溪乡官田村桥冲组滑坡.csv,,,other,False,user,966,,,,,,
黔东南州榕江县兴华乡高排村寨头组滑坡.csv,,,other,False,user,14595,,,,,,
遵义市务川县都濡街道洋溪社区邹家湾滑坡.csv,,,other,False,user,9337,,,,,,
黔东南州麻江县金竹街道河山村龙场坡组滑坡.csv,,,other,False,user,959,,,,,,
毕节市大方县达溪镇雨卷村朝田组滑坡.csv,,,other,False,user,503,,,,,,
黔南州三都县大河镇和平村苕寨三组干田滑坡.csv,,,other,False,user,18577,,,,,,
铜仁市万山区黄道乡龙江村达子冲组达子冲滑坡.csv,,,other,False,user,1234,,,,,,
毕节市纳雍县骔岭镇大坪地村赵家寨组滑坡.csv,,,other,False,user,18576,,,,,,
安顺市紫云县猫营镇猫营村四组云盘地滑坡.csv,,,other,False,user,14595,,,,,,
贵阳市息烽县鹿窝镇鹿窝村田坝组四岭岗滑坡.csv,,,other,False,user,18639,,,,,,
遵义市习水县同民镇红旗村五组洪冲岩滑坡.csv,,,other,False,user,18576,,,,,,
黔东南州雷山县丹江镇脚猛村一、四、五组小学背后滑坡.csv,,,other,False,user,14590,,,,,,
黔东南州岑巩县平庄镇榜上村岩湾沟组岩湾沟滑坡.csv,,,other,False,user,1400,,,,,,
安顺市紫云县猴场镇黎明村堡上组滑坡.csv,,,other,False,user,19675,,,,,,
黔南州三都县都江镇振兴村巫井组滑坡.csv,,,other,False,user,18639,,,,,,
铜仁市沿河县黄土镇勇敢村大塘水组滑坡.csv,,,other,False,user,966,,,,,,
毕节市纳雍县化作乡野鸡落村杨家湾组杨家湾组滑坡.csv,,,other,False,user,18640,,,,,,
安顺市镇宁县募役镇新发村茶林堡组滑坡.csv,,,other,False,user,966,,,,,,
毕节市纳雍县维新镇红星村发嘎组发嘎滑坡.csv,,,other,False,user,18576,,,,,,
黔南州长顺县摆所镇板丛村摆楼组滑坡.csv,,,other,False,user,18640,,,,,,
黔西南州晴隆县鸡场镇田坝村四、五组上老白寨滑坡.csv,,,other,False,user,18640,,,,,,
黔南州福泉市凤山镇羊昌河村车边组枧井滑坡.csv,,,other,False,user,18576,,,,,,
毕节市纳雍县百兴镇坐窝底村大土寨组滑坡.csv,,,other,False,user,16048,,,,,,
黔西南州望谟县昂武镇渡邑村四组滑坡.csv,,,other,True,user,1362,,,,,,
铜仁市印江县杨柳镇白虎咀村罗家沟组罗家沟滑坡.csv,,,other,False,user,966,,,,,,
六盘水市水城区果布戛乡大寨村大冲组中寨待核销滑坡.csv,,,other,False,user,1369,,,,,,
铜仁市沿河县谯家镇符家村榜上组郭林宅滑坡.csv,,,other,False,user,18577,,,,,,
六盘水市水城区新街乡大元村小渡口组滑坡.csv,,,other,False,user,1367,,,,,,
遵义市绥阳县大路槽乡文山村麻湾组滑坡.csv,,,other,False,user,18576,,,,,,
贵阳市开阳县禾丰乡长红村马家田组滑坡.csv,,,other,False,user,18639,,,,,,
毕节市大方县长石镇新阳村群水组滑坡.csv,,,other,False,user,966,,,,,,
遵义市湄潭县高台镇天合村毛口组毛口滑坡.csv,,,other,False,user,955,,,,,,
六盘水市水城区米箩镇倮么村阿德、号山组滑坡.csv,,,other,False,user,18576,,,,,,
毕节市黔西市中坪镇新厂村付家湾组滑坡.csv,,,other,False,user,2330,,,,,,
遵义市习水县程寨镇印江村方家沟组木桶-坎滑坡.csv,,,other,False,user,16129,,,,,,
毕节市纳雍县董地乡沙落村沙落冲组1组沙落冲1滑坡.csv,,,other,False,user,18576,,,,,,
遵义市湄潭县新南镇石印村洞上组梨树坪滑坡.csv,,,other,False,user,966,,,,,,
六盘水市水城区勺米镇梭沙村梭沙组滑坡.csv,,,other,False,user,18576,,,,,,
黔西南州册亨县岩架镇洛达村伟好组滑坡.csv,,,other,False,user,570,,,,,,
六盘水市盘州市鸡场坪镇罩子河村9-10组小箐口滑坡.csv,,,other,False,user,966,,,,,,
毕节市织金县八步街道同心村长土组滑坡.csv,,,other,False,user,18576,,,,,,
遵义市习水县官店镇新庄村后山组滑坡.csv,,,other,False,user,18576,,,,,,
黔东南州雷山县大塘镇桃江村七组滑坡.csv,,,other,False,user,1343,,,,,,
六盘水市水城区新街乡二台村石家组滑坡.csv,,,other,False,user,1348,,,,,,
六盘水市水城区果布戛乡罗盘村新寨组滑坡.csv,,,other,False,user,966,,,,,,
黔东南州丹寨县排调镇羊告村一组滑坡.csv,,,other,False,user,14595,,,,,,
黔东南州三穗县良上镇桐合村棉花地滑坡.csv,,,other,False,user,966,,,,,,
毕节市黔西市中坪镇新厂村大山组大山坡滑坡.csv,,,other,False,user,16096,,,,,,
毕节市织金县马场镇中心村青山组滑坡.csv,,,other,False,user,1457,,,,,,
贵阳市开阳县冯三镇新华村谷撒河组南西侧滑坡.csv,,,other,False,user,18639,,,,,,
铜仁市松桃县冷水溪镇桐子坪组村黄泥岔组滑坡.csv,,,other,False,user,966,,,,,,
黔南州平塘县金盆街道苗二河村财狗洞安置区组滑坡.csv,,,other,False,user,966,,,,,,
毕节市赫章县金银山街道双井社区三座炉组滑坡.csv,,,other,False,user,18576,,,,,,
黔西南州普安县九峰街道九峰村三、六组滑坡.csv,,,other,False,user,966,,,,,,
黔西南州晴隆县沙子镇沙子村三组西南成品油管道AQ112+600米处滑坡.csv,,,other,False,user,1355,,,,,,
毕节市七星关区大屯乡大河村堰沟组滑坡.csv,,,other,False,user,16096,,,,,,
铜仁市碧江区川硐街道小江口村川硐湾组滑坡.csv,,,other,False,user,1548,,,,,,
黔西南州册亨县双江镇洛法村伟举组滑坡.csv,,,other,False,user,570,,,,,,
黔东南州锦屏县河口乡韶霭村一组滑坡.csv,,,other,False,user,14595,,,,,,
毕节市织金县实兴乡上坝村中寨组滑坡.csv,,,other,False,user,1417,,,,,,
遵义市凤冈县凤岭街道办两河口村香坪组黄家坝滑坡.csv,,,other,False,user,9288,,,,,,
黔东南州凯里市大风洞镇都辉村上榨组滑坡.csv,,,other,False,user,966,,,,,,
六盘水市水城区玉舍镇玉舍居委会营松组付家沟滑坡.csv,,,other,False,user,966,,,,,,
黔西南州普安县地瓜镇岗坡村孔家寨组孔家寨滑坡.csv,,,other,False,user,1333,,,,,,
遵义市习水县温水镇娄底村下营组田池坝滑坡.csv,,,other,False,user,16169,,,,,,
黔西南州望谟县平洞街道坝奔村里杏坡组（待核销）滑坡.csv,,,other,False,user,1376,,,,,,
黔西南州普安县龙吟镇文毕村河田组河田滑坡.csv,,,other,False,user,1355,,,,,,
遵义市习水县桃林镇兴隆村黄村组黄村滑坡.csv,,,other,False,user,18576,,,,,,
六盘水市盘州市保田镇茅草坪村1组金竹坪滑坡.csv,,,other,False,user,1342,,,,,,
遵义市习水县温水镇炉村村毛坝组白岩脚滑坡.csv,,,other,False,user,16381,,,,,,
毕节市七星关区小吉场镇永桥村坪子组滑坡.csv,,,other,False,user,18639,,,,,,
黔东南州三穗县雪洞镇平关村半溪一组滑坡.csv,,,other,False,user,14595,,,,,,
毕节市黔西市中坪镇建设社区何坝牌组河坝排滑坡.csv,,,other,False,user,16096,,,,,,
贵阳市开阳县金中镇寨子村上河组滑坡.csv,,,other,False,user,18639,,,,,,
遵义市习水县程寨镇红旗村文村组柑子树滑坡.csv,,,other,False,user,16418,,,,,,
黔东南州锦屏县河口乡九佑村二组滑坡.csv,,,other,False,user,14595,,,,,,
黔西南州贞丰县沙坪镇尼罗村廷上组滑坡.csv,,,other,False,user,18575,,,,,,
毕节市赫章县双坪乡营新村营新组1号滑坡.csv,,,other,False,user,16157,,,,,,
铜仁市思南县三道水土家族苗族乡洋恩坝村滑石板组滑石板滑坡.csv,,,other,False,user,966,,,,,,
贵阳市乌当区下坝镇喇平村龙井田组滑坡.csv,,,other,False,user,18640,,,,,,
六盘水市盘州市普田乡啊榔村1组岩跟脚滑坡.csv,,,other,False,user,20740,,,,,,
安顺市平坝区十字乡金家坝村老菜山组滑坡.csv,,,other,False,user,1548,,,,,,
毕节市七星关区清水铺镇大坪村罗家湾组滑坡.csv,,,other,False,user,18639,,,,,,
黔西南州望谟县蔗香镇蔗香村坝门组滑坡.csv,,,other,False,user,18576,,,,,,
六盘水市钟山区木果镇蒿枝村五组滑坡.csv,,,other,True,user,1350,,,,,,
毕节市纳雍县百兴镇坐脚社区黄家冲组黄家冲滑坡.csv,,,other,False,user,18576,,,,,,
毕节市大方县凤山乡凤山村凤山二组、三组滑坡.csv,,,other,False,user,18576,,,,,,
安顺市紫云县猫营镇黄土村猛呆组滑坡.csv,,,other,False,user,18640,,,,,,
遵义市正安县乐俭镇长兴村香树组后兜坡滑坡.csv,,,other,False,user,16418,,,,,,
黔西南州晴隆县鸡场镇杨家坪村杨家坪组杨家坪滑坡.csv,,,other,False,user,966,,,,,,
六盘水市水城区龙场乡雨湾河村湾子组滑坡.csv,,,other,False,user,20786,,,,,,
黔东南州黄平县野洞河镇新华村腊么组2号滑坡.csv,,,other,False,user,966,,,,,,
毕节市纳雍县阳长镇丰家丫口村八组滑坡.csv,,,other,False,user,1234,,,,,,
黔东南州黎平县九潮镇阡洞村6组滑坡.csv,,,other,False,user,966,,,,,,
贵阳市清镇市麦格乡谷当稗村红岩组滑坡.csv,,,other,False,user,9962,,,,,,
黔西南州晴隆县中营镇高原村大坝组大坝滑坡.csv,,,other,True,user,2330,,,,,,
黔西南州晴隆县安谷乡白岩村战马组战马滑坡.csv,,,other,False,user,18640,,,,,,
黔西南州兴仁市下山镇苦森箐村鲊包树组滑坡.csv,,,other,False,user,966,,,,,,
黔南州福泉市牛场镇迥龙村吴家林组吴家林滑坡.csv,,,other,False,user,18639,,,,,,
黔西南州晴隆县大厂镇高岭村立山组立山滑坡.csv,,,other,False,user,18640,,,,,,
铜仁市沿河县思渠镇红岩村六组彭家滑坡.csv,,,other,False,user,1212,,,,,,
黔西南州册亨县巧马镇纳桃村纳桃组滑坡.csv,,,other,True,user,1373,,,,,,
黔东南州锦屏县彦洞乡彦洞村八组凸香滑坡.csv,,,other,False,user,14595,,,,,,
黔西南州安龙县春潭街道石灰村前寨组已搬迁，已核销滑坡.csv,,,other,False,user,750,,,,,,
黔东南州凯里市凯棠镇新村二组滑坡.csv,,,other,False,user,1400,,,,,,
黔东南州凯里市凯棠镇龙塘村龙塘寨组滑坡.csv,,,other,False,user,1400,,,,,,
黔东南州锦屏县彦洞乡仁里村五组仁里大寨滑坡.csv,,,other,False,user,966,,,,,,
遵义市汇川区董公寺街道烂田社区朝石田组（3112风险斜坡）滑坡滑坡.csv,,,other,False,user,18576,,,,,,
安顺市紫云县板当镇大地村大地组滑坡.csv,,,other,False,user,966,,,,,,
铜仁市思南县凉水井镇冉家坳村王家寨组王家寨滑坡.csv,,,other,False,user,1210,,,,,,
毕节市织金县中寨镇小院村雷寨组滑坡.csv,,,other,False,user,18640,,,,,,
毕节市织金县白泥镇大树脚村纸厂组滑坡.csv,,,other,False,user,18576,,,,,,
六盘水市盘州市柏果镇煤炭沟村煤炭沟1组刘家屋基滑坡.csv,,,other,False,user,20715,,,,,,
六盘水市盘州市丹霞镇郭官村6组山背后滑坡.csv,,,other,False,user,1361,,,,,,
铜仁市松桃县平头镇枫香坪村四、五组奔坡湾滑坡.csv,,,other,False,user,1211,,,,,,
黔西南州安龙县普坪镇香车河村新桥组母鸡寨滑坡.csv,,,other,False,user,966,,,,,,
黔东南州镇远县尚寨乡丰收村上甘溪组滑坡.csv,,,other,False,user,966,,,,,,
贵阳市乌当区下坝镇岩山村翁簸组滑坡.csv,,,other,False,user,1557,,,,,,
遵义市道真县三桥镇夏家沟村火关口组滑坡.csv,,,other,False,user,1548,,,,,,
黔东南州剑河县久仰镇久吉村二组滑坡.csv,,,other,False,user,966,,,,,,
黔西南州望谟县边饶镇播东村新寨组滑坡.csv,,,other,False,user,1198,,,,,,
遵义市汇川区山盆镇李梓村水井组（青杠岭滑坡）滑坡.csv,,,other,False,user,954,,,,,,
贵阳市修文县六屯镇桃源村水林组水头寨滑坡.csv,,,other,False,user,18639,,,,,,
黔西南州晴隆县茶马镇茶际村九组李家田滑坡.csv,,,other,False,user,18640,,,,,,
六盘水市盘州市鸡场坪镇水井洼村5组寨头滑坡.csv,,,other,False,user,966,,,,,,
安顺市平坝区高峰镇尧上村新外郎田大坝关组滑坡.csv,,,other,False,user,18639,,,,,,
黔南州长顺县摆所镇长高村麦翁组滑坡.csv,,,other,False,user,1474,,,,,,
黔东南州台江县台拱街道大红寨村4、5组滑坡.csv,,,other,False,user,14593,,,,,,
毕节市大方县对江镇龙井村丫口组滑坡.csv,,,other,True,user,2330,,,,,,
六盘水市盘州市大山镇播土村5组煤管站滑坡.csv,,,other,False,user,1339,,,,,,
遵义市习水县同民镇同民村六组陈世洪家滑坡.csv,,,other,False,user,18576,,,,,,
黔东南州雷山县郎德镇也利村中寨滑坡.csv,,,other,True,user,2330,,,,,,
六盘水市水城区鸡场镇箐头村兴增组滑坡.csv,,,other,False,user,1346,,,,,,
六盘水市盘州市石桥镇威箐村1-4组高坡-樊家寨滑坡.csv,,,other,False,user,1369,,,,,,
贵阳市开阳县紫兴街道渔上村黄泥坡组滑坡.csv,,,other,False,user,18577,,,,,,
铜仁市石阡县国荣乡周家寨村一组滑坡.csv,,,other,False,user,18576,,,,,,
黔东南州凯里市舟溪镇情郎村大寨组滑坡.csv,,,other,False,user,1400,,,,,,
遵义市汇川区山盆镇太坪村竹林湾组（0812风险斜坡）滑坡.csv,,,other,False,user,954,,,,,,
毕节市大方县八堡乡荆竹村荆丰组滑坡.csv,,,other,False,user,1211,,,,,,
铜仁市德江县共和镇上坪村长寿坪组长寿坪滑坡.csv,,,other,False,user,1548,,,,,,
铜仁市思南县合朋溪镇鱼塘村香塘组香塘滑坡.csv,,,other,False,user,1210,,,,,,
遵义市余庆县关兴镇狮山村读书岭滑坡.csv,,,other,False,user,16416,,,,,,
铜仁市碧江区坝黄镇竹田村周家组周家滑坡.csv,,,other,False,user,1548,,,,,,
毕节市大方县黄泥塘镇魁书村半山组坡脚滑坡.csv,,,other,False,user,966,,,,,,
六盘水市盘州市保田镇邱家树林村1组刘家屋基滑坡.csv,,,other,False,user,18522,,,,,,
毕节市威宁县金钟镇独乍村新田组新田滑坡.csv,,,other,False,user,1416,,,,,,
黔东南州三穗县雪洞镇平关村芭蕉组滑坡.csv,,,other,False,user,18577,,,,,,
黔东南州丹寨县南皋乡乌皋村排寨一组早腮（新转）滑坡.csv,,,other,False,user,14593,,,,,,
黔东南州丹寨县龙泉镇杉木村一组雷坡滑坡.csv,,,other,False,user,14595,,,,,,
黔东南州镇远县青溪镇河东村岩山脚组滑坡.csv,,,other,False,user,1420,,,,,,
铜仁市石阡县河坝镇中宅村坝上组滑坡.csv,,,other,False,user,18577,,,,,,
遵义市务川县砚山镇石朝村石坝子组滑坡.csv,,,other,False,user,955,,,,,,
六盘水市水城区阿戛镇仲河村半坡组滑坡.csv,,,other,False,user,20789,,,,,,
贵阳市息烽县温泉镇光荣村碾房组碾房滑坡.csv,,,other,False,user,16869,,,,,,
铜仁市碧江区坝黄镇金龙村大坪组滑坡.csv,,,other,False,user,565,,,,,,
黔南州都匀市小围寨街道展甲村二组展甲滑坡.csv,,,other,False,user,1424,,,,,,
黔东南州镇远县大地乡岭岗屯村坡背后组滑坡.csv,,,other,False,user,18640,,,,,,
安顺市平坝区十字乡四甲村前所廖下组滑坡.csv,,,other,True,user,1362,,,,,,
黔西南州晴隆县中营镇中营村田寨组田寨滑坡.csv,,,other,False,user,966,,,,,,
黔西南州册亨县者楼街道东风桥社区六组滑坡.csv,,,other,False,user,1376,,,,,,
遵义市习水县官店镇民建村齐心组杨松溪滑坡.csv,,,other,False,user,18576,,,,,,
黔西南州安龙县德卧镇甘河村伟奖组滑坡.csv,,,other,False,user,1215,,,,,,
六盘水市水城区化乐镇赵家河村燕山组滑坡.csv,,,other,False,user,1358,,,,,,
六盘水市水城区比德镇齐心村大田边组滑坡.csv,,,other,False,user,1344,,,,,,
黔西南州晴隆县中营镇老坪村兴无组滑坡.csv,,,other,False,user,18640,,,,,,
毕节市七星关区清水铺镇兰田村陈家沟组滑坡.csv,,,other,True,user,1234,,,,,,
遵义市习水县醒民镇自力村五组玉河湾滑坡.csv,,,other,False,user,18576,,,,,,
黔西南州望谟县边饶镇纳望村边王组滑坡.csv,,,other,False,user,1376,,,,,,
遵义市汇川区山盆镇剑坝村红星组滑坡.csv,,,other,False,user,8085,,,,,,
六盘水市水城区勺米镇范家寨村保卫组滑坡.csv,,,other,False,user,862,,,,,,
遵义市仁怀市茅台镇太坪村花椒坪村民组滑坡.csv,,,other,True,user,1338,,,,,,
铜仁市松桃县石梁乡大河村分水岭组滑坡.csv,,,other,False,user,18573,,,,,,
遵义市道真县隆兴镇前进村双坪组大坪滑坡.csv,,,other,False,user,16418,,,,,,
贵阳市开阳县花梨镇翁昭村大水井滑坡.csv,,,other,False,user,966,,,,,,
黔西南州安龙县笃山镇万家店村田湾组滑坡.csv,,,other,False,user,18576,,,,,,
铜仁市玉屏县田坪镇岩屋口村岩上组岩上滑坡.csv,,,other,False,user,1212,,,,,,
黔东南州施秉县甘溪乡高碑村孙家寨组滑坡.csv,,,other,False,user,16416,,,,,,
毕节市纳雍县寨乐镇葛花村徐家寨组徐家寨滑坡.csv,,,other,True,user,18576,,,,,,
六盘水市钟山区金盆乡羊场村二十组何启辉户滑坡.csv,,,other,False,user,966,,,,,,
铜仁市思南县宽坪乡前进村曾家组曾家滑坡.csv,,,other,False,user,966,,,,,,
铜仁市思南县枫芸土家族苗族乡高原村大水井组大水井滑坡.csv,,,other,False,user,966,,,,,,
黔东南州榕江县寨蒿镇晚寨村4.6组滑坡.csv,,,other,False,user,966,,,,,,
黔东南州雷山县郎德镇杨柳村高寨滑坡.csv,,,other,False,user,966,,,,,,
铜仁市德江县长堡镇绿化村大坪上组大坪上滑坡.csv,,,other,False,user,966,,,,,,
遵义市新蒲新区永乐镇飞云村联合组胡家寨滑坡.csv,,,other,False,user,16420,,,,,,
黔西南州望谟县新屯街道纳包村纳包组滑坡.csv,,,other,False,user,1376,,,,,,
铜仁市德江县复兴镇楠木村泡木窝组滑坡.csv,,,other,False,user,966,,,,,,
黔东南州黄平县平溪镇农丰村大院组滑坡.csv,,,other,False,user,1401,,,,,,
六盘水市水城区都格镇黄泥村大沟寨组滑坡.csv,,,other,False,user,1349,,,,,,
铜仁市思南县思林土家族苗族乡安全村高原组高原滑坡.csv,,,other,False,user,18576,,,,,,
黔西南州普安县兴中镇辣子树村田边寨组田边寨滑坡.csv,,,other,False,user,18576,,,,,,
六盘水市盘州市两河街道花家庄村2组牛吃水滑坡.csv,,,other,False,user,9295,,,,,,
铜仁市松桃县石梁乡百鸟村上沟组滑坡.csv,,,other,False,user,8209,,,,,,
遵义市务川县泥高镇竹园村白亮组滑坡.csv,,,other,False,user,1338,,,,,,
六盘水市六枝特区牂牁镇半坡村旧院组陈老发屋基滑坡.csv,,,other,False,user,9288,,,,,,
黔南州福泉市马场坪街道小堡村姜家坪组庄上滑坡.csv,,,other,False,user,1212,,,,,,
黔西南州贞丰县永丰街道盘龙村甘水井组甘水井滑坡.csv,,,other,False,user,18576,,,,,,
毕节市赫章县结构乡多魁村新房子组阿子扣滑坡.csv,,,other,False,user,16157,,,,,,
黔南州长顺县摆所镇营盘村克麻冲组滑坡.csv,,,other,False,user,1554,,,,,,
黔南州三都县三合街道拉揽村排烧上寨滑坡.csv,,,other,False,user,966,,,,,,
黔东南州施秉县甘溪乡江凯村大寨组3号滑坡.csv,,,other,False,user,966,,,,,,
遵义市绥阳县坪乐镇顺河村庆上组滑坡.csv,,,other,True,user,1339,,,,,,
六盘水市盘州市大山镇播土村3组大田边滑坡.csv,,,other,False,user,1394,,,,,,
黔东南州凯里市万潮镇香炉山村杉木组滑坡.csv,,,other,False,user,1401,,,,,,
黔西南州贞丰县连环乡纳闇村坡盎组坡盎滑坡.csv,,,other,False,user,966,,,,,,
黔东南州麻江县金竹街道城东村锦园组滑坡.csv,,,other,False,user,1217,,,,,,
遵义市仁怀市盐津街道梅子坳村千斤垭组滑坡.csv,,,other,False,user,955,,,,,,
安顺市镇宁县六马镇板乐村板乐组板乐滑坡.csv,,,other,False,user,8724,,,,,,
黔南州长顺县鼓扬镇格道村格亚组滑坡.csv,,,other,False,user,18640,,,,,,
铜仁市印江县罗场乡罗场村梨树坳组梨树坳滑坡.csv,,,other,False,user,966,,,,,,
安顺市平坝区齐伯镇齐伯村旧院组龙背滑坡.csv,,,other,True,user,18576,,,,,,
六盘水市水城区蟠龙镇木城居委会大田一、二、三组滑坡.csv,,,other,False,user,18576,,,,,,
黔东南州雷山县郎德镇南猛村中寨滑坡.csv,,,other,False,user,966,,,,,,
黔东南州丹寨县龙泉镇得禄村七组长塘滑坡.csv,,,other,False,user,14594,,,,,,
安顺市普定县马场镇田坝村对门寨组滑坡.csv,,,other,False,user,18624,,,,,,
铜仁市思南县思唐街道中和社区大岩关组大岩关滑坡.csv,,,other,False,user,18520,,,,,,
遵义市赤水市官渡镇仙鹤村后坝组黄角榜（待核销）滑坡.csv,,,other,False,user,4696,,,,,,
铜仁市沿河县塘坝镇花桥村黄沙台组滑坡.csv,,,other,False,user,18577,,,,,,
铜仁市松桃县甘龙镇坝木村熊家组滑坡.csv,,,other,False,user,966,,,,,,
遵义市务川县浞水镇沧浪村五一组马桑片滑坡.csv,,,other,False,user,16381,,,,,,
黔东南州剑河县柳川镇八一村十组集镇桥头滑坡.csv,,,other,False,user,14593,,,,,,
六盘水市盘州市红果街道挪湾村中梁子组中梁子滑坡.csv,,,other,False,user,966,,,,,,
铜仁市德江县潮砥镇联盟村上寨组笔架溪滑坡.csv,,,other,False,user,1210,,,,,,
遵义市仁怀市茅台镇沿河村老河沟组滑坡.csv,,,other,False,user,18576,,,,,,
铜仁市石阡县国荣乡代山村三组王家山滑坡.csv,,,other,False,user,966,,,,,,
黔南州独山县麻万镇甲摆村对门河组滑坡.csv,,,other,False,user,1408,,,,,,
贵阳市息烽县西山镇胜利村下寨组滑坡.csv,,,other,False,user,966,,,,,,
黔东南州从江县斗里镇湾里村8组滑坡.csv,,,other,False,user,14595,,,,,,
贵阳市开阳县禾丰乡长江村核桃坪组滑坡.csv,,,other,False,user,17732,,,,,,
安顺市紫云县四大寨乡牛场村冷水组(已核销)滑坡.csv,,,other,True,user,19276,,,,,,
毕节市七星关区清水铺镇红岩村清风-3滑坡.csv,,,other,False,user,18576,,,,,,
毕节市纳雍县董地乡青山村猴子冲组猴子冲滑坡.csv,,,other,True,user,18575,,,,,,
黔东南州台江县方召镇汪一村3、4组滑坡.csv,,,other,False,user,1401,,,,,,
黔东南州从江县秀塘乡塘洞村4组滑坡.csv,,,other,True,user,14593,,,,,,
黔东南州锦屏县启蒙镇地茶村高贤组后龙坡滑坡.csv,,,other,False,user,14595,,,,,,
六盘水市水城区玉舍镇玉舍居委会村营松组付家沟滑坡.csv,,,other,False,user,20322,,,,,,
黔东南州凯里市大风洞镇重摆村大坳组滑坡.csv,,,other,False,user,1403,,,,,,
黔西南州兴义市鲁布格镇中寨村黄梨树组黄梨树滑坡.csv,,,other,False,user,966,,,,,,
毕节市金沙县太平乡抬石村黄泥坡组滑坡.csv,,,other,False,user,18577,,,,,,
毕节市黔西市金兰镇龙山村大冲组滑坡.csv,,,other,False,user,1406,,,,,,
贵阳市息烽县鹿窝镇胡广村胡广组滑坡.csv,,,other,False,user,966,,,,,,
黔东南州三穗县雪洞镇平关村洞脚组滑坡.csv,,,other,False,user,18576,,,,,,
毕节市七星关区清水铺镇民族村大山背后滑坡.csv,,,other,False,user,966,,,,,,
遵义市习水县回龙镇九龙村笋坪组笋坪滑坡.csv,,,other,False,user,1347,,,,,,
贵阳市开阳县冯三镇毛坪村周家坡组1号滑坡.csv,,,other,False,user,18576,,,,,,
铜仁市思南县瓮溪镇桅杆村群星组群星滑坡.csv,,,other,False,user,18576,,,,,,
毕节市七星关区亮岩镇飞轮村二等坪组滑坡.csv,,,other,False,user,16507,,,,,,
黔西南州册亨县双江镇坝纳村平昂组滑坡.csv,,,other,False,user,18640,,,,,,
黔西南州册亨县坡妹镇者王村田坝组滑坡.csv,,,other,False,user,1376,,,,,,
遵义市道真县三桥镇夏家沟村青杠林组青杠林1滑坡.csv,,,other,False,user,1548,,,,,,
贵阳市开阳县双流镇三合村田坝组滑坡.csv,,,other,False,user,966,,,,,,
黔南州都匀市匀东镇河东村二组白岩山滑坡.csv,,,other,False,user,18620,,,,,,
黔南州罗甸县罗悃镇沿河村打饶组滑坡.csv,,,other,False,user,1407,,,,,,
毕节市纳雍县水东镇沙坝村花初组花初滑坡.csv,,,other,False,user,18541,,,,,,
黔东南州榕江县平江镇归利村5组中坝滑坡.csv,,,other,False,user,1400,,,,,,
铜仁市德江县平原镇南坪村长岭组长岭滑坡.csv,,,other,False,user,18576,,,,,,
铜仁市松桃县平头镇莲塘村老屋组滑坡.csv,,,other,False,user,1211,,,,,,
黔东南州丹寨县排调镇羊告村三组杨光才（待撤销与DZ33合并）滑坡.csv,,,other,False,user,14595,,,,,,
铜仁市沿河县和平街道大溪村桐兴组桐梓园滑坡.csv,,,other,False,user,966,,,,,,
黔西南州兴义市白碗窑镇甲马石村甲马石组滑坡.csv,,,other,False,user,966,,,,,,
遵义市汇川区山盆镇剑坝村九组（1515风险斜坡）滑坡.csv,,,other,True,user,4807,,,,,,
遵义市绥阳县小关乡银花村大沟组滑坡.csv,,,other,True,user,18640,,,,,,
六盘水市水城区米箩镇米箩村田坝组滑坡.csv,,,other,False,user,20788,,,,,,
毕节市纳雍县沙包镇黄泥田村小坝田组小坝田组滑坡.csv,,,other,False,user,1234,,,,,,
铜仁市沿河县洪渡镇洪渡村白杨湾组汪家沟滑坡.csv,,,other,False,user,18577,,,,,,
毕节市纳雍县宣慰街道糯克村化以组化以滑坡.csv,,,other,False,user,1234,,,,,,
毕节市威宁县金钟镇树林村水井沟组滑坡.csv,,,other,False,user,1407,,,,,,
铜仁市石阡县龙塘镇官庄村岩脚组伍家后头滑坡.csv,,,other,False,user,18577,,,,,,
黔西南州贞丰县小屯镇水银洞村石块田组石块田滑坡.csv,,,other,False,user,18576,,,,,,
黔东南州黄平县野洞河镇龙井村大寨组滑坡.csv,,,other,False,user,966,,,,,,
遵义市习水县坭坝乡南天门村四组枫香坡滑坡.csv,,,other,False,user,18576,,,,,,
六盘水市盘州市鸡场坪镇黄泥包村5组余家湾滑坡.csv,,,other,False,user,20718,,,,,,
贵阳市修文县龙场街道朝阳村五星三组滑坡.csv,,,other,False,user,18576,,,,,,
黔南州长顺县广顺镇大坝村思琅组滑坡.csv,,,other,False,user,18487,,,,,,
贵阳市修文县六屯镇桃源村新生组滑坡.csv,,,other,False,user,18639,,,,,,
铜仁市思南县三道水土家族苗族乡高坡村桐子湾组桐子湾滑坡.csv,,,other,False,user,1071,,,,,,
黔东南州台江县方召镇脚南村1、3 组滑坡.csv,,,other,False,user,1401,,,,,,
毕节市赫章县松林坡乡官寨村则雄组滑坡.csv,,,other,False,user,966,,,,,,
遵义市凤冈县龙泉街道办明阳社区迎村三队组滑坡.csv,,,other,False,user,1548,,,,,,
铜仁市思南县思林乡大格坨村付家寨组付家寨滑坡.csv,,,other,False,user,966,,,,,,
六盘水市盘州市柏果镇老屋基老屋基居委会4、5组滑坡.csv,,,other,False,user,1374,,,,,,
毕节市纳雍县羊场乡鸠介村猓栽组猓栽滑坡.csv,,,other,False,user,966,,,,,,
遵义市道真县忠信镇新华村楼房、瓦房、瓦厂组滑坡.csv,,,other,False,user,9288,,,,,,
铜仁市德江县平原镇上竹村四合头组小湾滑坡.csv,,,other,False,user,1339,,,,,,
黔南州长顺县长寨街道长坡村油家湾组滑坡.csv,,,other,False,user,1210,,,,,,
黔西南州贞丰县连环乡关山村长坝组滑坡.csv,,,other,False,user,18576,,,,,,
遵义市赤水市官渡镇渔湾村金台上组金竹坝（待核销）滑坡.csv,,,other,False,user,16422,,,,,,
黔东南州雷山县达地水族乡排老村大山组滑坡.csv,,,other,False,user,966,,,,,,
毕节市七星关区生机镇镇江社区岩脚组李家坡滑坡.csv,,,other,False,user,16095,,,,,,
黔西南州晴隆县茶马镇大田村洪水田组滑坡.csv,,,other,False,user,18638,,,,,,
六盘水市水城区阿戛镇温泉村小寨组余家寨滑坡.csv,,,other,False,user,18576,,,,,,
遵义市习水县仙源镇羊久村青冈嘴组青冈嘴1滑坡.csv,,,other,False,user,1210,,,,,,
黔西南州兴仁市城南街道鹧鸪园村鲁兆组滑坡.csv,,,other,False,user,18576,,,,,,
黔西南州兴义市雄武乡中心村大路边组大路边滑坡.csv,,,other,False,user,18576,,,,,,
黔东南州凯里市湾溪街道坪茶村河口组滑坡.csv,,,other,False,user,1400,,,,,,
铜仁市石阡县枫香乡新屯村对香组滑坡.csv,,,other,False,user,1212,,,,,,
铜仁市松桃县甘龙镇浑泉村大院坝组滑坡.csv,,,other,False,user,1212,,,,,,
贵阳市云岩区黔灵镇三桥村北站滑坡.csv,,,other,False,user,1234,,,,,,
黔东南州剑河县南哨镇巫沙村4组滑坡.csv,,,other,False,user,14595,,,,,,
黔东南州三穗县台烈镇石坪村干排进滑坡.csv,,,other,False,user,14593,,,,,,
铜仁市石阡县白沙镇大岩村八组袁家湾滑坡.csv,,,other,False,user,18577,,,,,,
毕节市织金县珠藏镇链子村大兴田组滑坡.csv,,,other,False,user,1445,,,,,,
遵义市汇川区山盆镇剑坝村九组大塘口滑坡群滑坡.csv,,,other,True,user,4807,,,,,,
黔东南州从江县东朗镇苗谷村6组滑坡.csv,,,other,False,user,1217,,,,,,
黔东南州凯里市龙场镇黄腊村黄蜡组滑坡.csv,,,other,False,user,1400,,,,,,
黔东南州雷山县大塘镇山湾村大寨组滑坡.csv,,,other,False,user,2404,,,,,,
铜仁市沿河县中界镇大丰村谭家坨组滑坡.csv,,,other,False,user,565,,,,,,
六盘水市盘州市鸡场坪镇朝阳居委会11组落嘎（待核销）滑坡.csv,,,other,False,user,1369,,,,,,
遵义市桐梓县水坝塘镇二坪村二坪组二郎坪滑坡.csv,,,other,False,user,16507,,,,,,
铜仁市万山区下溪乡官田村桥冲组坡脚滑坡.csv,,,other,False,user,966,,,,,,
黔东南州凯里市鸭塘街道四联村石头组滑坡.csv,,,other,False,user,1376,,,,,,
黔东南州黎平县尚重镇尚重村三组滑坡.csv,,,other,False,user,966,,,,,,
铜仁市石阡县泉都街道雷屯村马脚冲组滑坡.csv,,,other,False,user,18577,,,,,,
黔南州瓮安县珠藏镇羊关村长坡组长坡滑坡.csv,,,other,False,user,18640,,,,,,
黔西南州册亨县巧马镇孔屯村者耐组滑坡.csv,,,other,False,user,966,,,,,,
遵义市绥阳县宽阔镇柏杨村民光组滑坡.csv,,,other,False,user,16098,,,,,,
铜仁市石阡县国荣乡代山村四组油榨湾滑坡.csv,,,other,False,user,966,,,,,,
黔东南州施秉县牛大场镇山口村下新屯组1号滑坡.csv,,,other,False,user,20836,,,,,,
毕节市威宁县金钟镇水营村坪子组大树坪子滑坡.csv,,,other,False,user,18575,,,,,,
六盘水市盘州市英武镇上午取村11组台子田滑坡.csv,,,other,False,user,10371,,,,,,
黔东南州丹寨县兴仁镇翻仰村四组干果寨（调整为风险斜坡待撤销）滑坡.csv,,,other,False,user,14593,,,,,,
毕节市赫章县结构乡青江村安家寨组安家寨滑坡.csv,,,other,False,user,18578,,,,,,
遵义市习水县桃林镇丰河村银台组银台滑坡.csv,,,other,False,user,1548,,,,,,
黔东南州锦屏县茅坪镇新建村五组陶通银屋后滑坡.csv,,,other,False,user,1232,,,,,,
安顺市平坝区高峰镇老胖村老胖组滑坡.csv,,,other,False,user,18639,,,,,,
黔西南州晴隆县安谷乡五星村尾竹组尾竹滑坡.csv,,,other,False,user,1554,,,,,,
黔西南州晴隆县鸡场镇徐家湾村小丫黑组滑坡.csv,,,other,False,user,18640,,,,,,
毕节市七星关区青场镇大山村老包组小皮坡滑坡.csv,,,other,False,user,966,,,,,,
黔西南州普安县南湖街道南湖村水田冲组滑坡.csv,,,other,False,user,966,,,,,,
遵义市习水县土城镇齐心村一组沙田滑坡.csv,,,other,False,user,16381,,,,,,
毕节市七星关区燕子口镇雄狮村上马组房背后滑坡.csv,,,other,False,user,1234,,,,,,
贵阳市修文县小箐镇凤凰村上半沟组废物处理处置中心滑坡.csv,,,other,False,user,8209,,,,,,
遵义市绥阳县宽阔镇九龙村岩门垭口组滑坡.csv,,,other,False,user,18520,,,,,,
黔西南州册亨县巧马镇纳贤村下纳桑组滑坡.csv,,,other,False,user,1373,,,,,,
铜仁市德江县煎茶镇小溪村苏家阁组白杨坡滑坡.csv,,,other,False,user,966,,,,,,
六盘水市盘州市石桥镇黄草坝村7-8组三分田滑坡.csv,,,other,False,user,1343,,,,,,
毕节市威宁县黑石头镇四营村铜厂组铜厂滑坡.csv,,,other,False,user,966,,,,,,
黔东南州麻江县贤昌镇甲耳村大塘组滑坡.csv,,,other,True,user,1418,,,,,,
黔南州平塘县者密镇六硐村料其组滑坡.csv,,,other,False,user,9320,,,,,,
黔西南州望谟县平洞街道平洞村平洞组滑坡.csv,,,other,False,user,18576,,,,,,
六盘水市水城区玉舍镇玉舍居委会中寨组滑坡.csv,,,other,False,user,1367,,,,,,
遵义市道真县大磏镇福星村福星组赵家湾滑坡.csv,,,other,False,user,1401,,,,,,
遵义市习水县桑木镇森林村老房子滑坡.csv,,,other,False,user,1344,,,,,,
遵义市务川县涪洋镇当阳社区岩溪组滑坡.csv,,,other,False,user,9962,,,,,,
黔东南州镇远县舞阳镇岔河村桃树坪组滑坡.csv,,,other,False,user,14593,,,,,,
铜仁市思南县思唐街道杨家村杨家组杨家滑坡.csv,,,other,False,user,966,,,,,,
黔南州罗甸县茂井镇高田村弄本七组滑坡.csv,,,other,False,user,18551,,,,,,
六盘水市盘州市亦资街道石家庄村10组小屯头滑坡.csv,,,other,False,user,1362,,,,,,
毕节市织金县珠藏镇中部村独山脚组小冲头滑坡.csv,,,other,False,user,1234,,,,,,
黔南州荔波县黎明关乡拉内村敦伦组浪那滑坡.csv,,,other,False,user,966,,,,,,
六盘水市钟山区德坞街道马落箐村三组转山包包滑坡.csv,,,other,False,user,10399,,,,,,
铜仁市松桃县乌罗镇团龙村半坡组滑坡.csv,,,other,False,user,18577,,,,,,
铜仁市思南县思林土家族苗族乡联丰村罗家坪组罗家坪滑坡.csv,,,other,False,user,565,,,,,,
六盘水市水城区野钟乡野钟村厂上组滑坡.csv,,,other,False,user,20740,,,,,,
黔南州都匀市沙包堡街道黄丰村旺竹组井边寨滑坡.csv,,,other,True,user,1548,,,,,,
贵阳市开阳县南江乡龙广村杨家湾组杨家湾滑坡.csv,,,other,False,user,18640,,,,,,
黔西南州晴隆县花贡镇新寨村新一组新一滑坡.csv,,,other,False,user,18640,,,,,,
六盘水市钟山区金盆乡天生桥村三组路坎脚滑坡.csv,,,other,False,user,16380,,,,,,
遵义市仁怀市茅台镇二合柏杨村青冈林组青冈林（已核销）滑坡.csv,,,other,False,user,16098,,,,,,
黔南州贵定县金南街道荷花村小寨组小寨滑坡.csv,,,other,False,user,1409,,,,,,
铜仁市江口县桃映镇小屯村大水溪组新屋场滑坡.csv,,,other,True,user,1548,,,,,,
毕节市纳雍县曙光镇河沟村河沟组河沟组滑坡.csv,,,other,False,user,966,,,,,,
六盘水市盘州市新民镇俄项井村4组大坝上滑坡.csv,,,other,False,user,1369,,,,,,
黔东南州岑巩县思旸镇岑峰村和尚岩滑坡.csv,,,other,False,user,14593,,,,,,
六盘水市六枝特区中寨苗族彝族布依族乡移山村七组滑坡.csv,,,other,False,user,1401,,,,,,
毕节市黔西市观音洞镇观音洞村猫洞组猫洞滑坡.csv,,,other,False,user,18576,,,,,,
铜仁市松桃县甘龙镇田坝村田坝组滑坡.csv,,,other,False,user,966,,,,,,
毕节市七星关区清水铺镇小垭村大元组滑坡.csv,,,other,False,user,966,,,,,,
黔西南州册亨县弼佑镇落江村三组滑坡.csv,,,other,False,user,1376,,,,,,
黔西南州兴仁市下山镇苦森箐村坝上组滑坡.csv,,,other,False,user,966,,,,,,
铜仁市德江县复兴镇山峰村洞青树组滑坡.csv,,,other,False,user,1234,,,,,,
黔东南州岑巩县客楼镇鞍山村瓦窑桥组K112+700m滑坡.csv,,,other,False,user,966,,,,,,
黔东南州从江县东朗镇苗谷村2组潘长发家后侧滑坡.csv,,,other,False,user,1217,,,,,,
六盘水市钟山区保华镇阿勒河居委会加河八组滑坡.csv,,,other,False,user,10070,,,,,,
毕节市七星关区文阁乡海坝村猴子岩组滑坡.csv,,,other,True,user,18575,,,,,,
毕节市赫章县财神镇摩芋沟村摩芋沟组滑坡.csv,,,other,False,user,18576,,,,,,
遵义市桐梓县羊磴镇羊岩村中台组、下台组棕树岗滑坡.csv,,,other,False,user,1339,,,,,,
黔西南州晴隆县茶马镇达土村捧当组滑坡.csv,,,other,False,user,18640,,,,,,
毕节市纳雍县厍东关乡李子村周家寨组周家寨滑坡.csv,,,other,False,user,17479,,,,,,
黔东南州雷山县望丰乡乌这村2、3组滑坡.csv,,,other,False,user,1400,,,,,,
遵义市赤水市官渡镇玉皇村龙安坝组滑坡.csv,,,other,False,user,17180,,,,,,
毕节市威宁县新发乡先丰村先丰组先丰营滑坡.csv,,,other,False,user,18575,,,,,,
毕节市七星关区放珠镇曹家村四组滑坡.csv,,,other,False,user,16096,,,,,,
毕节市七星关区海子街镇擦枪岩村张家湾组邱家院子滑坡.csv,,,other,False,user,18576,,,,,,
铜仁市德江县平原镇河石村岩门组井溪沟滑坡.csv,,,other,False,user,1212,,,,,,
遵义市道真县三江镇群心村梁家山组梁家山滑坡.csv,,,other,False,user,966,,,,,,
铜仁市思南县思林土家族苗族乡田坝村寨上组寨上滑坡.csv,,,other,False,user,18487,,,,,,
铜仁市万山区下溪乡铁门村鹏程矿业滑坡.csv,,,other,True,user,1212,,,,,,
黔东南州天柱县竹林镇花里村四组李宏生户滑坡.csv,,,other,False,user,966,,,,,,
黔西南州普安县九峰街道云庄村深沟组滑坡.csv,,,other,False,user,1358,,,,,,
黔南州独山县影山镇桑麻村弄甲组滑坡.csv,,,other,False,user,1408,,,,,,
黔东南州天柱县坌处镇大冲村五组金寨山滑坡.csv,,,other,False,user,966,,,,,,
遵义市桐梓县狮溪镇狮溪村中心组兰家坝.滑坡.csv,,,other,False,user,18576,,,,,,
六盘水市水城区花戛乡吴王村鸡场街上组滑坡.csv,,,other,False,user,966,,,,,,
黔东南州从江县停洞镇摆横村3、4组滑坡.csv,,,other,False,user,14595,,,,,,
毕节市威宁县新发乡纸厂村半坡组杨家坪子滑坡.csv,,,other,False,user,966,,,,,,
黔东南州凯里市龙场镇箐口村大土组滑坡.csv,,,other,False,user,966,,,,,,
黔西南州晴隆县鸡场镇杨家坪村果园组上果园滑坡.csv,,,other,False,user,966,,,,,,
铜仁市松桃县迓驾镇马安村洛布组滑坡.csv,,,other,False,user,18576,,,,,,
黔东南州丹寨县兴仁镇卓佐村四、五组大寨滑坡.csv,,,other,False,user,14595,,,,,,
遵义市道真县忠信镇新民村白园子组白园子滑坡.csv,,,other,False,user,16418,,,,,,
遵义市习水县官店镇民建村先跃组上马石滑坡.csv,,,other,False,user,1351,,,,,,
毕节市赫章县罗州镇龙滩村河坝组滑坡.csv,,,other,False,user,18576,,,,,,
毕节市威宁县东风镇文明村七组落窝坪子滑坡.csv,,,other,False,user,966,,,,,,
黔南州都匀市归兰乡合心村新寨坡组新寨坡滑坡.csv,,,other,False,user,1336,,,,,,
铜仁市石阡县中坝街道太坪村姜家山组滑坡.csv,,,other,True,user,1212,,,,,,
遵义市习水县官店镇里师村后坝组老虎杠滑坡.csv,,,other,False,user,16418,,,,,,
黔东南州镇远县蕉溪镇鱼塘村雷家坡组滑坡.csv,,,other,False,user,1462,,,,,,
黔西南州册亨县双江镇坝布村坝敖组滑坡.csv,,,other,False,user,966,,,,,,
遵义市道真县隆兴镇三龙村王尔山组王尔山滑坡.csv,,,other,False,user,16418,,,,,,
六盘水市水城区都格镇新盘村新坪组滑坡.csv,,,other,False,user,966,,,,,,
遵义市汇川区毛石镇白花村岩窝坝组滑坡.csv,,,other,False,user,954,,,,,,
遵义市习水县回龙镇向阳村大杠组大杠滑坡.csv,,,other,False,user,18576,,,,,,
遵义市习水县桃林镇天隆村高坪组广场滑坡.csv,,,other,False,user,1343,,,,,,
遵义市赤水市丙安镇三佛村朝门口组朝门口（待核销）滑坡.csv,,,other,False,user,1548,,,,,,
黔西南州晴隆县长流乡双龙村民族、包包组民族、包包滑坡.csv,,,other,False,user,18640,,,,,,
黔东南州黄平县重安镇清水江村4组何家寨滑坡.csv,,,other,False,user,966,,,,,,
遵义市余庆县大乌江镇乌江社区水游组、后刚岭组水游滑坡.csv,,,other,False,user,1111,,,,,,
遵义市汇川区山盆镇打鼓村况家山组（0835风险斜坡）滑坡.csv,,,other,True,user,2404,,,,,,
黔西南州兴仁市新龙场镇大洼村瘦田组滑坡.csv,,,other,False,user,1355,,,,,,
贵阳市开阳县禾丰乡王车村石头坡组滑坡.csv,,,other,False,user,18639,,,,,,
遵义市凤冈县龙泉街道办明阳社区梭板坡组滑坡.csv,,,other,False,user,1548,,,,,,
遵义市道真县三桥镇夏家沟村打鼓坪组、刘家田组打鼓坪滑坡.csv,,,other,False,user,1548,,,,,,
黔西南州晴隆县莲城街道文丰社区四组大坪地滑坡.csv,,,other,False,user,1198,,,,,,
毕节市威宁县金钟镇独乍村营田组田家湾子滑坡.csv,,,other,False,user,1416,,,,,,
毕节市金沙县清池镇大坝村青木树组青木滑坡.csv,,,other,False,user,16096,,,,,,
铜仁市沿河县沙子街道龙头村双树坪组滑坡.csv,,,other,False,user,1212,,,,,,
铜仁市沿河县黄土镇青龙村石坝组水井湾滑坡.csv,,,other,False,user,18577,,,,,,
六盘水市盘州市保田镇茅草坪村1组黄沙坡滑坡.csv,,,other,False,user,1358,,,,,,
黔东南州从江县秀塘乡秀塘村1组秀塘乡政府对面滑坡.csv,,,other,True,user,14593,,,,,,
黔东南州黄平县野洞河镇茶山村茅草坡组滑坡.csv,,,other,False,user,966,,,,,,
铜仁市碧江区坝黄镇太平村洞冲组滑坡.csv,,,other,True,user,1210,,,,,,
黔南州惠水县濛江街道山后村八九组米丹滑坡.csv,,,other,False,user,966,,,,,,
六盘水市盘州市竹海镇卡舍村9组小白岩滑坡.csv,,,other,False,user,20714,,,,,,
遵义市务川县涪洋镇小坪村田坝组滑坡.csv,,,other,False,user,9288,,,,,,
铜仁市沿河县土地坳镇干洞沟村大土组滑坡.csv,,,other,False,user,9288,,,,,,
黔南州都匀市毛尖镇江边村摆忙中组摆忙中滑坡.csv,,,other,False,user,1413,,,,,,
黔西南州册亨县高洛街道高寨村二三四组滑坡.csv,,,other,False,user,17467,,,,,,
铜仁市沿河县谯家镇大湾村大湾组滑坡.csv,,,other,False,user,18577,,,,,,
遵义市道真县上坝乡双河村杨柳台组杨柳台滑坡.csv,,,other,False,user,16418,,,,,,
遵义市凤冈县琊川镇余粮村联合组山背后滑坡.csv,,,other,False,user,18576,,,,,,
黔东南州黄平县重安镇清水江村沈家冲组滑坡.csv,,,other,False,user,966,,,,,,
毕节市七星关区普宜镇双河村岩口组滑坡.csv,,,other,False,user,18640,,,,,,
铜仁市松桃县蓼皋街道下民村七组大堰沟滑坡.csv,,,other,False,user,20716,,,,,,
黔西南州册亨县巧马镇纳贤村纳贤组滑坡.csv,,,other,False,user,18640,,,,,,
六盘水市钟山区汪家寨镇左家营村七组滑坡.csv,,,other,False,user,20836,,,,,,
毕节市纳雍县左鸠戛乡瓦房村塘边组塘边组滑坡.csv,,,other,False,user,1234,,,,,,
遵义市汇川区山盆镇落炉村田坝组滑坡.csv,,,other,False,user,16417,,,,,,
黔东南州丹寨县雅灰乡上丛村二组滑坡.csv,,,other,False,user,966,,,,,,
黔西南州晴隆县长流乡兰田村洪湖组滑坡.csv,,,other,False,user,966,,,,,,
黔西南州普安县南湖街道大湾村野猫箐组滑坡.csv,,,other,False,user,1368,,,,,,
黔西南州晴隆县沙子镇沙子村三组营盘山滑坡.csv,,,other,False,user,1355,,,,,,
贵阳市清镇市麦格乡谷当稗村平滩组滑坡.csv,,,other,False,user,14593,,,,,,
黔西南州册亨县弼佑镇秧项村三组滑坡.csv,,,other,False,user,1376,,,,,,
毕节市威宁县金钟镇院箐村院子组老后院滑坡.csv,,,other,False,user,1234,,,,,,
遵义市习水县官店镇先锋村白杨组白杨关滑坡.csv,,,other,False,user,1351,,,,,,
铜仁市松桃县甘龙镇官坟村沙堡组滑坡.csv,,,other,False,user,966,,,,,,
黔南州三都县大河镇尧吕村一组岩脚滑坡.csv,,,other,False,user,18640,,,,,,
黔南州福泉市金山街道城郊村桥边组桥边滑坡.csv,,,other,False,user,966,,,,,,
毕节市大方县对江镇白龙村三组滑坡.csv,,,other,False,user,14593,,,,,,
毕节市纳雍县乐治镇大营村麻窝田组麻窝田滑坡.csv,,,other,False,user,1428,,,,,,
贵阳市修文县六桶镇关寨村一组滑坡.csv,,,other,False,user,1234,,,,,,
铜仁市印江县缠溪镇楠木坪村楠木坪组滑坡.csv,,,other,False,user,966,,,,,,
黔西南州兴义市洛万乡平寨村安马组滑坡.csv,,,other,False,user,18576,,,,,,
黔西南州兴义市鲁布格镇中寨村云贡山组云贡山滑坡.csv,,,other,False,user,18576,,,,,,
毕节市黔西市观音洞镇柏林村七组滑坡.csv,,,other,False,user,16098,,,,,,
毕节市七星关区田坝镇茨朗村一组刘家河沟滑坡.csv,,,other,True,user,18576,,,,,,
遵义市绥阳县太白镇富裕村堡上组廖家滑坡.csv,,,other,False,user,1337,,,,,,
铜仁市印江县缠溪镇柳塘村梨树堡组梨树堡滑坡.csv,,,other,False,user,966,,,,,,
遵义市习水县同民镇长虹居村一组黄家嘴滑坡.csv,,,other,False,user,16111,,,,,,
铜仁市思南县大坝场镇杨家寨村陈家湾组粘岩滑坡.csv,,,other,False,user,966,,,,,,
铜仁市石阡县本庄镇 村龙屯路组瓦窑滑坡.csv,,,other,True,user,1212,,,,,,
铜仁市印江县板溪镇联合村余家组滑坡.csv,,,other,False,user,18576,,,,,,
黔南州罗甸县沫阳镇访里村四组林勤四组滑坡.csv,,,other,False,user,18640,,,,,,
黔西南州兴仁市下山镇苦森箐村苦森箐组滑坡.csv,,,other,False,user,966,,,,,,
毕节市纳雍县水东镇水东社区上摆河组滑坡.csv,,,other,False,user,18684,,,,,,
遵义市凤冈县凤岭街道办宏丰社区汪家沟组滑坡.csv,,,other,False,user,1548,,,,,,
毕节市纳雍县玉龙坝镇化磋窝村朱家大寨组大寨滑坡.csv,,,other,False,user,16098,,,,,,
遵义市凤冈县天桥镇天桥村磨刀溪组磨刀溪滑坡.csv,,,other,False,user,18576,,,,,,
遵义市赤水市官渡镇玉皇村金坪组大田头（待核销）滑坡.csv,,,other,False,user,14442,,,,,,
六盘水市六枝特区新窑镇联合村大坪地组大坪地滑坡.csv,,,other,False,user,1096,,,,,,
黔西南州安龙县笃山镇纳黑村纳赖组纳关滑坡.csv,,,other,False,user,966,,,,,,
黔西南州晴隆县中营镇龙向村上杨家组上杨家滑坡.csv,,,other,False,user,18639,,,,,,
遵义市播州区影山湖街道火车站社区养马田组养马田滑坡.csv,,,other,False,user,18576,,,,,,
黔西南州晴隆县碧痕镇东风村大树嘎组大树嘎滑坡.csv,,,other,False,user,18640,,,,,,
黔东南州丹寨县兴仁镇乌地村四组黑山沟滑坡.csv,,,other,False,user,966,,,,,,
六盘水市水城区都格镇都格村长树林组滑坡.csv,,,other,False,user,20790,,,,,,
毕节市赫章县罗州镇红岩村新坝组叶家院滑坡.csv,,,other,False,user,18576,,,,,,
铜仁市沿河县洪渡镇双泉村欧阳坨组滑坡.csv,,,other,False,user,18577,,,,,,
黔东南州雷山县大塘镇也耶村乌龙新寨组滑坡.csv,,,other,False,user,1410,,,,,,
遵义市赤水市旺隆镇永兴村二组马道子滑坡.csv,,,other,False,user,1339,,,,,,
黔南州罗甸县沫阳镇拉良村一、二组滑坡.csv,,,other,True,user,1362,,,,,,
黔东南州岑巩县平庄镇师兆村下寨组下寨滑坡.csv,,,other,False,user,1403,,,,,,
黔南州独山县麻万镇甲摆村麻群组滑坡.csv,,,other,False,user,1408,,,,,,
铜仁市德江县潮砥镇安坝村南坳田组滑坡.csv,,,other,False,user,18576,,,,,,
黔西南州册亨县弼佑镇巧相村三组滑坡.csv,,,other,False,user,1347,,,,,,
黔南州长顺县广顺镇立木村上董务组滑坡.csv,,,other,False,user,966,,,,,,
黔南州三都县都江镇连兴村火烧寨组火烧寨滑坡.csv,,,other,False,user,1406,,,,,,
黔南州平塘县金盆街道新寨村巴毛冲组青山林滑坡.csv,,,other,False,user,966,,,,,,
铜仁市思南县鹦鹉溪镇老林村瓦房组瓦房滑坡.csv,,,other,False,user,966,,,,,,
遵义市道真县平模镇平模村谢石台组滑坡.csv,,,other,True,user,16406,,,,,,
黔东南州雷山县大塘镇岩寨村上岩寨组滑坡.csv,,,other,True,user,1401,,,,,,
黔西南州晴隆县鸡场镇徐家湾村绕田组滑坡.csv,,,other,False,user,18640,,,,,,
黔南州三都县都江镇孔荣村石板组猴子河滑坡.csv,,,other,False,user,1406,,,,,,
铜仁市松桃县乌罗镇新民村下格枕组滑坡.csv,,,other,False,user,1205,,,,,,
铜仁市思南县关中坝街道苏家沟村汤家山组汤家山滑坡.csv,,,other,False,user,1210,,,,,,
铜仁市沿河县塘坝镇土溪村旧屋基组滑坡.csv,,,other,False,user,18577,,,,,,
铜仁市沿河县团结街道石坝村双江组黑獭双江滑坡.csv,,,other,False,user,18577,,,,,,
黔西南州普安县龙吟镇文毕村大洼田组大洼田滑坡.csv,,,other,False,user,1355,,,,,,
黔西南州兴仁市潘家庄镇鸡场坪村白马山组滑坡.csv,,,other,False,user,1549,,,,,,
黔南州福泉市凤山镇竹王城村半坡组潘家湾滑坡.csv,,,other,False,user,966,,,,,,
铜仁市德江县煎茶镇李子村大屋组大屋滑坡.csv,,,other,False,user,1549,,,,,,
毕节市纳雍县昆寨乡金珠村卜塔窝组卜塔窝滑坡.csv,,,other,False,user,966,,,,,,
铜仁市德江县合兴镇白果村细林组滑坡.csv,,,other,False,user,966,,,,,,
黔东南州黎平县地坪镇高青村大寨头组滑坡.csv,,,other,False,user,18640,,,,,,
黔东南州雷山县丹江镇乌秀村六组滑坡.csv,,,other,False,user,556,,,,,,
黔西南州兴仁市潘家庄镇潘家庄村十组待核销滑坡.csv,,,other,False,user,1549,,,,,,
黔东南州雷山县方祥乡毛坪村四组滑坡.csv,,,other,False,user,1211,,,,,,
六盘水市盘州市羊场乡小河村达拉寨组滑坡.csv,,,other,False,user,20742,,,,,,
铜仁市德江县钱家乡青龙村卜头阡组卜头阡滑坡.csv,,,other,False,user,1212,,,,,,
铜仁市思南县凉水井镇王家山村湾里、三角田组湾里、三角田滑坡.csv,,,other,False,user,1210,,,,,,
铜仁市思南县思唐街道江星村四川寨组四川寨滑坡.csv,,,other,False,user,966,,,,,,
毕节市黔西市中坪镇广兴村广山组广山滑坡.csv,,,other,False,user,16096,,,,,,
铜仁市沿河县夹石镇三孔村一、二、三组车龙岩滑坡.csv,,,other,False,user,966,,,,,,
安顺市紫云县板当镇青山村上坝组滑坡.csv,,,other,False,user,966,,,,,,
毕节市纳雍县新房乡岔河村岭岗组滑坡.csv,,,other,False,user,1234,,,,,,
铜仁市思南县香坝镇尖峰村大榜组大榜滑坡.csv,,,other,False,user,966,,,,,,
黔西南州贞丰县者相镇董箐村董箐组滑坡.csv,,,other,False,user,18576,,,,,,
黔东南州镇远县羊坪镇上寨村铁厂组滑坡.csv,,,other,False,user,966,,,,,,
遵义市习水县大坡镇小罗村双凤组黑旦滑坡.csv,,,other,False,user,16160,,,,,,
贵阳市清镇市流长乡大树寨村东西寨组滑坡.csv,,,other,False,user,17410,,,,,,
黔南州独山县百泉镇翁进村沙田组沙田滑坡.csv,,,other,False,user,1410,,,,,,
遵义市新蒲新区永乐镇工农村张家沟组小田湾滑坡.csv,,,other,False,user,1465,,,,,,
毕节市织金县金凤街道田坝村上、下后冲组及箐脚组滑坡.csv,,,other,False,user,1234,,,,,,
毕节市赫章县河镇乡龙塘村大寨组滑坡.csv,,,other,False,user,966,,,,,,
铜仁市沿河县板场镇任桂村三组玉家岭滑坡.csv,,,other,False,user,18520,,,,,,
黔东南州丹寨县排调镇羊告村五组范志亮滑坡.csv,,,other,False,user,14595,,,,,,
黔东南州锦屏县敦寨镇九南村岭上组滑坡.csv,,,other,False,user,966,,,,,,
黔南州三都县都江镇上江村二组烂田湾滑坡.csv,,,other,False,user,1548,,,,,,
遵义市道真县三桥镇凤山村上沟组滑坡.csv,,,other,False,user,8209,,,,,,
黔西南州望谟县王母街道祥乐村祥乐组石灰窑滑坡.csv,,,other,False,user,18576,,,,,,
遵义市道真县隆兴镇联兴村绿塘溪组绿塘溪滑坡.csv,,,other,False,user,16418,,,,,,
毕节市纳雍县乐治镇化启村河丫口组河丫口滑坡.csv,,,other,False,user,1234,,,,,,
遵义市汇川区高坪街道大桥村合兴组滑坡.csv,,,other,False,user,1548,,,,,,
黔东南州丹寨县排调镇也要村四组滑坡.csv,,,other,False,user,14595,,,,,,
黔南州福泉市道坪镇谷龙村构皮根组刘家坡滑坡.csv,,,other,False,user,18640,,,,,,
遵义市汇川区山盆镇打鼓村转山组（1624组风险斜坡）滑坡.csv,,,other,True,user,1343,,,,,,
遵义市道真县忠信镇新民村山鹰岩组滑坡.csv,,,other,False,user,16418,,,,,,
安顺市普定县鸡场坡镇那构村岔河组岔河组滑坡.csv,,,other,False,user,18576,,,,,,
黔南州惠水县岗度镇白水河村下祥摆组下祥摆滑坡.csv,,,other,False,user,966,,,,,,
铜仁市万山区敖寨乡洋世界村桐木组4#滑坡.csv,,,other,False,user,16095,,,,,,
黔南州罗甸县龙坪镇板庚社区坪寨村打云上组滑坡.csv,,,other,False,user,1362,,,,,,
六盘水市水城区发耳镇民主村新建组滑坡.csv,,,other,False,user,18576,,,,,,
遵义市道真县三桥镇夏家沟村四基坪组四基坪滑坡.csv,,,other,False,user,1548,,,,,,
六盘水市钟山区金盆乡羊场村四组滑坡.csv,,,other,False,user,19971,,,,,,
黔东南州台江县南宫镇石灰河村5组滑坡.csv,,,other,False,user,14593,,,,,,
黔东南州三穗县款场乡三联村下寨组滑坡.csv,,,other,False,user,14593,,,,,,
毕节市纳雍县勺窝镇香车河村坡脚组坡脚滑坡.csv,,,other,False,user,18576,,,,,,
黔西南州兴仁市新龙场镇大洼村团坡组滑坡.csv,,,other,False,user,1549,,,,,,
黔西南州兴仁市波阳镇新寨村坡上组待核销滑坡.csv,,,other,True,user,966,,,,,,
毕节市赫章县罗州镇丫口村飞来块组滑坡.csv,,,other,False,user,18576,,,,,,
毕节市金沙县太平乡太平村蚂蝗沟组李子湾滑坡.csv,,,other,False,user,966,,,,,,
遵义市道真县三桥镇凤山村垭口组垭口滑坡.csv,,,other,False,user,8209,,,,,,
六盘水市盘州市旧营乡海马珠村12组金家半坡滑坡.csv,,,other,False,user,1376,,,,,,
六盘水市六枝特区新窑镇联盟村二十组滑坡.csv,,,other,False,user,1738,,,,,,
贵阳市开阳县花梨镇清江村马鞍树组滑坡.csv,,,other,False,user,966,,,,,,
毕节市七星关区田坎乡田坎村光明组滑坡.csv,,,other,False,user,16098,,,,,,
遵义市赤水市长期镇华阳村华阳组水井湾（待核销）滑坡.csv,,,other,False,user,18576,,,,,,
黔东南州丹寨县排调镇宰宿村一组铜鼓坡（调整为风险斜坡待撤销）滑坡.csv,,,other,False,user,1400,,,,,,
黔东南州凯里市龙场镇虎庄村大坡组滑坡.csv,,,other,False,user,1400,,,,,,
黔东南州岑巩县龙田镇乐业村方田组方田组滑坡.csv,,,other,False,user,1403,,,,,,
六盘水市水城区营盘乡高峰村新村组滑坡.csv,,,other,False,user,1336,,,,,,
黔东南州丹寨县排调镇岔河村侗角教学点组滑坡.csv,,,other,True,user,14593,,,,,,
毕节市金沙县马路乡木落村韭菜坪组滑坡.csv,,,other,False,user,16096,,,,,,
铜仁市松桃县大路镇大湾村大院子组大院子滑坡.csv,,,other,False,user,1210,,,,,,
黔东南州黎平县德化乡高洋村七组滑坡.csv,,,other,False,user,966,,,,,,
黔西南州普安县盘水街道大榜村大龙井田组大龙井田滑坡.csv,,,other,False,user,966,,,,,,
黔东南州丹寨县雅灰乡送陇村一组滑坡.csv,,,other,False,user,556,,,,,,
毕节市黔西市五里乡桐山村青杠林组青杠林滑坡.csv,,,other,False,user,1342,,,,,,
遵义市习水县官店镇新庄村阳竹坝组坟林头滑坡.csv,,,other,False,user,18576,,,,,,
黔东南州榕江县八开镇都江村陡寨组滑坡.csv,,,other,False,user,966,,,,,,
贵阳市开阳县龙岗镇石板村鱼秋坡组滑坡.csv,,,other,False,user,18639,,,,,,
铜仁市玉屏县平溪街道平溪村东门组东门坡滑坡.csv,,,other,True,user,1212,,,,,,
黔东南州岑巩县思旸镇盘街村盘街组盘街滑坡.csv,,,other,False,user,1403,,,,,,
遵义市道真县玉溪镇东街村坪上组坪上滑坡.csv,,,other,False,user,18576,,,,,,
黔西南州兴仁市潘家庄镇王家寨村大寨组滑坡.csv,,,other,False,user,1549,,,,,,
毕节市赫章县平山镇双塘村麻塘组1号滑坡.csv,,,other,True,user,1212,,,,,,
铜仁市思南县思林乡赶场坝村刘家寨组刘家寨滑坡.csv,,,other,False,user,966,,,,,,
毕节市黔西市五里乡桐山村五组何家寨滑坡.csv,,,other,False,user,1420,,,,,,
黔东南州凯里市万潮镇香炉山村车尾组滑坡.csv,,,other,False,user,1401,,,,,,
毕节市七星关区田坝桥镇十二弯村长房子组滑坡.csv,,,other,False,user,18576,,,,,,
遵义市习水县同民镇胜利村四组岩上滑坡.csv,,,other,False,user,18576,,,,,,
铜仁市思南县邵家桥镇三角坝村三角坝滑坡.csv,,,other,False,user,1210,,,,,,
铜仁市沿河县黄土镇花溪村蛟溪沟组滑坡.csv,,,other,False,user,18577,,,,,,
黔西南州兴仁市回龙镇狮子村大窝凼组滑坡.csv,,,other,True,user,1210,,,,,,
黔南州都匀市墨冲镇良亩村十四组马井滑坡.csv,,,other,True,user,1363,,,,,,
毕节市赫章县威奢乡山英村堰塘组滑坡.csv,,,other,False,user,1548,,,,,,
铜仁市沿河县黄土镇汤家村下小溪组滑坡.csv,,,other,False,user,18577,,,,,,
遵义市习水县官店镇何村村胜利组茶园头1号滑坡.csv,,,other,False,user,18576,,,,,,
铜仁市松桃县普觉镇尖山村4、5、6组滑坡.csv,,,other,False,user,14512,,,,,,
黔西南州晴隆县碧痕镇新坪村落水洞组落水洞滑坡.csv,,,other,False,user,18640,,,,,,
黔西南州望谟县平洞街道平洞村纳骂组滑坡.csv,,,other,False,user,1338,,,,,,
黔西南州望谟县平洞街道坝奔村坝奔组滑坡2滑坡.csv,,,other,False,user,1376,,,,,,
遵义市汇川区山盆镇新华村坪天子组滑坡.csv,,,other,True,user,4803,,,,,,
黔西南州兴仁市鲁础营乡索土村泥窝组滑坡.csv,,,other,False,user,966,,,,,,
黔西南州册亨县者楼街道高峰村秧草组滑坡.csv,,,other,False,user,17467,,,,,,
铜仁市松桃县孟溪镇坪南村枫香坪组滑坡.csv,,,other,False,user,18576,,,,,,
毕节市织金县三甲街道绮结河村水井组滑坡.csv,,,other,False,user,1234,,,,,,
毕节市纳雍县骔岭镇祠堂边社区岩脚组滑坡.csv,,,other,False,user,1358,,,,,,
毕节市织金县八步街道土锅村茶林组滑坡.csv,,,other,False,user,966,,,,,,
遵义市仁怀市大坝镇五岔村五岔组五岔滑坡.csv,,,other,False,user,952,,,,,,
黔东南州麻江县贤昌镇高枧村一组滑坡.csv,,,other,False,user,14593,,,,,,
黔东南州从江县丙妹镇丙梅三村10组老消防队后侧滑坡.csv,,,other,False,user,960,,,,,,
贵阳市云岩区黔灵镇雅关村冲门口组滑坡.csv,,,other,False,user,18640,,,,,,
六盘水市盘州市石桥镇董家坟村1组皂角坪滑坡.csv,,,other,False,user,18640,,,,,,
黔东南州黎平县大稼乡平修村一组鸡斗坡滑坡.csv,,,other,False,user,1400,,,,,,
毕节市纳雍县阳长镇跳花坡村岭岗组岭岗滑坡.csv,,,other,False,user,1234,,,,,,
铜仁市思南县青杠坡镇沙坝场村大丰岩组大丰岩滑坡.csv,,,other,False,user,1210,,,,,,
黔西南州晴隆县中营镇老坪社区173背街凹子田组滑坡.csv,,,other,False,user,966,,,,,,
黔东南州镇远县蕉溪镇鱼塘村河坝组滑坡.csv,,,other,False,user,1462,,,,,,
黔东南州雷山县大塘镇掌雷村2组排芒滑坡.csv,,,other,False,user,966,,,,,,
黔西南州册亨县八渡镇八渡村坝旁组滑坡.csv,,,other,False,user,18640,,,,,,
遵义市习水县双龙乡杨寺岩村韦子坝组韦子坝滑坡.csv,,,other,False,user,7616,,,,,,
黔西南州晴隆县茶马镇董箐村一、二、三组台子地滑坡.csv,,,other,False,user,966,,,,,,
遵义市汇川区山盆镇太坪村十组杨柳湾组杨柳湾滑坡.csv,,,other,False,user,954,,,,,,
铜仁市思南县青杠坡镇茶园村回龙组大水井滑坡.csv,,,other,False,user,966,,,,,,
毕节市纳雍县化作乡双头岩村河尾巴组河尾巴组滑坡.csv,,,other,False,user,1212,,,,,,
铜仁市思南县瓮溪镇河坝村核桃坪组核桃坪滑坡.csv,,,other,False,user,18576,,,,,,
毕节市黔西市五里乡桐山村张家坡组张家坡滑坡.csv,,,other,False,user,1461,,,,,,
铜仁市思南县三道水土家族苗族乡永兴村大石头组大石头滑坡.csv,,,other,False,user,1210,,,,,,
贵阳市乌当区百宜镇罗广村河坎组滑坡.csv,,,other,False,user,18639,,,,,,
黔西南州晴隆县长流乡双龙村江西组江西滑坡.csv,,,other,False,user,18640,,,,,,
黔东南州雷山县大塘镇干脑村干调寨组滑坡.csv,,,other,False,user,1210,,,,,,
遵义市务川县浞水镇复兴村三星组滑坡.csv,,,other,False,user,1338,,,,,,
黔东南州麻江县贤昌镇甲耳村下翁通组滑坡.csv,,,other,False,user,1342,,,,,,
六盘水市水城区顺场乡大发村龙丰鱼塘组滑坡.csv,,,other,False,user,1212,,,,,,
铜仁市德江县长堡镇大宅头村塘坝组滑坡.csv,,,other,False,user,1210,,,,,,
黔南州惠水县好花红镇河坝村新寨组新寨滑坡.csv,,,other,False,user,966,,,,,,
遵义市习水县土城镇高坪村月星六组挨沟滑坡.csv,,,other,False,user,18576,,,,,,
六盘水市六枝特区梭戛苗族彝族回族乡沙子村五组滑坡.csv,,,other,False,user,18576,,,,,,
黔南州福泉市马场坪街道小堡村前所组长田河（待核销）滑坡.csv,,,other,False,user,18639,,,,,,
黔西南州兴义市白碗窑镇下抹挫村老屋基组滑坡.csv,,,other,False,user,18576,,,,,,
黔西南州兴仁市新龙场镇大屯村茅草坪组待核销滑坡.csv,,,other,False,user,18576,,,,,,
遵义市仁怀市合马镇联合村联合组滑坡.csv,,,other,False,user,1339,,,,,,
遵义市汇川区山盆镇山盆村大湾组（大湾滑坡）组滑坡.csv,,,other,True,user,2404,,,,,,
贵阳市开阳县金中镇金华村牛干冲组滑坡.csv,,,other,False,user,1548,,,,,,
六盘水市六枝特区月亮河彝族布依族苗族乡滥坝村丁孝塘组滑坡.csv,,,other,False,user,20860,,,,,,
黔南州荔波县佳荣镇坤地村八组洞伞上寨组滑坡.csv,,,other,False,user,1376,,,,,,
安顺市紫云县火花镇平寨村板母组滑坡.csv,,,other,True,user,13887,,,,,,
六盘水市水城区发耳镇大寨村大寨组（待核销）滑坡.csv,,,other,False,user,1369,,,,,,
黔东南州从江县庆云镇转珠村7、8组滑坡.csv,,,other,False,user,562,,,,,,
六盘水市水城区玉舍镇玉舍居委会村云盘山组滑坡.csv,,,other,False,user,18575,,,,,,
黔西南州晴隆县碧痕镇东风村老屋基二组老屋基滑坡.csv,,,other,False,user,18640,,,,,,
遵义市道真县玉溪镇淞江村花子坝组滑坡.csv,,,other,False,user,18541,,,,,,
黔南州三都县都江镇柳江村摆鸟一组（水坳）滑坡.csv,,,other,False,user,18576,,,,,,
贵阳市修文县六广镇六广村松江组滑坡.csv,,,other,True,user,1333,,,,,,
六盘水市盘州市胜境街道李子树村4组三道沟滑坡.csv,,,other,False,user,20512,,,,,,
铜仁市松桃县甘龙镇甘龙村池塘组滑坡.csv,,,other,False,user,1212,,,,,,
遵义市汇川区团泽镇大坎村凉村凉风组滑坡.csv,,,other,False,user,16508,,,,,,
黔东南州丹寨县兴仁镇翻杠村村干金寨组滑坡.csv,,,other,True,user,14432,,,,,,
毕节市赫章县六曲河镇家竹村兴安组1号滑坡.csv,,,other,False,user,1210,,,,,,
毕节市纳雍县化作乡箐上村小营组小营组滑坡.csv,,,other,False,user,16002,,,,,,
黔东南州丹寨县龙泉镇塘中村四组烂泥寨（新转）滑坡.csv,,,other,False,user,14593,,,,,,
毕节市纳雍县羊场乡凹梳村半坡组滑坡.csv,,,other,False,user,966,,,,,,
遵义市习水县官店镇里师村中心组大河扁滑坡.csv,,,other,False,user,1344,,,,,,
毕节市威宁县金斗镇金斗村大海子组大海子滑坡.csv,,,other,False,user,18576,,,,,,
毕节市大方县黄泥塘镇魁书村魁书组滑坡.csv,,,other,False,user,966,,,,,,
遵义市汇川区山盆镇太坪村八组（石场坝滑坡）滑坡.csv,,,other,False,user,18576,,,,,,
安顺市平坝区十字乡五一村半坡大树脚组滑坡.csv,,,other,False,user,18640,,,,,,
黔西南州晴隆县鸡场镇大地村水塘组滑坡.csv,,,other,False,user,1554,,,,,,
黔西南州晴隆县花贡镇百胜村普长山组普长山滑坡.csv,,,other,False,user,966,,,,,,
黔东南州榕江县忠诚镇正乐村下孖路寨组滑坡.csv,,,other,False,user,966,,,,,,
黔西南州册亨县弼佑镇巧相村二组滑坡.csv,,,other,False,user,1347,,,,,,
毕节市黔西市素朴镇古胜村五显台三组狗掉岩滑坡.csv,,,other,False,user,1420,,,,,,
毕节市赫章县七家湾街道大山社区沙坝小寨组滑坡.csv,,,other,False,user,9288,,,,,,
贵阳市开阳县南江乡毛家院村潘家院组滑坡.csv,,,other,False,user,18639,,,,,,
贵阳市息烽县鹿窝镇田坝村大园组滑坡.csv,,,other,False,user,18639,,,,,,
毕节市黔西市中坪镇顺河村青山组青山滑坡.csv,,,other,False,user,1457,,,,,,
遵义市习水县三岔河镇杉林村兴隆组下杉林滑坡.csv,,,other,False,user,16420,,,,,,
黔西南州贞丰县沙坪镇烂泥沟村白泥田组白泥田滑坡.csv,,,other,False,user,18576,,,,,,
安顺市普定县马场镇白秧村松林组1滑坡.csv,,,other,False,user,966,,,,,,
黔西南州贞丰县连环乡坡棉村平阳组滑坡.csv,,,other,True,user,1376,,,,,,
六盘水市盘州市石桥镇核桃山村6-9组大寨子滑坡.csv,,,other,False,user,18577,,,,,,
黔东南州雷山县方祥乡毛坪村三组滑坡.csv,,,other,False,user,18640,,,,,,
六盘水市盘州市鸡场坪镇白龙洞村3组青龙湾滑坡.csv,,,other,False,user,20775,,,,,,
铜仁市石阡县龙塘镇官庄村岩湾组滑坡.csv,,,other,False,user,966,,,,,,
黔西南州兴仁市屯脚镇坪寨村对门坡组滑坡.csv,,,other,False,user,966,,,,,,
黔东南州丹寨县兴仁镇乌地村六组卡郎滑坡.csv,,,other,False,user,14595,,,,,,
遵义市仁怀市茅台镇岩滩村仁溪沟组滑坡.csv,,,other,True,user,1338,,,,,,
遵义市凤冈县天桥镇平头溪村茅棚组沙土屋基滑坡.csv,,,other,False,user,18577,,,,,,
铜仁市思南县天桥乡湾里村瓦窑沟组瓦窑沟滑坡.csv,,,other,False,user,18577,,,,,,
黔西南州望谟县乐元镇坝怀村大田组大田清水江滑坡.csv,,,other,False,user,966,,,,,,
黔东南州丹寨县排调镇排夫村一组滑坡.csv,,,other,True,user,14593,,,,,,
遵义市习水县习酒镇新园村河对门组滑坡.csv,,,other,False,user,18576,,,,,,
黔南州平塘县卡蒲乡亮寨村郎基坡组同开滑坡.csv,,,other,False,user,966,,,,,,
黔东南州丹寨县雅灰乡夺鸟村四组夺鸟新场滑坡.csv,,,other,False,user,1368,,,,,,
遵义市道真县三桥镇凤山村老洼坪组老洼坪滑坡.csv,,,other,False,user,8209,,,,,,
铜仁市印江县板溪镇石塘村大田组滑坡.csv,,,other,False,user,966,,,,,,
黔东南州凯里市舟溪镇曼洞村小寨组滑坡.csv,,,other,False,user,1400,,,,,,
遵义市汇川区山盆镇雨台村河坝组吴家沟组滑坡.csv,,,other,False,user,1545,,,,,,
黔西南州望谟县乐元镇弄寒村里乐组里乐2滑坡.csv,,,other,False,user,966,,,,,,
遵义市道真县玉溪镇巴渔村上村组香树湾滑坡.csv,,,other,False,user,18576,,,,,,
黔南州长顺县摆所镇板丛村湾田组滑坡.csv,,,other,False,user,18640,,,,,,
毕节市威宁县新发乡响水村柏林组簸箕坪子滑坡.csv,,,other,False,user,16098,,,,,,
六盘水市盘州市亦资街道石家庄村11组滑坡.csv,,,other,False,user,1362,,,,,,
毕节市纳雍县厍东关乡梅花村大海子组1滑坡.csv,,,other,False,user,18576,,,,,,
遵义市道真县隆兴镇三龙村王教组王教滑坡.csv,,,other,False,user,16418,,,,,,
铜仁市松桃县世昌街道火连村小湾组滑坡.csv,,,other,False,user,1211,,,,,,
毕节市七星关区朱昌镇伍坪村下梁子组滑坡.csv,,,other,False,user,1234,,,,,,
六盘水市水城区都格镇新盘村新寨组滑坡.csv,,,other,False,user,1548,,,,,,
黔南州长顺县摆所镇营盘村下克麻冲组滑坡.csv,,,other,False,user,1554,,,,,,
黔东南州施秉县马溪乡马溪村对门坡组滑坡.csv,,,other,False,user,18624,,,,,,
铜仁市印江县新寨镇乐洋村毛坡组毛坡滑坡.csv,,,other,False,user,966,,,,,,
黔东南州丹寨县排调镇巫起村三组党坝滑坡.csv,,,other,False,user,14595,,,,,,
毕节市纳雍县锅圈岩乡民建村三组民建村滑坡.csv,,,other,True,user,18576,,,,,,
遵义市习水县永安镇小岗村小堡组小堡滑坡.csv,,,other,False,user,1343,,,,,,
遵义市仁怀市茅台镇同民村前进组王家湾段（已核销）滑坡.csv,,,other,False,user,1339,,,,,,
遵义市凤冈县进化镇大堰村狮上组大坡滑坡.csv,,,other,True,user,4786,,,,,,
黔东南州镇远县江古镇军坡村茶下组滑坡.csv,,,other,False,user,14595,,,,,,
毕节市七星关区碧海街道砂锅社区岔河组滑坡.csv,,,other,False,user,966,,,,,,
毕节市织金县黑土镇龙洞村梁子组滑坡.csv,,,other,False,user,1234,,,,,,
铜仁市松桃县平头镇莲塘村毛坪组毛坪滑坡.csv,,,other,False,user,1211,,,,,,
铜仁市石阡县大沙坝乡埃山村鲁家林组滑坡.csv,,,other,False,user,1212,,,,,,
毕节市黔西市中坪镇证明村角阳组滑坡.csv,,,other,False,user,1548,,,,,,
毕节市纳雍县水东镇沙坝村老屋基组滑坡.csv,,,other,False,user,1361,,,,,,
遵义市新蒲新区永乐镇飞云村大岩脚组滑坡.csv,,,other,False,user,16420,,,,,,
黔东南州从江县加鸠镇加翁村10组滑坡.csv,,,other,False,user,1403,,,,,,
黔西南州兴义市仓更镇下寨村(谭开点)下寨组谭开滑坡.csv,,,other,False,user,18576,,,,,,
黔西南州兴仁市潘家庄镇王家寨村王家寨一、二组滑坡.csv,,,other,False,user,1549,,,,,,
黔西南州贞丰县沙坪镇者索村坡兰组坡兰滑坡.csv,,,other,False,user,18576,,,,,,
毕节市七星关区千溪乡千郎沟村新路梁子组滑坡.csv,,,other,False,user,966,,,,,,
铜仁市思南县胡家湾苗族土家族乡皇主山村大丫口组大丫口滑坡.csv,,,other,False,user,1166,,,,,,
六盘水市钟山区凤凰街道凤凰村委会乌鸦岩网格滑坡.csv,,,other,True,user,966,,,,,,
遵义市务川县都濡街道三桥村连丰滑坡.csv,,,other,False,user,20826,,,,,,
毕节市织金县熊家场镇高粱村高粱组滑坡.csv,,,other,False,user,8212,,,,,,
黔东南州丹寨县兴仁镇乌猛村五组龙奔坡（新增）滑坡.csv,,,other,True,user,14593,,,,,,
黔东南州雷山县丹江镇陶尧村雄水组滑坡.csv,,,other,False,user,966,,,,,,
黔西南州册亨县巧马镇巧马村河坝组滑坡.csv,,,other,False,user,966,,,,,,
黔东南州凯里市龙场镇箐口村新民组滑坡.csv,,,other,False,user,966,,,,,,
六盘水市盘州市丹霞镇桃园村4组茶耳岩滑坡.csv,,,other,False,user,18577,,,,,,
黔西南州兴仁市下山镇大坝村长田组滑坡.csv,,,other,False,user,18640,,,,,,
黔南州长顺县长寨街道长坡村石洋冲组滑坡.csv,,,other,False,user,18640,,,,,,
黔东南州从江县庆云镇寨全村5组滑坡.csv,,,other,True,user,14569,,,,,,
黔南州贵定县盘江镇兴隆村张家山组黄坡滑坡.csv,,,other,False,user,18640,,,,,,
黔东南州雷山县郎德镇南猛村下寨1组滑坡.csv,,,other,False,user,966,,,,,,
安顺市关岭县断桥镇坝陵村龙朝树组龙朝树滑坡.csv,,,other,False,user,18576,,,,,,
六盘水市盘州市响水镇阳桥村十组马场安置区（待核销）滑坡.csv,,,other,False,user,18575,,,,,,
黔东南州丹寨县扬武镇宰沙村一组宰沙滑坡.csv,,,other,False,user,14592,,,,,,
黔东南州丹寨县排调镇高峰村五组大田滑坡.csv,,,other,False,user,966,,,,,,
铜仁市思南县三道水土家族苗族乡新民村长田坎组长田坎滑坡.csv,,,other,False,user,1333,,,,,,
六盘水市六枝特区月亮河彝族布依族苗族乡隆茂村七组滑坡.csv,,,other,False,user,18551,,,,,,
黔南州龙里县谷脚镇谷冰村木青组滑坡.csv,,,other,False,user,1369,,,,,,
毕节市黔西市中坪镇老街社区猫山组猫山滑坡.csv,,,other,False,user,18576,,,,,,
毕节市织金县猫场镇扩兴村沈家田坝组滑坡.csv,,,other,False,user,18576,,,,,,
黔西南州望谟县边饶镇坎边村红坎组滑坡.csv,,,other,False,user,966,,,,,,
毕节市纳雍县勺窝镇岭岗村田坝组田坝滑坡.csv,,,other,False,user,18576,,,,,,
六盘水市水城区鸡场镇坪地村坪地组青杆林组滑坡.csv,,,other,False,user,1548,,,,,,
毕节市织金县绮陌街道中营村石梯子组滑坡.csv,,,other,False,user,966,,,,,,
黔东南州剑河县柳川镇返排村五组滑坡.csv,,,other,False,user,966,,,,,,
六盘水市水城区龙场乡发堤村吴家寨组滑坡.csv,,,other,False,user,1704,,,,,,
毕节市赫章县可乐乡长坪村寨子小岩头滑坡.csv,,,other,True,user,18576,,,,,,
六盘水市盘州市乌蒙镇糯迤安村所角冲组滑坡.csv,,,other,False,user,20742,,,,,,
遵义市赤水市官渡镇桂花村现农田组板滩滑坡.csv,,,other,False,user,1401,,,,,,
六盘水市盘州市盘关镇断江村4组羊场口子(杨家口子)滑坡.csv,,,other,False,user,1728,,,,,,
黔东南州凯里市大风洞镇都辉村老田组滑坡.csv,,,other,False,user,1400,,,,,,
铜仁市思南县杨家坳乡干家山村榜上组榜上滑坡.csv,,,other,False,user,18640,,,,,,
黔南州瓮安县建中镇白沙村齐地坪组齐地坪滑坡.csv,,,other,False,user,18640,,,,,,
黔西南州晴隆县花贡镇百胜村泥箐田组泥菁田滑坡.csv,,,other,False,user,18640,,,,,,
遵义市仁怀市坛厂街道明光寺村明光寺组（已核销）滑坡.csv,,,other,False,user,955,,,,,,
六盘水市六枝特区月亮河彝族布依族苗族乡滥坝村双巴山组滑坡.csv,,,other,False,user,1736,,,,,,
黔西南州晴隆县花贡镇新寨村马家组马家滑坡.csv,,,other,False,user,1355,,,,,,
铜仁市松桃县妙隘乡新庄村太阳坡组滑坡.csv,,,other,True,user,1337,,,,,,
黔南州三都县都江镇打鱼村三组滑坡.csv,,,other,False,user,18640,,,,,,
遵义市赤水市元厚镇五柱峰村六组滑坡.csv,,,other,False,user,966,,,,,,
黔东南州榕江县仁里乡仁吉村大湾寨组滑坡.csv,,,other,False,user,966,,,,,,
黔南州龙里县洗马镇金溪村谷丈组滑坡.csv,,,other,True,user,1376,,,,,,
铜仁市印江县板溪镇青山村大元组滑坡.csv,,,other,False,user,966,,,,,,
遵义市务川县砚山镇砚山社区大茶园滑坡.csv,,,other,True,user,1548,,,,,,
六盘水市盘州市旧营乡新寨村1.2组小羊场滑坡.csv,,,other,False,user,20727,,,,,,
黔东南州镇远县金堡镇辽家坳村坝干田组滑坡.csv,,,other,False,user,18576,,,,,,
贵阳市修文县大石乡高坪村老鸦河滑坡.csv,,,other,False,user,18640,,,,,,
贵阳市修文县小箐镇小坝村全兴烂泥冲组滑坡.csv,,,other,False,user,18639,,,,,,
六盘水市水城区都格镇新盘村新发组滑坡.csv,,,other,False,user,18576,,,,,,
六盘水市水城区阿戛镇新划村关门山组滑坡.csv,,,other,False,user,18576,,,,,,
毕节市赫章县兴发乡摸嘎村三窝组滑坡.csv,,,other,True,user,18576,,,,,,
黔东南州剑河县南加镇新寨村3组岑扛滑坡.csv,,,other,False,user,966,,,,,,
六盘水市水城区发耳镇新光村芭蕉塘组滑坡.csv,,,other,False,user,1367,,,,,,
贵阳市修文县洒坪镇阳桥村盐井组滑坡.csv,,,other,False,user,18640,,,,,,
黔东南州剑河县柳川镇返排村大寨组黄金坡滑坡.csv,,,other,False,user,966,,,,,,
铜仁市玉屏县皂角坪街道野鸡坪村败贼冲组滑坡.csv,,,other,False,user,16382,,,,,,
遵义市习水县三岔河镇三岔村街上组竹林湾滑坡.csv,,,other,False,user,1344,,,,,,
遵义市正安县格林镇兴隆村柑子坪组柑子坪滑坡.csv,,,other,False,user,16418,,,,,,
铜仁市万山区鱼塘乡新龙村漆树湾组漆树湾滑坡.csv,,,other,False,user,18576,,,,,,
黔东南州麻江县杏山街道杏山村白岩脚滑坡.csv,,,other,False,user,18576,,,,,,
毕节市七星关区清水铺镇南沟村松树坪组滑坡.csv,,,other,False,user,18576,,,,,,
遵义市习水县寨坝镇灵仙河村上坝组高坡滑坡.csv,,,other,False,user,8212,,,,,,
铜仁市印江县合水镇坪楼村1-4组滑坡.csv,,,other,False,user,14515,,,,,,
黔东南州镇远县舞阳镇文德社区王家院组滑坡.csv,,,other,False,user,966,,,,,,
铜仁市万山区鱼塘乡新龙村大湾组大湾滑坡.csv,,,other,False,user,1212,,,,,,
六盘水市水城区化乐镇化乐村后冲组郭家丫口滑坡.csv,,,other,False,user,966,,,,,,
六盘水市盘州市柏果镇煤坡居委会5、6组滑坡.csv,,,other,False,user,1343,,,,,,
黔东南州镇远县羊坪镇石宝塘村山羊组滑坡.csv,,,other,False,user,966,,,,,,
黔西南州册亨县岩架镇洛王村外么组滑坡.csv,,,other,False,user,1348,,,,,,
黔南州福泉市道坪镇高坪司村贾坪渊组洋保河滑坡.csv,,,other,False,user,18639,,,,,,
毕节市赫章县朱明镇环山村汇龙组滑坡.csv,,,other,False,user,966,,,,,,
遵义市桐梓县九坝镇天池村瓦房组河坎滑坡.csv,,,other,False,user,1432,,,,,,
贵阳市清镇市暗流镇木刻村湾子组滑坡.csv,,,other,True,user,18640,,,,,,
贵阳市清镇市站街镇平堡村白石岩组滑坡.csv,,,other,False,user,18640,,,,,,
黔西南州册亨县坡妹镇民族村杨家坡组滑坡.csv,,,other,False,user,966,,,,,,
遵义市正安县凤仪街道大堡村白岩组桃坪滑坡.csv,,,other,False,user,18576,,,,,,
毕节市纳雍县百兴镇泥奢期村下冲组下冲滑坡.csv,,,other,False,user,18576,,,,,,
遵义市道真县河口镇车田村蒲家湾组蒲家湾滑坡.csv,,,other,False,user,1210,,,,,,
贵阳市息烽县温泉镇安江村马渡组滑坡.csv,,,other,False,user,1333,,,,,,
毕节市纳雍县左鸠戛乡拖歪村田坝组田坝组滑坡.csv,,,other,False,user,18576,,,,,,
黔西南州晴隆县长流乡杨寨村兴昌组兴昌滑坡滑坡.csv,,,other,False,user,966,,,,,,
贵阳市修文县洒坪镇阳桥村大寨组滑坡.csv,,,other,True,user,1403,,,,,,
遵义市习水县醒民镇醒民村九组滑坡.csv,,,other,False,user,18576,,,,,,
黔东南州麻江县龙山镇白兴村白兴大寨组白兴大寨（待核销）滑坡.csv,,,other,False,user,16098,,,,,,
黔西南州普安县楼下镇堵嘎村李家寨组腰田滑坡.csv,,,other,False,user,18576,,,,,,
毕节市赫章县结构乡毛姑村马路组马儿岩滑坡.csv,,,other,False,user,18575,,,,,,
六盘水市盘州市大山镇打洞村10组汪家寨滑坡.csv,,,other,False,user,1342,,,,,,
安顺市紫云县板当镇新塘村堡堡上组(已核销)滑坡.csv,,,other,False,user,19675,,,,,,
铜仁市德江县稳坪镇三层村田坝组三层溪滑坡.csv,,,other,False,user,966,,,,,,
毕节市纳雍县昆寨乡中心村粑粑店组粑粑店滑坡.csv,,,other,False,user,966,,,,,,
黔东南州从江县西山镇小翁村一组滑坡.csv,,,other,False,user,14595,,,,,,
贵阳市息烽县鹿窝镇华溪村平桥组水井湾滑坡.csv,,,other,False,user,1241,,,,,,
遵义市道真县隆兴镇前进村大田坝组大田坝滑坡.csv,,,other,False,user,18640,,,,,,
520203010124.csv,,,other,False,user,94,,,,,,
520221010001.csv,,,other,False,user,94,,,,,,
520281010198.csv,,,other,False,user,94,,,,,,
520221012050.csv,,,other,False,user,94,,,,,,
522328019904.csv,,,other,False,user,94,,,,,,
520221010204.csv,,,other,False,user,94,,,,,,
520221012105.csv,,,other,False,user,94,,,,,,
520281010067.csv,,,other,False,user,94,,,,,,
520203010095.csv,,,other,False,user,94,,,,,,
522302010039.csv,,,other,False,user,94,,,,,,
520221011024.csv,,,other,False,user,94,,,,,,
522302010004.csv,,,other,False,user,94,,,,,,
520524010174.csv,,,other,False,user,94,,,,,,
520221011057.csv,,,other,False,user,94,,,,,,
520281010001.csv,,,other,False,user,94,,,,,,
522323010010.csv,,,other,False,user,94,,,,,,
522302010021.csv,,,other,False,user,94,,,,,,
520281010164.csv,,,other,False,user,94,,,,,,
522323010066.csv,,,other,False,user,94,,,,,,
522325010225.csv,,,other,False,user,94,,,,,,
522302010088.csv,,,other,False,user,94,,,,,,
520203010024.csv,,,other,False,user,94,,,,,,
522302010037.csv,,,other,False,user,94,,,,,,
520281013069.csv,,,other,False,user,94,,,,,,
522325010206.csv,,,other,False,user,94,,,,,,
520281010087.csv,,,other,False,user,94,,,,,,
522302010063.csv,,,other,False,user,94,,,,,,
522323010039.csv,,,other,False,user,94,,,,,,
520221011050.csv,,,other,False,user,94,,,,,,
520221011022.csv,,,other,False,user,94,,,,,,
520281010073.csv,,,other,False,user,94,,,,,,
520221014054.csv,,,other,False,user,94,,,,,,
520424010064.csv,,,other,False,user,94,,,,,,
522323010024.csv,,,other,False,user,94,,,,,,
520221011108.csv,,,other,False,user,94,,,,,,
520221014058.csv,,,other,False,user,94,,,,,,
520281013056.csv,,,other,False,user,94,,,,,,
522323010018.csv,,,other,False,user,94,,,,,,
520221011055.csv,,,other,False,user,94,,,,,,
520203010152.csv,,,other,False,user,94,,,,,,
520281013038.csv,,,other,False,user,94,,,,,,
520281010287.csv,,,other,False,user,94,,,,,,
522324010058.csv,,,other,False,user,94,,,,,,
522325010224.csv,,,other,False,user,94,,,,,,
522302010064.csv,,,other,False,user,94,,,,,,
520281010404.csv,,,other,False,user,94,,,,,,
520221014060.csv,,,other,False,user,94,,,,,,
520281010133.csv,,,other,False,user,94,,,,,,
522302010020.csv,,,other,False,user,94,,,,,,
522302010079.csv,,,other,False,user,94,,,,,,
520221011064.csv,,,other,False,user,94,,,,,,
520524010233.csv,,,other,False,user,94,,,,,,
520281010038.csv,,,other,False,user,94,,,,,,
520281013082.csv,,,other,False,user,94,,,,,,
522323010073.csv,,,other,False,user,94,,,,,,
520281010258.csv,,,other,False,user,94,,,,,,
522324010002.csv,,,other,False,user,94,,,,,,
522302010092.csv,,,other,False,user,94,,,,,,
520221012021.csv,,,other,False,user,94,,,,,,
522324010043.csv,,,other,False,user,94,,,,,,
520203010064.csv,,,other,False,user,94,,,,,,
520221011041.csv,,,other,False,user,94,,,,,,
522302010035.csv,,,other,False,user,94,,,,,,
522302010047.csv,,,other,False,user,94,,,,,,
522324010078.csv,,,other,False,user,94,,,,,,
520221012029.csv,,,other,False,user,94,,,,,,
522324010190.csv,,,other,False,user,94,,,,,,
522325010202.csv,,,other,False,user,94,,,,,,
522328010030.csv,,,other,False,user,94,,,,,,
522324010138.csv,,,other,False,user,94,,,,,,
522324010008.csv,,,other,False,user,94,,,,,,
520203010040.csv,,,other,False,user,94,,,,,,
520221012004.csv,,,other,False,user,94,,,,,,
522302010044.csv,,,other,False,user,94,,,,,,
522302010002.csv,,,other,False,user,94,,,,,,
522302010036.csv,,,other,False,user,94,,,,,,
522301010098.csv,,,other,False,user,94,,,,,,
520281010070.csv,,,other,False,user,94,,,,,,
522323010052.csv,,,other,False,user,94,,,,,,
522323010072.csv,,,other,False,user,94,,,,,,
520221013102.csv,,,other,False,user,94,,,,,,
522323010041.csv,,,other,False,user,94,,,,,,
522302010061.csv,,,other,False,user,94,,,,,,
522325010189.csv,,,other,False,user,94,,,,,,
520221011047.csv,,,other,False,user,94,,,,,,
522323010042.csv,,,other,False,user,94,,,,,,
520203010134.csv,,,other,False,user,94,,,,,,
520281010136.csv,,,other,False,user,94,,,,,,
522302010008.csv,,,other,False,user,94,,,,,,
520221010026.csv,,,other,False,user,94,,,,,,
520221011030.csv,,,other,False,user,94,,,,,,
520281010327.csv,,,other,False,user,94,,,,,,
520524010190.csv,,,other,False,user,94,,,,,,
520281010274.csv,,,other,False,user,94,,,,,,
520221011020.csv,,,other,False,user,94,,,,,,
520422010017.csv,,,other,False,user,94,,,,,,
522324019916.csv,,,other,False,user,94,,,,,,
522324019918.csv,,,other,False,user,94,,,,,,
520203010020.csv,,,other,False,user,94,,,,,,
520281010098.csv,,,other,False,user,94,,,,,,
520281010168.csv,,,other,False,user,94,,,,,,
520526010143.csv,,,other,False,user,94,,,,,,
520281010171.csv,,,other,False,user,94,,,,,,
522328010014.csv,,,other,False,user,94,,,,,,
520281013055.csv,,,other,False,user,94,,,,,,
522324010069.csv,,,other,False,user,94,,,,,,
522328019921.csv,,,other,False,user,94,,,,,,
522325010245.csv,,,other,False,user,94,,,,,,
520203010153.csv,,,other,False,user,94,,,,,,
520203010118.csv,,,other,False,user,94,,,,,,
520281010106.csv,,,other,False,user,94,,,,,,
520525010181.csv,,,other,False,user,94,,,,,,
522324019917.csv,,,other,False,user,94,,,,,,
522324019928.csv,,,other,False,user,94,,,,,,
522325010198.csv,,,other,False,user,94,,,,,,
520221012013.csv,,,other,False,user,94,,,,,,
520221014047.csv,,,other,False,user,94,,,,,,
520281013054.csv,,,other,False,user,94,,,,,,
522323010061.csv,,,other,False,user,94,,,,,,
520221012032.csv,,,other,False,user,94,,,,,,
522302010145.csv,,,other,False,user,94,,,,,,
520281013088.csv,,,other,False,user,94,,,,,,
520221011046.csv,,,other,False,user,94,,,,,,
522324010160.csv,,,other,False,user,94,,,,,,
520221011039.csv,,,other,False,user,94,,,,,,
522324010010.csv,,,other,False,user,94,,,,,,
522327010136.csv,,,other,False,user,94,,,,,,
520221012020.csv,,,other,False,user,94,,,,,,
520281013063.csv,,,other,False,user,94,,,,,,
522324010063.csv,,,other,False,user,94,,,,,,
522323010035.csv,,,other,False,user,94,,,,,,
522324010123.csv,,,other,False,user,94,,,,,,
520281013075.csv,,,other,False,user,94,,,,,,
522323010034.csv,,,other,False,user,94,,,,,,
522302010085.csv,,,other,False,user,94,,,,,,
522323010076.csv,,,other,False,user,94,,,,,,
520221011042.csv,,,other,False,user,94,,,,,,
520281010108.csv,,,other,False,user,94,,,,,,
520525010183.csv,,,other,False,user,94,,,,,,
522327010142.csv,,,other,False,user,94,,,,,,
520221011048.csv,,,other,False,user,94,,,,,,
520281010196.csv,,,other,False,user,94,,,,,,
520525010174.csv,,,other,False,user,94,,,,,,
520221010002.csv,,,other,False,user,94,,,,,,
522323010036.csv,,,other,False,user,94,,,,,,
520281010212.csv,,,other,False,user,94,,,,,,
520281010241.csv,,,other,False,user,94,,,,,,
522302010090.csv,,,other,False,user,94,,,,,,
520221011078.csv,,,other,False,user,94,,,,,,
520221012051.csv,,,other,False,user,94,,,,,,
520281010053.csv,,,other,False,user,94,,,,,,
522323010058.csv,,,other,False,user,94,,,,,,
522328010007.csv,,,other,False,user,94,,,,,,
520203010041.csv,,,other,False,user,94,,,,,,
520281013032.csv,,,other,False,user,94,,,,,,
520525016183.csv,,,other,False,user,94,,,,,,
520221014049.csv,,,other,False,user,94,,,,,,
520201012194.csv,,,other,False,user,94,,,,,,
520203010025.csv,,,other,False,user,94,,,,,,
520281010042.csv,,,other,False,user,94,,,,,,
522323010002.csv,,,other,False,user,94,,,,,,
520281010069.csv,,,other,False,user,94,,,,,,
522324010167.csv,,,other,False,user,94,,,,,,
520221012034.csv,,,other,False,user,94,,,,,,
520281013067.csv,,,other,False,user,94,,,,,,
522324010083.csv,,,other,False,user,94,,,,,,
520281010275.csv,,,other,False,user,94,,,,,,
520281010213.csv,,,other,False,user,94,,,,,,
522302010151.csv,,,other,False,user,94,,,,,,
522324010049.csv,,,other,False,user,94,,,,,,
522325010213.csv,,,other,False,user,94,,,,,,
520525016185.csv,,,other,False,user,94,,,,,,
522324010118.csv,,,other,False,user,94,,,,,,
520221012043.csv,,,other,False,user,94,,,,,,
520281010292.csv,,,other,False,user,94,,,,,,
522323010004.csv,,,other,False,user,94,,,,,,
520281010076.csv,,,other,False,user,94,,,,,,
522302010056.csv,,,other,False,user,94,,,,,,
522302010045.csv,,,other,False,user,94,,,,,,
520221011067.csv,,,other,False,user,94,,,,,,
520221014090.csv,,,other,False,user,94,,,,,,
520525010190.csv,,,other,False,user,94,,,,,,
520221014074.csv,,,other,False,user,94,,,,,,
520281010264.csv,,,other,False,user,94,,,,,,
522302010141.csv,,,other,False,user,94,,,,,,
520281013077.csv,,,other,False,user,94,,,,,,
520221014028.csv,,,other,False,user,94,,,,,,
522323010053.csv,,,other,False,user,94,,,,,,
522302010142.csv,,,other,False,user,94,,,,,,
520524010089.csv,,,other,False,user,94,,,,,,
520281010011.csv,,,other,False,user,94,,,,,,
520221011010.csv,,,other,False,user,94,,,,,,
522323010012.csv,,,other,False,user,94,,,,,,
520526010109.csv,,,other,False,user,94,,,,,,
522324010056.csv,,,other,False,user,94,,,,,,
522324010032.csv,,,other,False,user,94,,,,,,
522302010138.csv,,,other,False,user,94,,,,,,
522302010033.csv,,,other,False,user,94,,,,,,
520203010063.csv,,,other,False,user,94,,,,,,
520221011045.csv,,,other,False,user,94,,,,,,
522302010046.csv,,,other,False,user,94,,,,,,
520281010197.csv,,,other,False,user,94,,,,,,
522302010054.csv,,,other,False,user,94,,,,,,
522325010256.csv,,,other,False,user,94,,,,,,
520221010103.csv,,,other,False,user,94,,,,,,
520281013044.csv,,,other,False,user,94,,,,,,
522325010211.csv,,,other,False,user,94,,,,,,
520221010109.csv,,,other,False,user,94,,,,,,
520221014046.csv,,,other,False,user,94,,,,,,
522302010059.csv,,,other,False,user,94,,,,,,
520221011036.csv,,,other,False,user,94,,,,,,
520221014063.csv,,,other,False,user,94,,,,,,
520281010232.csv,,,other,False,user,94,,,,,,
522301010184.csv,,,other,False,user,94,,,,,,
520221012026.csv,,,other,False,user,94,,,,,,
522302010018.csv,,,other,False,user,94,,,,,,
520524011056.csv,,,other,False,user,94,,,,,,
520281010309.csv,,,other,False,user,94,,,,,,
520203010100.csv,,,other,False,user,94,,,,,,
522323010038.csv,,,other,False,user,94,,,,,,
522325010199.csv,,,other,False,user,94,,,,,,
520281010112.csv,,,other,False,user,94,,,,,,
520221011021.csv,,,other,False,user,94,,,,,,
520281010115.csv,,,other,False,user,94,,,,,,
520281010312.csv,,,other,False,user,94,,,,,,
520526010008.csv,,,other,False,user,94,,,,,,
522302010040.csv,,,other,False,user,94,,,,,,
522324010027.csv,,,other,False,user,94,,,,,,
522302010137.csv,,,other,False,user,94,,,,,,
520281010299.csv,,,other,False,user,94,,,,,,
522302010029.csv,,,other,False,user,94,,,,,,
522324010015.csv,,,other,False,user,94,,,,,,
522328010023.csv,,,other,False,user,94,,,,,,
520221012016.csv,,,other,False,user,94,,,,,,
520221012028.csv,,,other,False,user,94,,,,,,
522323010030.csv,,,other,False,user,94,,,,,,
520221014087.csv,,,other,False,user,94,,,,,,
520526010176.csv,,,other,False,user,94,,,,,,
520281010012.csv,,,other,False,user,94,,,,,,
520281010191.csv,,,other,False,user,94,,,,,,
520281010278.csv,,,other,False,user,94,,,,,,
522302010026.csv,,,other,False,user,94,,,,,,
522302010070.csv,,,other,False,user,94,,,,,,
520281010269.csv,,,other,False,user,94,,,,,,
522324010155.csv,,,other,False,user,94,,,,,,
522302010062.csv,,,other,False,user,94,,,,,,
522324010163.csv,,,other,False,user,94,,,,,,
520221010223.csv,,,other,False,user,94,,,,,,
520281010127.csv,,,other,False,user,94,,,,,,
520221011060.csv,,,other,False,user,94,,,,,,
522325010254.csv,,,other,False,user,94,,,,,,
522328015202.csv,,,other,False,user,94,,,,,,
520203010122.csv,,,other,False,user,94,,,,,,
520221014052.csv,,,other,False,user,94,,,,,,
520203010079.csv,,,other,False,user,94,,,,,,
520203010109.csv,,,other,False,user,94,,,,,,
520221014055.csv,,,other,False,user,94,,,,,,
520525016176.csv,,,other,False,user,94,,,,,,
520281010295.csv,,,other,False,user,94,,,,,,
520281010010.csv,,,other,False,user,94,,,,,,
520203010143.csv,,,other,False,user,94,,,,,,
520203010112.csv,,,other,False,user,94,,,,,,
520221012053.csv,,,other,False,user,94,,,,,,
520424010121.csv,,,other,False,user,94,,,,,,
522302010010.csv,,,other,False,user,94,,,,,,
522324010130.csv,,,other,False,user,94,,,,,,
520221012017.csv,,,other,False,user,94,,,,,,
520281010257.csv,,,other,False,user,94,,,,,,
520281010262.csv,,,other,False,user,94,,,,,,
522328015201.csv,,,other,False,user,94,,,,,,
522302010091.csv,,,other,False,user,94,,,,,,
522323010048.csv,,,other,False,user,94,,,,,,
520525016173.csv,,,other,False,user,94,,,,,,
520281010104.csv,,,other,False,user,94,,,,,,
520281010252.csv,,,other,False,user,94,,,,,,
520221012011.csv,,,other,False,user,94,,,,,,
520221012054.csv,,,other,False,user,94,,,,,,
520281010239.csv,,,other,False,user,94,,,,,,
520281010145.csv,,,other,False,user,94,,,,,,
520281010266.csv,,,other,False,user,94,,,,,,
520281013060.csv,,,other,False,user,94,,,,,,
520281013073.csv,,,other,False,user,94,,,,,,
520281010314.csv,,,other,False,user,94,,,,,,
520281010226.csv,,,other,False,user,94,,,,,,
520221010105.csv,,,other,False,user,94,,,,,,
520203010002.csv,,,other,False,user,94,,,,,,
520525016187.csv,,,other,False,user,94,,,,,,
520281013068.csv,,,other,False,user,94,,,,,,
520281010203.csv,,,other,False,user,94,,,,,,
520281013062.csv,,,other,False,user,94,,,,,,
520525010188.csv,,,other,False,user,94,,,,,,
520281010003.csv,,,other,False,user,94,,,,,,
520221014034.csv,,,other,False,user,94,,,,,,
522301010108.csv,,,other,False,user,94,,,,,,
520221012058.csv,,,other,False,user,94,,,,,,
522302010024.csv,,,other,False,user,94,,,,,,
520221011105.csv,,,other,False,user,94,,,,,,
520526010258.csv,,,other,False,user,94,,,,,,
520524011005.csv,,,other,False,user,94,,,,,,
522323010027.csv,,,other,False,user,94,,,,,,
520281010296.csv,,,other,False,user,94,,,,,,
520281010050.csv,,,other,False,user,94,,,,,,
520281010165.csv,,,other,False,user,94,,,,,,
520221011068.csv,,,other,False,user,94,,,,,,
520221011002.csv,,,other,False,user,94,,,,,,
522302010095.csv,,,other,False,user,94,,,,,,
520281010268.csv,,,other,False,user,94,,,,,,
520203010023.csv,,,other,False,user,94,,,,,,
520525010187.csv,,,other,False,user,94,,,,,,
520281010131.csv,,,other,False,user,94,,,,,,
520281010220.csv,,,other,False,user,94,,,,,,
522324019919.csv,,,other,False,user,94,,,,,,
520281013035.csv,,,other,False,user,94,,,,,,
522324010014.csv,,,other,False,user,94,,,,,,
520281013049.csv,,,other,False,user,94,,,,,,
522302010009.csv,,,other,False,user,94,,,,,,
522302010067.csv,,,other,False,user,94,,,,,,
520203010113.csv,,,other,False,user,94,,,,,,
522324010007.csv,,,other,False,user,94,,,,,,
522324010042.csv,,,other,False,user,94,,,,,,
520281010283.csv,,,other,False,user,94,,,,,,
522325010177.csv,,,other,False,user,94,,,,,,
522302010098.csv,,,other,False,user,94,,,,,,
520525010176.csv,,,other,False,user,94,,,,,,
520221012056.csv,,,other,False,user,94,,,,,,
522323010047.csv,,,other,False,user,94,,,,,,
522324010028.csv,,,other,False,user,94,,,,,,
522324010119.csv,,,other,False,user,94,,,,,,
520281013074.csv,,,other,False,user,94,,,,,,
520281013070.csv,,,other,False,user,94,,,,,,
520203010110.csv,,,other,False,user,94,,,,,,
520281010134.csv,,,other,False,user,94,,,,,,
522323010062.csv,,,other,False,user,94,,,,,,
522302010042.csv,,,other,False,user,94,,,,,,
520221014053.csv,,,other,False,user,94,,,,,,
522302010013.csv,,,other,False,user,94,,,,,,
520221011054.csv,,,other,False,user,94,,,,,,
520526010114.csv,,,other,False,user,94,,,,,,
520203010066.csv,,,other,False,user,94,,,,,,
520203010043.csv,,,other,False,user,94,,,,,,
520281010289.csv,,,other,False,user,94,,,,,,
520221014035.csv,,,other,False,user,94,,,,,,
520281010172.csv,,,other,False,user,94,,,,,,
520281013052.csv,,,other,False,user,94,,,,,,
520281010227.csv,,,other,False,user,94,,,,,,
522323010022.csv,,,other,False,user,94,,,,,,
522324010033.csv,,,other,False,user,94,,,,,,
520281010084.csv,,,other,False,user,94,,,,,,
520281010214.csv,,,other,False,user,94,,,,,,
522324010005.csv,,,other,False,user,94,,,,,,
522324010162.csv,,,other,False,user,94,,,,,,
520221012019.csv,,,other,False,user,94,,,,,,
520203010082.csv,,,other,False,user,94,,,,,,
520221011051.csv,,,other,False,user,94,,,,,,
522302010074.csv,,,other,False,user,94,,,,,,
520221012049.csv,,,other,False,user,94,,,,,,
520221014041.csv,,,other,False,user,94,,,,,,
520281010270.csv,,,other,False,user,94,,,,,,
522324010150.csv,,,other,False,user,94,,,,,,
522325010217.csv,,,other,False,user,94,,,,,,
520203010045.csv,,,other,False,user,94,,,,,,
520203010039.csv,,,other,False,user,94,,,,,,
520221014027.csv,,,other,False,user,94,,,,,,
522302010049.csv,,,other,False,user,94,,,,,,
520221012168.csv,,,other,False,user,94,,,,,,
520281013058.csv,,,other,False,user,94,,,,,,
520281010147.csv,,,other,False,user,94,,,,,,
520525010236.csv,,,other,False,user,94,,,,,,
520221010256.csv,,,other,False,user,94,,,,,,
520221014031.csv,,,other,False,user,94,,,,,,
520221011111.csv,,,other,False,user,94,,,,,,
520221014033.csv,,,other,False,user,94,,,,,,
522302010146.csv,,,other,False,user,94,,,,,,
522324010025.csv,,,other,False,user,94,,,,,,
520221011102.csv,,,other,False,user,94,,,,,,
520221014069.csv,,,other,False,user,94,,,,,,
522302010096.csv,,,other,False,user,94,,,,,,
520221011103.csv,,,other,False,user,94,,,,,,
520221011062.csv,,,other,False,user,94,,,,,,
522302010017.csv,,,other,False,user,94,,,,,,
520526010181.csv,,,other,False,user,94,,,,,,
520203010067.csv,,,other,False,user,94,,,,,,
522325010219.csv,,,other,False,user,94,,,,,,
520221011061.csv,,,other,False,user,94,,,,,,
520281010251.csv,,,other,False,user,94,,,,,,
520203010148.csv,,,other,False,user,94,,,,,,
522325010216.csv,,,other,False,user,94,,,,,,
522324019924.csv,,,other,False,user,94,,,,,,
520422010016.csv,,,other,False,user,94,,,,,,
522325010201.csv,,,other,False,user,94,,,,,,
520281010008.csv,,,other,False,user,94,,,,,,
520221011027.csv,,,other,False,user,94,,,,,,
520281013045.csv,,,other,False,user,94,,,,,,
520221011073.csv,,,other,False,user,94,,,,,,
522324010168.csv,,,other,False,user,94,,,,,,
520525010239.csv,,,other,False,user,94,,,,,,
522323010064.csv,,,other,False,user,94,,,,,,
520203010140.csv,,,other,False,user,94,,,,,,
522302010089.csv,,,other,False,user,94,,,,,,
522302010144.csv,,,other,False,user,94,,,,,,
520281010315.csv,,,other,False,user,94,,,,,,
520281013040.csv,,,other,False,user,94,,,,,,
520525010186.csv,,,other,False,user,94,,,,,,
522323010011.csv,,,other,False,user,94,,,,,,
520221014057.csv,,,other,False,user,94,,,,,,
522302010023.csv,,,other,False,user,94,,,,,,
522325010184.csv,,,other,False,user,94,,,,,,
520281010205.csv,,,other,False,user,94,,,,,,
520221010107.csv,,,other,False,user,94,,,,,,
520281010280.csv,,,other,False,user,94,,,,,,
520201012193.csv,,,other,False,user,94,,,,,,
520525016175.csv,,,other,False,user,94,,,,,,
520424010027.csv,,,other,False,user,94,,,,,,
520221011113.csv,,,other,False,user,94,,,,,,
520524010097.csv,,,other,False,user,94,,,,,,
522324010006.csv,,,other,False,user,94,,,,,,
520221012104.csv,,,other,False,user,94,,,,,,
520221011012.csv,,,other,False,user,94,,,,,,
522323010015.csv,,,other,False,user,94,,,,,,
520221014061.csv,,,other,False,user,94,,,,,,
522323010046.csv,,,other,False,user,94,,,,,,
522302010043.csv,,,other,False,user,94,,,,,,
522324010139.csv,,,other,False,user,94,,,,,,
522302010148.csv,,,other,False,user,94,,,,,,
522323010028.csv,,,other,False,user,94,,,,,,
522324010072.csv,,,other,False,user,94,,,,,,
522324010117.csv,,,other,False,user,94,,,,,,
520424010411.csv,,,other,False,user,94,,,,,,
520221012106.csv,,,other,False,user,94,,,,,,
520221014082.csv,,,other,False,user,94,,,,,,
522302010060.csv,,,other,False,user,94,,,,,,
522324010061.csv,,,other,False,user,94,,,,,,
520221012001.csv,,,other,False,user,94,,,,,,
520203010076.csv,,,other,False,user,94,,,,,,
522323010040.csv,,,other,False,user,94,,,,,,
522324010157.csv,,,other,False,user,94,,,,,,
520221012055.csv,,,other,False,user,94,,,,,,
522323010079.csv,,,other,False,user,94,,,,,,
520203010075.csv,,,other,False,user,94,,,,,,
520525010233.csv,,,other,False,user,94,,,,,,
522325010226.csv,,,other,False,user,94,,,,,,
522324010153.csv,,,other,False,user,94,,,,,,
520221012014.csv,,,other,False,user,94,,,,,,
520221014072.csv,,,other,False,user,94,,,,,,
522323010006.csv,,,other,False,user,94,,,,,,
520221012039.csv,,,other,False,user,94,,,,,,
520281013042.csv,,,other,False,user,94,,,,,,
522324010060.csv,,,other,False,user,94,,,,,,
520221014079.csv,,,other,False,user,94,,,,,,
522302010139.csv,,,other,False,user,94,,,,,,
520281010319.csv,,,other,False,user,94,,,,,,
522323010029.csv,,,other,False,user,94,,,,,,
520526010220.csv,,,other,False,user,94,,,,,,
520281013046.csv,,,other,False,user,94,,,,,,
520281013024.csv,,,other,False,user,94,,,,,,
522302010022.csv,,,other,False,user,94,,,,,,
520221010048.csv,,,other,False,user,94,,,,,,
520221012015.csv,,,other,False,user,94,,,,,,
520281010300.csv,,,other,False,user,94,,,,,,
522323010059.csv,,,other,False,user,94,,,,,,
520281013043.csv,,,other,False,user,94,,,,,,
520221012036.csv,,,other,False,user,94,,,,,,
520281013084.csv,,,other,False,user,94,,,,,,
522328019902.csv,,,other,False,user,94,,,,,,
520221011026.csv,,,other,False,user,94,,,,,,
520281010103.csv,,,other,False,user,94,,,,,,
520221014075.csv,,,other,False,user,94,,,,,,
522323010065.csv,,,other,False,user,94,,,,,,
520203010125.csv,,,other,False,user,94,,,,,,
520524010109.csv,,,other,False,user,94,,,,,,
520221011023.csv,,,other,False,user,94,,,,,,
522324010053.csv,,,other,False,user,94,,,,,,
520281010250.csv,,,other,False,user,94,,,,,,
520221012057.csv,,,other,False,user,94,,,,,,
522323010020.csv,,,other,False,user,94,,,,,,
520203010074.csv,,,other,False,user,94,,,,,,
520221011013.csv,,,other,False,user,94,,,,,,
520281010204.csv,,,other,False,user,94,,,,,,
520281010079.csv,,,other,False,user,94,,,,,,
520203010128.csv,,,other,False,user,94,,,,,,
522324010037.csv,,,other,False,user,94,,,,,,
520525010237.csv,,,other,False,user,94,,,,,,
520281010246.csv,,,other,False,user,94,,,,,,
520281010277.csv,,,other,False,user,94,,,,,,
520281013078.csv,,,other,False,user,94,,,,,,
520281013064.csv,,,other,False,user,94,,,,,,
520221014065.csv,,,other,False,user,94,,,,,,
522302010006.csv,,,other,False,user,94,,,,,,
522323010078.csv,,,other,False,user,94,,,,,,
520221011071.csv,,,other,False,user,94,,,,,,
520221012041.csv,,,other,False,user,94,,,,,,
522325010205.csv,,,other,False,user,94,,,,,,
520221012031.csv,,,other,False,user,94,,,,,,
522323010005.csv,,,other,False,user,94,,,,,,
522302010041.csv,,,other,False,user,94,,,,,,
522302010057.csv,,,other,False,user,94,,,,,,
522323010013.csv,,,other,False,user,94,,,,,,
520281010041.csv,,,other,False,user,94,,,,,,
520281010082.csv,,,other,False,user,94,,,,,,
520221014045.csv,,,other,False,user,94,,,,,,
520281013051.csv,,,other,False,user,94,,,,,,
520221014095.csv,,,other,False,user,94,,,,,,
522323010060.csv,,,other,False,user,94,,,,,,
522324010018.csv,,,other,False,user,94,,,,,,
522325010203.csv,,,other,False,user,94,,,,,,
520221011043.csv,,,other,False,user,94,,,,,,
522302010066.csv,,,other,False,user,94,,,,,,
522324019925.csv,,,other,False,user,94,,,,,,
520281010263.csv,,,other,False,user,94,,,,,,
520221014029.csv,,,other,False,user,94,,,,,,
522302010012.csv,,,other,False,user,94,,,,,,
520221011079.csv,,,other,False,user,94,,,,,,
522325010178.csv,,,other,False,user,94,,,,,,
522302010031.csv,,,other,False,user,94,,,,,,
520281010110.csv,,,other,False,user,94,,,,,,
520203010094.csv,,,other,False,user,94,,,,,,
520281010291.csv,,,other,False,user,94,,,,,,
520281010328.csv,,,other,False,user,94,,,,,,
520281013050.csv,,,other,False,user,94,,,,,,
520203010129.csv,,,other,False,user,94,,,,,,
520221012047.csv,,,other,False,user,94,,,,,,
520526010178.csv,,,other,False,user,94,,,,,,
520203010137.csv,,,other,False,user,94,,,,,,
522324010059.csv,,,other,False,user,94,,,,,,
520525010189.csv,,,other,False,user,94,,,,,,
520524011059.csv,,,other,False,user,94,,,,,,
520201012195.csv,,,other,False,user,94,,,,,,
520203010097.csv,,,other,False,user,94,,,,,,
520221011063.csv,,,other,False,user,94,,,,,,
520221011056.csv,,,other,False,user,94,,,,,,
520525016182.csv,,,other,False,user,94,,,,,,
520221014048.csv,,,other,False,user,94,,,,,,
522328019910.csv,,,other,False,user,94,,,,,,
520221011029.csv,,,other,False,user,94,,,,,,
520221014064.csv,,,other,False,user,94,,,,,,
520281010004.csv,,,other,False,user,94,,,,,,
522324010132.csv,,,other,False,user,94,,,,,,
520203010120.csv,,,other,False,user,94,,,,,,
522323010043.csv,,,other,False,user,94,,,,,,
522325010255.csv,,,other,False,user,94,,,,,,
520221012037.csv,,,other,False,user,94,,,,,,
522323010023.csv,,,other,False,user,94,,,,,,
520281010068.csv,,,other,False,user,94,,,,,,
522324010152.csv,,,other,False,user,94,,,,,,
520281010005.csv,,,other,False,user,94,,,,,,
522302010048.csv,,,other,False,user,94,,,,,,
522324010001.csv,,,other,False,user,94,,,,,,
520281010078.csv,,,other,False,user,94,,,,,,
520221012102.csv,,,other,False,user,94,,,,,,
522302010058.csv,,,other,False,user,94,,,,,,
520221010202.csv,,,other,False,user,94,,,,,,
520281010307.csv,,,other,False,user,94,,,,,,
520281010086.csv,,,other,False,user,94,,,,,,
520281010085.csv,,,other,False,user,94,,,,,,
520281010072.csv,,,other,False,user,94,,,,,,
522324010052.csv,,,other,False,user,94,,,,,,
522324010074.csv,,,other,False,user,94,,,,,,
520422011046.csv,,,other,False,user,94,,,,,,
522324019927.csv,,,other,False,user,94,,,,,,
520221012027.csv,,,other,False,user,94,,,,,,
522324010217.csv,,,other,False,user,94,,,,,,
520221014044.csv,,,other,False,user,94,,,,,,
520525010173.csv,,,other,False,user,94,,,,,,
520281010230.csv,,,other,False,user,94,,,,,,
522323010037.csv,,,other,False,user,94,,,,,,
522324010012.csv,,,other,False,user,94,,,,,,
520281010129.csv,,,other,False,user,94,,,,,,
520422010141.csv,,,other,False,user,94,,,,,,
522323010056.csv,,,other,False,user,94,,,,,,
520281013085.csv,,,other,False,user,94,,,,,,
520221012108.csv,,,other,False,user,94,,,,,,
520221012052.csv,,,other,False,user,94,,,,,,
522302010080.csv,,,other,False,user,94,,,,,,
522324010057.csv,,,other,False,user,94,,,,,,
520221011015.csv,,,other,False,user,94,,,,,,
522302010019.csv,,,other,False,user,94,,,,,,
520281010216.csv,,,other,False,user,94,,,,,,
520525016174.csv,,,other,False,user,94,,,,,,
520281010282.csv,,,other,False,user,94,,,,,,
522325010218.csv,,,other,False,user,94,,,,,,
520221011070.csv,,,other,False,user,94,,,,,,
520203010001.csv,,,other,False,user,94,,,,,,
522323010067.csv,,,other,False,user,94,,,,,,
522302010016.csv,,,other,False,user,94,,,,,,
520281013086.csv,,,other,False,user,94,,,,,,
522325010185.csv,,,other,False,user,94,,,,,,
520221014032.csv,,,other,False,user,94,,,,,,
522325010214.csv,,,other,False,user,94,,,,,,
520221014037.csv,,,other,False,user,94,,,,,,
520281013066.csv,,,other,False,user,94,,,,,,
520221011018.csv,,,other,False,user,94,,,,,,
520525016186.csv,,,other,False,user,94,,,,,,
522323010050.csv,,,other,False,user,94,,,,,,
522302010072.csv,,,other,False,user,94,,,,,,
522327010205.csv,,,other,False,user,94,,,,,,
520221014085.csv,,,other,False,user,94,,,,,,
520281013037.csv,,,other,False,user,94,,,,,,
522325010227.csv,,,other,False,user,94,,,,,,
520203010114.csv,,,other,False,user,94,,,,,,
520281013033.csv,,,other,False,user,94,,,,,,
520203010052.csv,,,other,False,user,94,,,,,,
520281010130.csv,,,other,False,user,94,,,,,,
522323010016.csv,,,other,False,user,94,,,,,,
522324010079.csv,,,other,False,user,94,,,,,,
520281010306.csv,,,other,False,user,94,,,,,,
520221012033.csv,,,other,False,user,94,,,,,,
522302010030.csv,,,other,False,user,94,,,,,,
522324019922.csv,,,other,False,user,94,,,,,,
520221011072.csv,,,other,False,user,94,,,,,,
520221014026.csv,,,other,False,user,94,,,,,,
520281010100.csv,,,other,False,user,94,,,,,,
522324010026.csv,,,other,False,user,94,,,,,,
522301010048.csv,,,other,False,user,94,,,,,,
522323010021.csv,,,other,False,user,94,,,,,,
520221014038.csv,,,other,False,user,94,,,,,,
522324010031.csv,,,other,False,user,94,,,,,,
522324010065.csv,,,other,False,user,94,,,,,,
522302010147.csv,,,other,False,user,94,,,,,,
522324010047.csv,,,other,False,user,94,,,,,,
522325010204.csv,,,other,False,user,94,,,,,,
520203010133.csv,,,other,False,user,94,,,,,,
522323010031.csv,,,other,False,user,94,,,,,,
520221011066.csv,,,other,False,user,94,,,,,,
520524011007.csv,,,other,False,user,94,,,,,,
522302010081.csv,,,other,False,user,94,,,,,,
522324010147.csv,,,other,False,user,94,,,,,,
520221014036.csv,,,other,False,user,94,,,,,,
520221014043.csv,,,other,False,user,94,,,,,,
520221014083.csv,,,other,False,user,94,,,,,,
520281010317.csv,,,other,False,user,94,,,,,,
522325010207.csv,,,other,False,user,94,,,,,,
520281010313.csv,,,other,False,user,94,,,,,,
522301010020.csv,,,other,False,user,94,,,,,,
520221014059.csv,,,other,False,user,94,,,,,,
520422011050.csv,,,other,False,user,94,,,,,,
520424010413.csv,,,other,False,user,94,,,,,,
522302010052.csv,,,other,False,user,94,,,,,,
522302010025.csv,,,other,False,user,94,,,,,,
520281010294.csv,,,other,False,user,94,,,,,,
520422011041.csv,,,other,False,user,94,,,,,,
522302010094.csv,,,other,False,user,94,,,,,,
522324010169.csv,,,other,False,user,94,,,,,,
520281013079.csv,,,other,False,user,94,,,,,,
520221012046.csv,,,other,False,user,94,,,,,,
520281013083.csv,,,other,False,user,94,,,,,,
522324010021.csv,,,other,False,user,94,,,,,,
522301010049.csv,,,other,False,user,94,,,,,,
522325010221.csv,,,other,False,user,94,,,,,,
522324010038.csv,,,other,False,user,94,,,,,,
520281010217.csv,,,other,False,user,94,,,,,,
520221012006.csv,,,other,False,user,94,,,,,,
520221012007.csv,,,other,False,user,94,,,,,,
522302010077.csv,,,other,False,user,94,,,,,,
520221012101.csv,,,other,False,user,94,,,,,,
520221011035.csv,,,other,False,user,94,,,,,,
522302010015.csv,,,other,False,user,94,,,,,,
520526010215.csv,,,other,False,user,94,,,,,,
522302010003.csv,,,other,False,user,94,,,,,,
522325010212.csv,,,other,False,user,94,,,,,,
520281010301.csv,,,other,False,user,94,,,,,,
522327019909.csv,,,other,False,user,94,,,,,,
522324010131.csv,,,other,False,user,94,,,,,,
522328019912.csv,,,other,False,user,94,,,,,,
522302010050.csv,,,other,False,user,94,,,,,,
522302010038.csv,,,other,False,user,94,,,,,,
520281010310.csv,,,other,False,user,94,,,,,,
522327010139.csv,,,other,False,user,94,,,,,,
522302010078.csv,,,other,False,user,94,,,,,,
520281010276.csv,,,other,False,user,94,,,,,,
520525010184.csv,,,other,False,user,94,,,,,,
522324010140.csv,,,other,False,user,94,,,,,,
522325010191.csv,,,other,False,user,94,,,,,,
520203010149.csv,,,other,False,user,94,,,,,,
520221011032.csv,,,other,False,user,94,,,,,,
520281010323.csv,,,other,False,user,94,,,,,,
520281010325.csv,,,other,False,user,94,,,,,,
520281013047.csv,,,other,False,user,94,,,,,,
520525016184.csv,,,other,False,user,94,,,,,,
520221012059.csv,,,other,False,user,94,,,,,,
520281013057.csv,,,other,False,user,94,,,,,,
520221012025.csv,,,other,False,user,94,,,,,,
522323010057.csv,,,other,False,user,94,,,,,,
520281013053.csv,,,other,False,user,94,,,,,,
522302010028.csv,,,other,False,user,94,,,,,,
520221010063.csv,,,other,False,user,94,,,,,,
520221014076.csv,,,other,False,user,94,,,,,,
520281013065.csv,,,other,False,user,94,,,,,,
522323010003.csv,,,other,False,user,94,,,,,,
522324010070.csv,,,other,False,user,94,,,,,,
522327010144.csv,,,other,False,user,94,,,,,,
520281013025.csv,,,other,False,user,94,,,,,,
520221011074.csv,,,other,False,user,94,,,,,,
520221011025.csv,,,other,False,user,94,,,,,,
520525016212.csv,,,other,False,user,94,,,,,,
522323010049.csv,,,other,False,user,94,,,,,,
520221011107.csv,,,other,False,user,94,,,,,,
520281010238.csv,,,other,False,user,94,,,,,,
522324010036.csv,,,other,False,user,94,,,,,,
520221012044.csv,,,other,False,user,94,,,,,,
520281010150.csv,,,other,False,user,94,,,,,,
520221011058.csv,,,other,False,user,94,,,,,,
522324010062.csv,,,other,False,user,94,,,,,,
522302010093.csv,,,other,False,user,94,,,,,,
522323010009.csv,,,other,False,user,94,,,,,,
520203010141.csv,,,other,False,user,94,,,,,,
520221014066.csv,,,other,False,user,94,,,,,,
520221012038.csv,,,other,False,user,94,,,,,,
520281010298.csv,,,other,False,user,94,,,,,,
520281010297.csv,,,other,False,user,94,,,,,,
522327019936.csv,,,other,False,user,94,,,,,,
520281010318.csv,,,other,False,user,94,,,,,,
522325010241.csv,,,other,False,user,94,,,,,,
522328019913.csv,,,other,False,user,94,,,,,,
522324010084.csv,,,other,False,user,94,,,,,,
520281013071.csv,,,other,False,user,94,,,,,,
522324010133.csv,,,other,False,user,94,,,,,,
520525010185.csv,,,other,False,user,94,,,,,,
520281010305.csv,,,other,False,user,94,,,,,,
522324010020.csv,,,other,False,user,94,,,,,,
522323010017.csv,,,other,False,user,94,,,,,,
522324010040.csv,,,other,False,user,94,,,,,,
520221010104.csv,,,other,False,user,94,,,,,,
520281010256.csv,,,other,False,user,94,,,,,,
520281010279.csv,,,other,False,user,94,,,,,,
522324019921.csv,,,other,False,user,94,,,,,,
522324010164.csv,,,other,False,user,94,,,,,,
522325010228.csv,,,other,False,user,94,,,,,,
520281010166.csv,,,other,False,user,94,,,,,,
520221011017.csv,,,other,False,user,94,,,,,,
522324010050.csv,,,other,False,user,94,,,,,,
520221010106.csv,,,other,False,user,94,,,,,,
520281010188.csv,,,other,False,user,94,,,,,,
522325010182.csv,,,other,False,user,94,,,,,,
522324010019.csv,,,other,False,user,94,,,,,,
522325010210.csv,,,other,False,user,94,,,,,,
520525010191.csv,,,other,False,user,94,,,,,,
522324010129.csv,,,other,False,user,94,,,,,,
522323010014.csv,,,other,False,user,94,,,,,,
520281010253.csv,,,other,False,user,94,,,,,,
522324010185.csv,,,other,False,user,94,,,,,,
520525016188.csv,,,other,False,user,94,,,,,,
520221011110.csv,,,other,False,user,94,,,,,,
522323010063.csv,,,other,False,user,94,,,,,,
522302010097.csv,,,other,False,user,94,,,,,,
520525016215.csv,,,other,False,user,94,,,,,,
520526010222.csv,,,other,False,user,94,,,,,,
522323010001.csv,,,other,False,user,94,,,,,,
520221012005.csv,,,other,False,user,94,,,,,,
522302010027.csv,,,other,False,user,94,,,,,,
522301010052.csv,,,other,False,user,94,,,,,,
522324019929.csv,,,other,False,user,94,,,,,,
522327010146.csv,,,other,False,user,94,,,,,,
520221012045.csv,,,other,False,user,94,,,,,,
522324010054.csv,,,other,False,user,94,,,,,,
522302010140.csv,,,other,False,user,94,,,,,,
520281010284.csv,,,other,False,user,94,,,,,,
522302010068.csv,,,other,False,user,94,,,,,,
520203010121.csv,,,other,False,user,94,,,,,,
522323010007.csv,,,other,False,user,94,,,,,,
520221014067.csv,,,other,False,user,94,,,,,,
520221012022.csv,,,other,False,user,94,,,,,,
520203010061.csv,,,other,False,user,94,,,,,,
520281010242.csv,,,other,False,user,94,,,,,,
520281010235.csv,,,other,False,user,94,,,,,,
522324010017.csv,,,other,False,user,94,,,,,,
520281010111.csv,,,other,False,user,94,,,,,,
520281010193.csv,,,other,False,user,94,,,,,,
520281010026.csv,,,other,False,user,94,,,,,,
520281010148.csv,,,other,False,user,94,,,,,,
520526010177.csv,,,other,False,user,94,,,,,,
520281010088.csv,,,other,False,user,94,,,,,,
522323010044.csv,,,other,False,user,94,,,,,,
520281010105.csv,,,other,False,user,94,,,,,,
520221014040.csv,,,other,False,user,94,,,,,,
520203010142.csv,,,other,False,user,94,,,,,,
520281010116.csv,,,other,False,user,94,,,,,,
520281010304.csv,,,other,False,user,94,,,,,,
522325010222.csv,,,other,False,user,94,,,,,,
522328019911.csv,,,other,False,user,94,,,,,,
520221011014.csv,,,other,False,user,94,,,,,,
520281010324.csv,,,other,False,user,94,,,,,,
522302010051.csv,,,other,False,user,94,,,,,,
522323010019.csv,,,other,False,user,94,,,,,,
522324010024.csv,,,other,False,user,94,,,,,,
522302010034.csv,,,other,False,user,94,,,,,,
522323010008.csv,,,other,False,user,94,,,,,,
522302010073.csv,,,other,False,user,94,,,,,,
522324010009.csv,,,other,False,user,94,,,,,,
520221011049.csv,,,other,False,user,94,,,,,,
522323010033.csv,,,other,False,user,94,,,,,,
520221012002.csv,,,other,False,user,94,,,,,,
520281013087.csv,,,other,False,user,94,,,,,,
522327010135.csv,,,other,False,user,94,,,,,,
520281010308.csv,,,other,False,user,94,,,,,,
522323010069.csv,,,other,False,user,94,,,,,,
522302010032.csv,,,other,False,user,94,,,,,,
520221014070.csv,,,other,False,user,94,,,,,,
520524011004.csv,,,other,False,user,94,,,,,,
520221012103.csv,,,other,False,user,94,,,,,,
522325010179.csv,,,other,False,user,94,,,,,,
522325010194.csv,,,other,False,user,94,,,,,,
522302010014.csv,,,other,False,user,94,,,,,,
520221012010.csv,,,other,False,user,94,,,,,,
522325010215.csv,,,other,False,user,94,,,,,,
522324010004.csv,,,other,False,user,94,,,,,,
522328019914.csv,,,other,False,user,94,,,,,,
520221014051.csv,,,other,False,user,94,,,,,,
522324010075.csv,,,other,False,user,94,,,,,,
520281010178.csv,,,other,False,user,94,,,,,,
520221014088.csv,,,other,False,user,94,,,,,,
522324010030.csv,,,other,False,user,94,,,,,,
520221010108.csv,,,other,False,user,94,,,,,,
520221011106.csv,,,other,False,user,94,,,,,,
522327010143.csv,,,other,False,user,94,,,,,,
520281013026.csv,,,other,False,user,94,,,,,,
520281013076.csv,,,other,False,user,94,,,,,,
520221014023.csv,,,other,False,user,94,,,,,,
522302010055.csv,,,other,False,user,94,,,,,,
520281010229.csv,,,other,False,user,94,,,,,,
520424010061.csv,,,other,False,user,94,,,,,,
520221012060.csv,,,other,False,user,94,,,,,,
520281010173.csv,,,other,False,user,94,,,,,,
522325010223.csv,,,other,False,user,94,,,,,,
520203010116.csv,,,other,False,user,94,,,,,,
522324010186.csv,,,other,False,user,94,,,,,,
520203010005.csv,,,other,False,user,94,,,,,,
522324019920.csv,,,other,False,user,94,,,,,,
522324010161.csv,,,other,False,user,94,,,,,,
520281010081.csv,,,other,False,user,94,,,,,,
522302010007.csv,,,other,False,user,94,,,,,,
520203010088.csv,,,other,False,user,94,,,,,,
520281010142.csv,,,other,False,user,94,,,,,,
520203010131.csv,,,other,False,user,94,,,,,,
522302010069.csv,,,other,False,user,94,,,,,,
520281010261.csv,,,other,False,user,94,,,,,,
520524011033.csv,,,other,False,user,94,,,,,,
520281010122.csv,,,other,False,user,94,,,,,,
522323010055.csv,,,other,False,user,94,,,,,,
520221011016.csv,,,other,False,user,94,,,,,,
522328010026.csv,,,other,False,user,94,,,,,,
522324010146.csv,,,other,False,user,94,,,,,,
522328019915.csv,,,other,False,user,94,,,,,,
520221014042.csv,,,other,False,user,94,,,,,,
520281013080.csv,,,other,False,user,94,,,,,,
522323010032.csv,,,other,False,user,94,,,,,,
522323010075.csv,,,other,False,user,94,,,,,,
522302010011.csv,,,other,False,user,94,,,,,,
522302010005.csv,,,other,False,user,94,,,,,,
520281013061.csv,,,other,False,user,94,,,,,,
520525010234.csv,,,other,False,user,94,,,,,,
520221011076.csv,,,other,False,user,94,,,,,,
520281013081.csv,,,other,False,user,94,,,,,,
522301010053.csv,,,other,False,user,94,,,,,,
522323010077.csv,,,other,False,user,94,,,,,,
520422011040.csv,,,other,False,user,94,,,,,,
520221011112.csv,,,other,False,user,94,,,,,,
522324010080.csv,,,other,False,user,94,,,,,,
522324010159.csv,,,other,False,user,94,,,,,,
522302010149.csv,,,other,False,user,94,,,,,,
520221012061.csv,,,other,False,user,94,,,,,,
520221011019.csv,,,other,False,user,94,,,,,,
520281013048.csv,,,other,False,user,94,,,,,,
522302010001.csv,,,other,False,user,94,,,,,,
520281010071.csv,,,other,False,user,94,,,,,,
520221011052.csv,,,other,False,user,94,,,,,,
522324010165.csv,,,other,False,user,94,,,,,,
522328019903.csv,,,other,False,user,94,,,,,,
520422010015.csv,,,other,False,user,94,,,,,,
520221010049.csv,,,other,False,user,94,,,,,,
522324010126.csv,,,other,False,user,94,,,,,,
522324010124.csv,,,other,False,user,94,,,,,,
522324010151.csv,,,other,False,user,94,,,,,,
522323010045.csv,,,other,False,user,94,,,,,,
522302010053.csv,,,other,False,user,94,,,,,,
520281010409.csv,,,other,False,user,94,,,,,,
520221011053.csv,,,other,False,user,94,,,,,,
522323010026.csv,,,other,False,user,94,,,,,,
520221012003.csv,,,other,False,user,94,,,,,,
520281010146.csv,,,other,False,user,94,,,,,,
520203010071.csv,,,other,False,user,94,,,,,,
522324010067.csv,,,other,False,user,94,,,,,,
522324010122.csv,,,other,False,user,94,,,,,,
522302010075.csv,,,other,False,user,94,,,,,,
520281013059.csv,,,other,False,user,94,,,,,,
522323010054.csv,,,other,False,user,94,,,,,,
520203010130.csv,,,other,False,user,94,,,,,,
522324010048.csv,,,other,False,user,94,,,,,,
522302010136.csv,,,other,False,user,94,,,,,,
520281013072.csv,,,other,False,user,94,,,,,,
522301010051.csv,,,other,False,user,94,,,,,,
522325010209.csv,,,other,False,user,94,,,,,,
522324010158.csv,,,other,False,user,94,,,,,,
520281010138.csv,,,other,False,user,94,,,,,,
520221014050.csv,,,other,False,user,94,,,,,,
520221012008.csv,,,other,False,user,94,,,,,,
520221011109.csv,,,other,False,user,94,,,,,,
520525010175.csv,,,other,False,user,94,,,,,,
520221012062.csv,,,other,False,user,94,,,,,,
520203010123.csv,,,other,False,user,94,,,,,,
520221012030.csv,,,other,False,user,94,,,,,,
520221014039.csv,,,other,False,user,94,,,,,,
522302010150.csv,,,other,False,user,94,,,,,,
520221014073.csv,,,other,False,user,94,,,,,,
522324010044.csv,,,other,False,user,94,,,,,,
522323010068.csv,,,other,False,user,94,,,,,,
522325010253.csv,,,other,False,user,94,,,,,,
520221014068.csv,,,other,False,user,94,,,,,,
520221011028.csv,,,other,False,user,94,,,,,,
520281010271.csv,,,other,False,user,94,,,,,,
520221011038.csv,,,other,False,user,94,,,,,,
520525016172.csv,,,other,False,user,94,,,,,,
520203010015.csv,,,other,False,user,94,,,,,,
520203010135.csv,,,other,False,user,94,,,,,,
ETTh1.csv,,,hourly,False,user,17420,,,,,,
